3.0	1.0	0.0
3.0	2.0	0.0
3.0	3.0	0.0
3.0	4.0	0.0
3.0	5.0	0.0
3.0	6.0	0.0
3.0	7.0	0.0
3.0	8.0	1.0
3.0	9.0	0.0
3.0	10.0	0.0
3.0	11.0	0.0
3.0	12.0	0.0
3.0	13.0	0.0
3.0	14.0	1.0
3.0	15.0	1.0
3.0	16.0	0.0
3.0	17.0	0.0
3.0	18.0	1.0
3.0	19.0	1.0
3.0	20.0	1.0
3.0	21.0	0.0
3.0	22.0	0.0
3.0	23.0	0.0
3.0	24.0	1.0
3.0	25.0	0.0
3.0	26.0	0.0
3.0	27.0	1.0
3.0	28.0	2.0
3.0	29.0	0.0
3.0	30.0	1.0
3.0	31.0	1.0
3.0	32.0	0.0
3.0	33.0	0.0
3.0	34.0	0.0
3.0	35.0	0.0
3.0	36.0	2.0
3.0	37.0	0.0
3.0	38.0	0.0
3.0	39.0	0.0
3.0	40.0	0.0
3.0	41.0	0.0
3.0	42.0	0.0
3.0	43.0	0.0
3.0	44.0	0.0
3.0	45.0	0.0
3.0	46.0	0.0
3.0	47.0	0.0
3.0	48.0	0.0
3.0	49.0	1.0
3.0	50.0	0.0
3.0	51.0	0.0
3.0	52.0	0.0
3.0	53.0	0.0
3.0	54.0	0.0
3.0	55.0	1.0
3.0	56.0	0.0
3.0	57.0	0.0
3.0	58.0	0.0
3.0	59.0	0.0
3.0	60.0	0.0
3.0	61.0	0.0
3.0	62.0	0.0
3.0	63.0	1.0
3.0	64.0	0.0
3.0	65.0	0.0
3.0	66.0	0.0
3.0	67.0	0.0
3.0	68.0	2.0
3.0	69.0	2.0
3.0	70.0	0.0
3.0	71.0	0.0
3.0	72.0	0.0
3.0	73.0	0.0
3.0	74.0	0.0
3.0	75.0	1.0
3.0	76.0	0.0
3.0	77.0	1.0
3.0	78.0	0.0
3.0	79.0	1.0
3.0	80.0	0.0
3.0	81.0	1.0
3.0	82.0	0.0
3.0	83.0	1.0
3.0	84.0	0.0
3.0	85.0	0.0
3.0	86.0	0.0
3.0	87.0	1.0
3.0	88.0	0.0
3.0	89.0	0.0
3.0	90.0	1.0
3.0	91.0	1.0
3.0	92.0	1.0
3.0	93.0	1.0
3.0	94.0	1.0
3.0	95.0	0.0
3.0	96.0	0.0
3.0	97.0	2.0
3.0	98.0	0.0
3.0	99.0	2.0
3.0	100.0	0.0
3.0	101.0	2.0
3.0	102.0	0.0
3.0	103.0	0.0
3.0	104.0	0.0
3.0	105.0	0.0
3.0	106.0	0.0
3.0	107.0	0.0
3.0	108.0	1.0
3.0	109.0	0.0
3.0	110.0	0.0
3.0	111.0	1.0
3.0	112.0	0.0
3.0	113.0	0.0
3.0	114.0	0.0
3.0	115.0	1.0
3.0	116.0	0.0
3.0	117.0	0.0
3.0	118.0	0.0
3.0	119.0	1.0
3.0	120.0	1.0
3.0	121.0	0.0
3.0	122.0	0.0
3.0	123.0	0.0
3.0	124.0	0.0
3.0	125.0	0.0
3.0	126.0	0.0
3.0	127.0	0.0
3.0	128.0	1.0
3.0	129.0	1.0
3.0	130.0	1.0
3.0	131.0	0.0
3.0	132.0	0.0
3.0	133.0	0.0
3.0	134.0	0.0
3.0	135.0	1.0
3.0	136.0	0.0
3.0	137.0	0.0
3.0	138.0	1.0
3.0	139.0	0.0
3.0	140.0	0.0
3.0	141.0	0.0
3.0	142.0	1.0
3.0	143.0	0.0
3.0	144.0	0.0
3.0	145.0	0.0
3.0	146.0	1.0
3.0	147.0	1.0
3.0	148.0	0.0
3.0	149.0	0.0
3.0	150.0	0.0
3.0	151.0	0.0
3.0	152.0	0.0
3.0	153.0	1.0
3.0	154.0	0.0
3.0	155.0	0.0
3.0	156.0	1.0
3.0	157.0	0.0
3.0	158.0	0.0
3.0	159.0	1.0
3.0	160.0	0.0
3.0	161.0	0.0
3.0	162.0	2.0
3.0	163.0	0.0
3.0	164.0	0.0
3.0	165.0	1.0
3.0	166.0	1.0
3.0	167.0	0.0
3.0	168.0	1.0
3.0	169.0	1.0
3.0	170.0	0.0
3.0	171.0	0.0
3.0	172.0	1.0
3.0	173.0	0.0
3.0	174.0	2.0
3.0	175.0	0.0
3.0	176.0	1.0
3.0	177.0	1.0
3.0	178.0	0.0
3.0	179.0	0.0
3.0	180.0	1.0
3.0	181.0	0.0
3.0	182.0	1.0
3.0	183.0	1.0
3.0	184.0	0.0
3.0	185.0	0.0
3.0	186.0	1.0
3.0	187.0	0.0
3.0	188.0	0.0
3.0	189.0	1.0
3.0	190.0	2.0
3.0	191.0	0.0
3.0	192.0	0.0
3.0	193.0	0.0
3.0	194.0	0.0
3.0	195.0	0.0
3.0	196.0	0.0
3.0	197.0	0.0
3.0	198.0	1.0
3.0	199.0	1.0
3.0	200.0	0.0
3.0	201.0	0.0
3.0	202.0	1.0
3.0	203.0	0.0
3.0	204.0	1.0
3.0	205.0	2.0
3.0	206.0	0.0
3.0	207.0	1.0
3.0	208.0	1.0
3.0	209.0	0.0
3.0	210.0	0.0
3.0	211.0	0.0
3.0	212.0	0.0
3.0	213.0	1.0
3.0	214.0	0.0
3.0	215.0	0.0
3.0	216.0	0.0
3.0	217.0	1.0
3.0	218.0	0.0
3.0	219.0	0.0
3.0	220.0	0.0
3.0	221.0	1.0
3.0	222.0	1.0
3.0	223.0	0.0
3.0	224.0	0.0
3.0	225.0	0.0
3.0	226.0	0.0
3.0	227.0	0.0
3.0	228.0	0.0
3.0	229.0	1.0
3.0	230.0	2.0
3.0	231.0	0.0
3.0	232.0	0.0
3.0	233.0	0.0
3.0	234.0	2.0
3.0	235.0	0.0
3.0	236.0	0.0
3.0	237.0	0.0
3.0	238.0	0.0
3.0	239.0	1.0
3.0	240.0	0.0
3.0	241.0	0.0
3.0	242.0	0.0
3.0	243.0	0.0
3.0	244.0	0.0
3.0	245.0	1.0
3.0	246.0	0.0
3.0	247.0	0.0
3.0	248.0	0.0
3.0	249.0	0.0
3.0	250.0	1.0
3.0	251.0	0.0
3.0	252.0	0.0
3.0	253.0	0.0
3.0	254.0	0.0
3.0	255.0	0.0
3.0	256.0	0.0
3.0	257.0	0.0
3.0	258.0	0.0
3.0	259.0	0.0
3.0	260.0	0.0
3.0	261.0	0.0
3.0	262.0	0.0
3.0	263.0	0.0
3.0	264.0	0.0
3.0	265.0	0.0
3.0	266.0	0.0
3.0	267.0	0.0
3.0	268.0	0.0
3.0	269.0	0.0
3.0	270.0	1.0
3.0	271.0	0.0
3.0	272.0	0.0
3.0	273.0	0.0
3.0	274.0	1.0
3.0	275.0	0.0
3.0	276.0	0.0
3.0	277.0	1.0
3.0	278.0	0.0
3.0	279.0	1.0
3.0	280.0	0.0
3.0	281.0	0.0
3.0	282.0	0.0
3.0	283.0	0.0
3.0	284.0	0.0
3.0	285.0	0.0
3.0	286.0	0.0
3.0	287.0	1.0
3.0	288.0	1.0
3.0	289.0	0.0
3.0	290.0	0.0
3.0	291.0	0.0
3.0	292.0	0.0
3.0	293.0	0.0
3.0	294.0	1.0
3.0	295.0	0.0
3.0	296.0	0.0
3.0	297.0	0.0
3.0	298.0	0.0
3.0	299.0	0.0
3.0	300.0	0.0
3.0	301.0	0.0
3.0	302.0	0.0
3.0	303.0	0.0
3.0	304.0	1.0
3.0	305.0	0.0
3.0	306.0	0.0
3.0	307.0	1.0
3.0	308.0	0.0
3.0	309.0	0.0
3.0	310.0	1.0
3.0	311.0	1.0
3.0	312.0	0.0
3.0	313.0	0.0
3.0	314.0	0.0
3.0	315.0	0.0
3.0	316.0	0.0
3.0	317.0	1.0
3.0	318.0	0.0
3.0	319.0	0.0
3.0	320.0	0.0
3.0	321.0	1.0
3.0	322.0	0.0
3.0	323.0	0.0
3.0	324.0	0.0
3.0	325.0	2.0
3.0	326.0	1.0
3.0	327.0	0.0
3.0	328.0	0.0
3.0	329.0	0.0
3.0	330.0	0.0
3.0	331.0	1.0
3.0	332.0	0.0
3.0	333.0	1.0
3.0	334.0	0.0
3.0	335.0	0.0
3.0	336.0	0.0
3.0	337.0	1.0
3.0	338.0	1.0
3.0	339.0	0.0
3.0	340.0	1.0
3.0	341.0	0.0
3.0	342.0	2.0
3.0	343.0	1.0
3.0	344.0	0.0
3.0	345.0	1.0
3.0	346.0	0.0
3.0	347.0	0.0
3.0	348.0	1.0
3.0	349.0	0.0
3.0	350.0	0.0
3.0	351.0	1.0
3.0	352.0	0.0
3.0	353.0	0.0
3.0	354.0	1.0
3.0	355.0	2.0
3.0	356.0	1.0
3.0	357.0	2.0
3.0	358.0	0.0
3.0	359.0	1.0
3.0	360.0	1.0
3.0	361.0	0.0
3.0	362.0	0.0
3.0	363.0	1.0
3.0	364.0	0.0
3.0	365.0	1.0
3.0	366.0	0.0
3.0	367.0	0.0
3.0	368.0	0.0
3.0	369.0	1.0
3.0	370.0	0.0
3.0	371.0	0.0
3.0	372.0	0.0
3.0	373.0	0.0
3.0	374.0	2.0
3.0	375.0	0.0
3.0	376.0	0.0
3.0	377.0	0.0
3.0	378.0	1.0
3.0	379.0	3.0
3.0	380.0	0.0
3.0	381.0	0.0
3.0	382.0	2.0
3.0	383.0	0.0
3.0	384.0	0.0
3.0	385.0	0.0
3.0	386.0	0.0
3.0	387.0	0.0
3.0	388.0	0.0
3.0	389.0	0.0
3.0	390.0	0.0
3.0	391.0	1.0
3.0	392.0	0.0
3.0	393.0	0.0
3.0	394.0	0.0
3.0	395.0	1.0
3.0	396.0	0.0
3.0	397.0	2.0
3.0	398.0	1.0
3.0	399.0	0.0
3.0	400.0	2.0
3.0	401.0	1.0
3.0	402.0	2.0
3.0	403.0	0.0
3.0	404.0	1.0
3.0	405.0	0.0
3.0	406.0	0.0
3.0	407.0	1.0
3.0	408.0	0.0
3.0	409.0	0.0
3.0	410.0	1.0
3.0	411.0	0.0
3.0	412.0	0.0
3.0	413.0	0.0
3.0	414.0	0.0
3.0	415.0	1.0
3.0	416.0	0.0
3.0	417.0	0.0
3.0	418.0	0.0
3.0	419.0	0.0
3.0	420.0	0.0
3.0	421.0	0.0
3.0	422.0	1.0
3.0	423.0	0.0
3.0	424.0	0.0
3.0	425.0	1.0
3.0	426.0	0.0
3.0	427.0	2.0
3.0	428.0	1.0
3.0	429.0	1.0
3.0	430.0	0.0
3.0	431.0	0.0
3.0	432.0	1.0
3.0	433.0	0.0
3.0	434.0	1.0
3.0	435.0	0.0
3.0	436.0	1.0
3.0	437.0	0.0
3.0	438.0	1.0
3.0	439.0	1.0
3.0	440.0	0.0
3.0	441.0	1.0
3.0	442.0	0.0
3.0	443.0	0.0
3.0	444.0	1.0
3.0	445.0	0.0
3.0	446.0	1.0
3.0	447.0	0.0
3.0	448.0	0.0
3.0	449.0	0.0
3.0	450.0	0.0
3.0	451.0	0.0
3.0	452.0	1.0
3.0	453.0	1.0
3.0	454.0	0.0
3.0	455.0	0.0
3.0	456.0	1.0
3.0	457.0	0.0
3.0	458.0	0.0
3.0	459.0	0.0
3.0	460.0	1.0
3.0	461.0	1.0
3.0	462.0	0.0
3.0	463.0	0.0
3.0	464.0	0.0
3.0	465.0	0.0
3.0	466.0	2.0
3.0	467.0	0.0
3.0	468.0	0.0
3.0	469.0	1.0
3.0	470.0	0.0
3.0	471.0	0.0
3.0	472.0	0.0
3.0	473.0	0.0
3.0	474.0	1.0
3.0	475.0	1.0
3.0	476.0	0.0
3.0	477.0	0.0
3.0	478.0	1.0
3.0	479.0	1.0
3.0	480.0	0.0
3.0	481.0	1.0
3.0	482.0	1.0
3.0	483.0	1.0
3.0	484.0	1.0
3.0	485.0	0.0
3.0	486.0	0.0
3.0	487.0	1.0
3.0	488.0	0.0
3.0	489.0	0.0
3.0	490.0	0.0
3.0	491.0	0.0
3.0	492.0	0.0
3.0	493.0	0.0
3.0	494.0	0.0
3.0	495.0	1.0
3.0	496.0	0.0
3.0	497.0	1.0
3.0	498.0	0.0
3.0	499.0	1.0
3.0	500.0	0.0
3.0	501.0	0.0
3.0	502.0	1.0
3.0	503.0	2.0
3.0	504.0	1.0
3.0	505.0	0.0
3.0	506.0	1.0
3.0	507.0	1.0
3.0	508.0	1.0
3.0	509.0	1.0
3.0	510.0	0.0
3.0	511.0	0.0
3.0	512.0	0.0
3.0	513.0	0.0
3.0	514.0	0.0
3.0	515.0	1.0
3.0	516.0	1.0
3.0	517.0	0.0
3.0	518.0	0.0
3.0	519.0	0.0
3.0	520.0	1.0
3.0	521.0	0.0
3.0	522.0	1.0
3.0	523.0	0.0
3.0	524.0	1.0
3.0	525.0	0.0
3.0	526.0	0.0
3.0	527.0	1.0
3.0	528.0	1.0
3.0	529.0	1.0
3.0	530.0	0.0
3.0	531.0	0.0
3.0	532.0	0.0
3.0	533.0	0.0
3.0	534.0	0.0
3.0	535.0	0.0
3.0	536.0	1.0
3.0	537.0	1.0
3.0	538.0	0.0
3.0	539.0	0.0
3.0	540.0	1.0
3.0	541.0	0.0
3.0	542.0	0.0
3.0	543.0	1.0
3.0	544.0	1.0
3.0	545.0	0.0
3.0	546.0	0.0
3.0	547.0	0.0
3.0	548.0	2.0
3.0	549.0	0.0
3.0	550.0	0.0
3.0	551.0	0.0
3.0	552.0	1.0
3.0	553.0	0.0
3.0	554.0	1.0
3.0	555.0	0.0
3.0	556.0	0.0
3.0	557.0	0.0
3.0	558.0	1.0
3.0	559.0	2.0
3.0	560.0	0.0
3.0	561.0	0.0
3.0	562.0	2.0
3.0	563.0	1.0
3.0	564.0	0.0
3.0	565.0	0.0
3.0	566.0	1.0
3.0	567.0	0.0
3.0	568.0	0.0
3.0	569.0	1.0
3.0	570.0	1.0
3.0	571.0	0.0
3.0	572.0	0.0
3.0	573.0	0.0
3.0	574.0	1.0
3.0	575.0	0.0
3.0	576.0	0.0
3.0	577.0	0.0
3.0	578.0	0.0
3.0	579.0	1.0
3.0	580.0	2.0
3.0	581.0	0.0
3.0	582.0	1.0
3.0	583.0	0.0
3.0	584.0	0.0
3.0	585.0	0.0
3.0	586.0	1.0
3.0	587.0	1.0
3.0	588.0	0.0
3.0	589.0	0.0
3.0	590.0	1.0
3.0	591.0	0.0
3.0	592.0	0.0
3.0	593.0	1.0
3.0	594.0	0.0
3.0	595.0	1.0
3.0	596.0	0.0
3.0	597.0	0.0
3.0	598.0	1.0
3.0	599.0	1.0
3.0	600.0	0.0
3.0	601.0	0.0
3.0	602.0	2.0
3.0	603.0	0.0
3.0	604.0	0.0
3.0	605.0	0.0
3.0	606.0	0.0
3.0	607.0	0.0
3.0	608.0	0.0
3.0	609.0	1.0
3.0	610.0	0.0
3.0	611.0	0.0
3.0	612.0	0.0
3.0	613.0	0.0
3.0	614.0	0.0
3.0	615.0	0.0
3.0	616.0	1.0
3.0	617.0	0.0
3.0	618.0	0.0
3.0	619.0	1.0
3.0	620.0	3.0
3.0	621.0	1.0
3.0	622.0	0.0
3.0	623.0	0.0
3.0	624.0	0.0
3.0	625.0	0.0
3.0	626.0	0.0
3.0	627.0	0.0
3.0	628.0	0.0
3.0	629.0	0.0
3.0	630.0	0.0
3.0	631.0	0.0
3.0	632.0	0.0
3.0	633.0	0.0
3.0	634.0	0.0
3.0	635.0	1.0
3.0	636.0	1.0
3.0	637.0	0.0
3.0	638.0	0.0
3.0	639.0	0.0
3.0	640.0	0.0
3.0	641.0	0.0
3.0	642.0	0.0
3.0	643.0	2.0
3.0	644.0	0.0
3.0	645.0	0.0
3.0	646.0	1.0
3.0	647.0	0.0
3.0	648.0	0.0
3.0	649.0	0.0
3.0	650.0	0.0
3.0	651.0	0.0
3.0	652.0	1.0
3.0	653.0	0.0
3.0	654.0	0.0
3.0	655.0	0.0
3.0	656.0	0.0
3.0	657.0	0.0
3.0	658.0	0.0
3.0	659.0	0.0
3.0	660.0	0.0
3.0	661.0	0.0
3.0	662.0	1.0
3.0	663.0	0.0
3.0	664.0	0.0
3.0	665.0	0.0
3.0	666.0	0.0
3.0	667.0	0.0
3.0	668.0	0.0
3.0	669.0	0.0
3.0	670.0	0.0
3.0	671.0	0.0
3.0	672.0	0.0
3.0	673.0	1.0
3.0	674.0	1.0
3.0	675.0	0.0
3.0	676.0	1.0
3.0	677.0	1.0
3.0	678.0	0.0
3.0	679.0	1.0
3.0	680.0	1.0
3.0	681.0	0.0
3.0	682.0	0.0
3.0	683.0	2.0
3.0	684.0	0.0
3.0	685.0	0.0
3.0	686.0	2.0
3.0	687.0	1.0
3.0	688.0	0.0
3.0	689.0	0.0
3.0	690.0	1.0
3.0	691.0	1.0
3.0	692.0	1.0
3.0	693.0	1.0
3.0	694.0	0.0
3.0	695.0	0.0
3.0	696.0	1.0
3.0	697.0	1.0
3.0	698.0	0.0
3.0	699.0	0.0
3.0	700.0	0.0
3.0	701.0	0.0
3.0	702.0	0.0
3.0	703.0	0.0
3.0	704.0	1.0
3.0	705.0	0.0
3.0	706.0	1.0
3.0	707.0	1.0
3.0	708.0	1.0
3.0	709.0	0.0
3.0	710.0	0.0
3.0	711.0	0.0
3.0	712.0	0.0
3.0	713.0	2.0
3.0	714.0	0.0
3.0	715.0	0.0
3.0	716.0	0.0
3.0	717.0	0.0
3.0	718.0	0.0
3.0	719.0	2.0
3.0	720.0	0.0
3.0	721.0	0.0
3.0	722.0	1.0
3.0	723.0	0.0
3.0	724.0	1.0
3.0	725.0	1.0
3.0	726.0	0.0
3.0	727.0	1.0
3.0	728.0	0.0
3.0	729.0	0.0
3.0	730.0	1.0
3.0	731.0	0.0
3.0	732.0	0.0
3.0	733.0	1.0
3.0	734.0	0.0
3.0	735.0	1.0
3.0	736.0	0.0
3.0	737.0	0.0
3.0	738.0	1.0
3.0	739.0	2.0
3.0	740.0	1.0
3.0	741.0	0.0
3.0	742.0	0.0
3.0	743.0	3.0
3.0	744.0	0.0
3.0	745.0	0.0
3.0	746.0	0.0
3.0	747.0	0.0
3.0	748.0	0.0
3.0	749.0	0.0
3.0	750.0	0.0
3.0	751.0	0.0
3.0	752.0	0.0
3.0	753.0	1.0
3.0	754.0	1.0
3.0	755.0	0.0
3.0	756.0	1.0
3.0	757.0	0.0
3.0	758.0	1.0
3.0	759.0	0.0
3.0	760.0	2.0
3.0	761.0	0.0
3.0	762.0	0.0
3.0	763.0	0.0
3.0	764.0	0.0
3.0	765.0	0.0
3.0	766.0	0.0
3.0	767.0	0.0
3.0	768.0	0.0
3.0	769.0	0.0
3.0	770.0	1.0
3.0	771.0	0.0
3.0	772.0	2.0
3.0	773.0	0.0
3.0	774.0	0.0
3.0	775.0	1.0
3.0	776.0	0.0
3.0	777.0	0.0
3.0	778.0	0.0
3.0	779.0	0.0
3.0	780.0	0.0
3.0	781.0	0.0
3.0	782.0	1.0
3.0	783.0	1.0
3.0	784.0	0.0
3.0	785.0	1.0
3.0	786.0	0.0
3.0	787.0	0.0
3.0	788.0	0.0
3.0	789.0	0.0
3.0	790.0	1.0
3.0	791.0	0.0
3.0	792.0	1.0
3.0	793.0	0.0
3.0	794.0	0.0
3.0	795.0	1.0
3.0	796.0	0.0
3.0	797.0	0.0
3.0	798.0	0.0
3.0	799.0	1.0
3.0	800.0	0.0
3.0	801.0	0.0
3.0	802.0	0.0
3.0	803.0	0.0
3.0	804.0	1.0
3.0	805.0	0.0
3.0	806.0	1.0
3.0	807.0	1.0
3.0	808.0	0.0
3.0	809.0	0.0
3.0	810.0	0.0
3.0	811.0	0.0
3.0	812.0	0.0
3.0	813.0	0.0
3.0	814.0	0.0
3.0	815.0	1.0
3.0	816.0	1.0
3.0	817.0	0.0
3.0	818.0	0.0
3.0	819.0	0.0
3.0	820.0	0.0
3.0	821.0	0.0
3.0	822.0	0.0
3.0	823.0	0.0
3.0	824.0	0.0
3.0	825.0	0.0
3.0	826.0	0.0
3.0	827.0	1.0
3.0	828.0	0.0
3.0	829.0	0.0
3.0	830.0	0.0
3.0	831.0	0.0
3.0	832.0	0.0
3.0	833.0	0.0
3.0	834.0	0.0
3.0	835.0	1.0
3.0	836.0	0.0
3.0	837.0	2.0
3.0	838.0	0.0
3.0	839.0	0.0
3.0	840.0	0.0
3.0	841.0	0.0
3.0	842.0	0.0
3.0	843.0	0.0
3.0	844.0	0.0
3.0	845.0	0.0
3.0	846.0	0.0
3.0	847.0	0.0
3.0	848.0	0.0
3.0	849.0	0.0
3.0	850.0	0.0
3.0	851.0	2.0
3.0	852.0	0.0
3.0	853.0	1.0
3.0	854.0	0.0
3.0	855.0	0.0
3.0	856.0	0.0
3.0	857.0	1.0
3.0	858.0	0.0
3.0	859.0	0.0
3.0	860.0	0.0
3.0	861.0	0.0
3.0	862.0	0.0
3.0	863.0	0.0
3.0	864.0	0.0
3.0	865.0	0.0
3.0	866.0	0.0
3.0	867.0	0.0
3.0	868.0	0.0
3.0	869.0	0.0
3.0	870.0	0.0
3.0	871.0	0.0
3.0	872.0	0.0
3.0	873.0	0.0
3.0	874.0	0.0
3.0	875.0	1.0
3.0	876.0	0.0
3.0	877.0	3.0
3.0	878.0	0.0
3.0	879.0	1.0
3.0	880.0	0.0
3.0	881.0	2.0
3.0	882.0	0.0
3.0	883.0	1.0
3.0	884.0	0.0
3.0	885.0	0.0
3.0	886.0	0.0
3.0	887.0	1.0
3.0	888.0	0.0
3.0	889.0	2.0
3.0	890.0	1.0
3.0	891.0	0.0
3.0	892.0	1.0
3.0	893.0	0.0
3.0	894.0	0.0
3.0	895.0	0.0
3.0	896.0	1.0
3.0	897.0	0.0
3.0	898.0	0.0
3.0	899.0	0.0
3.0	900.0	1.0
3.0	901.0	1.0
3.0	902.0	1.0
3.0	903.0	2.0
3.0	904.0	1.0
3.0	905.0	1.0
3.0	906.0	1.0
3.0	907.0	0.0
3.0	908.0	1.0
3.0	909.0	2.0
3.0	910.0	0.0
3.0	911.0	0.0
3.0	912.0	0.0
3.0	913.0	0.0
3.0	914.0	1.0
3.0	915.0	1.0
3.0	916.0	0.0
3.0	917.0	1.0
3.0	918.0	0.0
3.0	919.0	0.0
3.0	920.0	2.0
3.0	921.0	0.0
3.0	922.0	0.0
3.0	923.0	0.0
3.0	924.0	0.0
3.0	925.0	0.0
3.0	926.0	0.0
3.0	927.0	0.0
3.0	928.0	0.0
3.0	929.0	0.0
3.0	930.0	0.0
3.0	931.0	0.0
3.0	932.0	1.0
3.0	933.0	1.0
3.0	934.0	0.0
3.0	935.0	1.0
3.0	936.0	0.0
3.0	937.0	0.0
3.0	938.0	0.0
3.0	939.0	0.0
3.0	940.0	0.0
3.0	941.0	0.0
3.0	942.0	1.0
3.0	943.0	0.0
3.0	944.0	0.0
3.0	945.0	0.0
3.0	946.0	1.0
3.0	947.0	1.0
3.0	948.0	0.0
3.0	949.0	0.0
3.0	950.0	1.0
3.0	951.0	1.0
3.0	952.0	0.0
3.0	953.0	0.0
3.0	954.0	1.0
3.0	955.0	0.0
3.0	956.0	0.0
3.0	957.0	1.0
3.0	958.0	1.0
3.0	959.0	2.0
3.0	960.0	0.0
3.0	961.0	0.0
3.0	962.0	0.0
3.0	963.0	0.0
3.0	964.0	0.0
3.0	965.0	1.0
3.0	966.0	0.0
3.0	967.0	0.0
3.0	968.0	0.0
3.0	969.0	0.0
3.0	970.0	0.0
3.0	971.0	0.0
3.0	972.0	0.0
3.0	973.0	0.0
3.0	974.0	0.0
3.0	975.0	0.0
3.0	976.0	0.0
3.0	977.0	0.0
3.0	978.0	1.0
3.0	979.0	2.0
3.0	980.0	0.0
3.0	981.0	1.0
3.0	982.0	1.0
3.0	983.0	1.0
3.0	984.0	1.0
3.0	985.0	1.0
3.0	986.0	0.0
3.0	987.0	1.0
3.0	988.0	0.0
3.0	989.0	0.0
3.0	990.0	1.0
3.0	991.0	0.0
3.0	992.0	0.0
3.0	993.0	1.0
3.0	994.0	0.0
3.0	995.0	0.0
3.0	996.0	0.0
3.0	997.0	1.0
3.0	998.0	1.0
3.0	999.0	0.0
3.0	1000.0	0.0
4.0	1.0	0.0
4.0	2.0	2.0
4.0	3.0	0.0
4.0	4.0	0.0
4.0	5.0	0.0
4.0	6.0	0.0
4.0	7.0	1.0
4.0	8.0	0.0
4.0	9.0	0.0
4.0	10.0	1.0
4.0	11.0	0.0
4.0	12.0	0.0
4.0	13.0	0.0
4.0	14.0	2.0
4.0	15.0	0.0
4.0	16.0	0.0
4.0	17.0	0.0
4.0	18.0	0.0
4.0	19.0	0.0
4.0	20.0	0.0
4.0	21.0	0.0
4.0	22.0	0.0
4.0	23.0	0.0
4.0	24.0	0.0
4.0	25.0	1.0
4.0	26.0	0.0
4.0	27.0	0.0
4.0	28.0	0.0
4.0	29.0	0.0
4.0	30.0	0.0
4.0	31.0	1.0
4.0	32.0	0.0
4.0	33.0	0.0
4.0	34.0	1.0
4.0	35.0	2.0
4.0	36.0	0.0
4.0	37.0	0.0
4.0	38.0	0.0
4.0	39.0	0.0
4.0	40.0	0.0
4.0	41.0	0.0
4.0	42.0	0.0
4.0	43.0	2.0
4.0	44.0	0.0
4.0	45.0	0.0
4.0	46.0	0.0
4.0	47.0	0.0
4.0	48.0	0.0
4.0	49.0	1.0
4.0	50.0	0.0
4.0	51.0	0.0
4.0	52.0	0.0
4.0	53.0	0.0
4.0	54.0	1.0
4.0	55.0	0.0
4.0	56.0	0.0
4.0	57.0	0.0
4.0	58.0	0.0
4.0	59.0	1.0
4.0	60.0	0.0
4.0	61.0	1.0
4.0	62.0	1.0
4.0	63.0	0.0
4.0	64.0	0.0
4.0	65.0	1.0
4.0	66.0	2.0
4.0	67.0	0.0
4.0	68.0	0.0
4.0	69.0	1.0
4.0	70.0	1.0
4.0	71.0	0.0
4.0	72.0	0.0
4.0	73.0	0.0
4.0	74.0	1.0
4.0	75.0	0.0
4.0	76.0	0.0
4.0	77.0	0.0
4.0	78.0	2.0
4.0	79.0	0.0
4.0	80.0	0.0
4.0	81.0	0.0
4.0	82.0	0.0
4.0	83.0	0.0
4.0	84.0	0.0
4.0	85.0	0.0
4.0	86.0	0.0
4.0	87.0	0.0
4.0	88.0	1.0
4.0	89.0	0.0
4.0	90.0	0.0
4.0	91.0	0.0
4.0	92.0	0.0
4.0	93.0	0.0
4.0	94.0	0.0
4.0	95.0	0.0
4.0	96.0	0.0
4.0	97.0	0.0
4.0	98.0	0.0
4.0	99.0	1.0
4.0	100.0	0.0
4.0	101.0	0.0
4.0	102.0	0.0
4.0	103.0	0.0
4.0	104.0	1.0
4.0	105.0	0.0
4.0	106.0	0.0
4.0	107.0	0.0
4.0	108.0	0.0
4.0	109.0	0.0
4.0	110.0	1.0
4.0	111.0	0.0
4.0	112.0	0.0
4.0	113.0	0.0
4.0	114.0	0.0
4.0	115.0	0.0
4.0	116.0	0.0
4.0	117.0	0.0
4.0	118.0	1.0
4.0	119.0	2.0
4.0	120.0	0.0
4.0	121.0	0.0
4.0	122.0	0.0
4.0	123.0	1.0
4.0	124.0	0.0
4.0	125.0	0.0
4.0	126.0	0.0
4.0	127.0	1.0
4.0	128.0	0.0
4.0	129.0	0.0
4.0	130.0	0.0
4.0	131.0	0.0
4.0	132.0	0.0
4.0	133.0	0.0
4.0	134.0	0.0
4.0	135.0	0.0
4.0	136.0	0.0
4.0	137.0	0.0
4.0	138.0	0.0
4.0	139.0	0.0
4.0	140.0	0.0
4.0	141.0	0.0
4.0	142.0	1.0
4.0	143.0	0.0
4.0	144.0	0.0
4.0	145.0	2.0
4.0	146.0	0.0
4.0	147.0	0.0
4.0	148.0	0.0
4.0	149.0	0.0
4.0	150.0	0.0
4.0	151.0	2.0
4.0	152.0	1.0
4.0	153.0	0.0
4.0	154.0	0.0
4.0	155.0	0.0
4.0	156.0	0.0
4.0	157.0	0.0
4.0	158.0	0.0
4.0	159.0	0.0
4.0	160.0	0.0
4.0	161.0	0.0
4.0	162.0	0.0
4.0	163.0	0.0
4.0	164.0	0.0
4.0	165.0	0.0
4.0	166.0	0.0
4.0	167.0	0.0
4.0	168.0	0.0
4.0	169.0	0.0
4.0	170.0	1.0
4.0	171.0	0.0
4.0	172.0	0.0
4.0	173.0	0.0
4.0	174.0	0.0
4.0	175.0	0.0
4.0	176.0	0.0
4.0	177.0	1.0
4.0	178.0	0.0
4.0	179.0	0.0
4.0	180.0	0.0
4.0	181.0	0.0
4.0	182.0	1.0
4.0	183.0	1.0
4.0	184.0	0.0
4.0	185.0	0.0
4.0	186.0	0.0
4.0	187.0	1.0
4.0	188.0	1.0
4.0	189.0	1.0
4.0	190.0	0.0
4.0	191.0	0.0
4.0	192.0	1.0
4.0	193.0	0.0
4.0	194.0	1.0
4.0	195.0	0.0
4.0	196.0	0.0
4.0	197.0	0.0
4.0	198.0	0.0
4.0	199.0	1.0
4.0	200.0	1.0
4.0	201.0	0.0
4.0	202.0	0.0
4.0	203.0	0.0
4.0	204.0	0.0
4.0	205.0	1.0
4.0	206.0	0.0
4.0	207.0	0.0
4.0	208.0	0.0
4.0	209.0	2.0
4.0	210.0	1.0
4.0	211.0	0.0
4.0	212.0	0.0
4.0	213.0	0.0
4.0	214.0	0.0
4.0	215.0	0.0
4.0	216.0	2.0
4.0	217.0	0.0
4.0	218.0	0.0
4.0	219.0	1.0
4.0	220.0	0.0
4.0	221.0	0.0
4.0	222.0	0.0
4.0	223.0	0.0
4.0	224.0	0.0
4.0	225.0	1.0
4.0	226.0	0.0
4.0	227.0	2.0
4.0	228.0	0.0
4.0	229.0	1.0
4.0	230.0	2.0
4.0	231.0	0.0
4.0	232.0	1.0
4.0	233.0	2.0
4.0	234.0	0.0
4.0	235.0	0.0
4.0	236.0	1.0
4.0	237.0	0.0
4.0	238.0	0.0
4.0	239.0	0.0
4.0	240.0	0.0
4.0	241.0	0.0
4.0	242.0	0.0
4.0	243.0	0.0
4.0	244.0	0.0
4.0	245.0	1.0
4.0	246.0	1.0
4.0	247.0	0.0
4.0	248.0	0.0
4.0	249.0	0.0
4.0	250.0	0.0
4.0	251.0	0.0
4.0	252.0	0.0
4.0	253.0	0.0
4.0	254.0	1.0
4.0	255.0	0.0
4.0	256.0	0.0
4.0	257.0	1.0
4.0	258.0	1.0
4.0	259.0	0.0
4.0	260.0	0.0
4.0	261.0	0.0
4.0	262.0	0.0
4.0	263.0	1.0
4.0	264.0	0.0
4.0	265.0	0.0
4.0	266.0	1.0
4.0	267.0	0.0
4.0	268.0	0.0
4.0	269.0	0.0
4.0	270.0	0.0
4.0	271.0	0.0
4.0	272.0	0.0
4.0	273.0	1.0
4.0	274.0	0.0
4.0	275.0	0.0
4.0	276.0	0.0
4.0	277.0	0.0
4.0	278.0	0.0
4.0	279.0	0.0
4.0	280.0	0.0
4.0	281.0	1.0
4.0	282.0	1.0
4.0	283.0	0.0
4.0	284.0	0.0
4.0	285.0	2.0
4.0	286.0	0.0
4.0	287.0	0.0
4.0	288.0	0.0
4.0	289.0	0.0
4.0	290.0	0.0
4.0	291.0	1.0
4.0	292.0	0.0
4.0	293.0	0.0
4.0	294.0	1.0
4.0	295.0	0.0
4.0	296.0	0.0
4.0	297.0	0.0
4.0	298.0	0.0
4.0	299.0	0.0
4.0	300.0	0.0
4.0	301.0	0.0
4.0	302.0	0.0
4.0	303.0	0.0
4.0	304.0	0.0
4.0	305.0	0.0
4.0	306.0	0.0
4.0	307.0	1.0
4.0	308.0	0.0
4.0	309.0	0.0
4.0	310.0	0.0
4.0	311.0	0.0
4.0	312.0	0.0
4.0	313.0	0.0
4.0	314.0	0.0
4.0	315.0	1.0
4.0	316.0	0.0
4.0	317.0	0.0
4.0	318.0	1.0
4.0	319.0	0.0
4.0	320.0	0.0
4.0	321.0	0.0
4.0	322.0	1.0
4.0	323.0	0.0
4.0	324.0	1.0
4.0	325.0	0.0
4.0	326.0	3.0
4.0	327.0	0.0
4.0	328.0	0.0
4.0	329.0	0.0
4.0	330.0	0.0
4.0	331.0	0.0
4.0	332.0	0.0
4.0	333.0	0.0
4.0	334.0	0.0
4.0	335.0	0.0
4.0	336.0	0.0
4.0	337.0	0.0
4.0	338.0	0.0
4.0	339.0	1.0
4.0	340.0	0.0
4.0	341.0	1.0
4.0	342.0	0.0
4.0	343.0	0.0
4.0	344.0	0.0
4.0	345.0	0.0
4.0	346.0	0.0
4.0	347.0	0.0
4.0	348.0	0.0
4.0	349.0	1.0
4.0	350.0	0.0
4.0	351.0	0.0
4.0	352.0	0.0
4.0	353.0	0.0
4.0	354.0	1.0
4.0	355.0	0.0
4.0	356.0	1.0
4.0	357.0	2.0
4.0	358.0	0.0
4.0	359.0	0.0
4.0	360.0	0.0
4.0	361.0	0.0
4.0	362.0	0.0
4.0	363.0	0.0
4.0	364.0	0.0
4.0	365.0	1.0
4.0	366.0	0.0
4.0	367.0	0.0
4.0	368.0	0.0
4.0	369.0	0.0
4.0	370.0	1.0
4.0	371.0	0.0
4.0	372.0	0.0
4.0	373.0	0.0
4.0	374.0	0.0
4.0	375.0	0.0
4.0	376.0	0.0
4.0	377.0	0.0
4.0	378.0	0.0
4.0	379.0	0.0
4.0	380.0	1.0
4.0	381.0	0.0
4.0	382.0	0.0
4.0	383.0	0.0
4.0	384.0	0.0
4.0	385.0	0.0
4.0	386.0	0.0
4.0	387.0	0.0
4.0	388.0	0.0
4.0	389.0	0.0
4.0	390.0	0.0
4.0	391.0	0.0
4.0	392.0	0.0
4.0	393.0	0.0
4.0	394.0	0.0
4.0	395.0	1.0
4.0	396.0	0.0
4.0	397.0	0.0
4.0	398.0	0.0
4.0	399.0	0.0
4.0	400.0	2.0
4.0	401.0	0.0
4.0	402.0	0.0
4.0	403.0	0.0
4.0	404.0	0.0
4.0	405.0	0.0
4.0	406.0	0.0
4.0	407.0	0.0
4.0	408.0	0.0
4.0	409.0	0.0
4.0	410.0	0.0
4.0	411.0	0.0
4.0	412.0	0.0
4.0	413.0	0.0
4.0	414.0	0.0
4.0	415.0	0.0
4.0	416.0	0.0
4.0	417.0	0.0
4.0	418.0	0.0
4.0	419.0	1.0
4.0	420.0	0.0
4.0	421.0	0.0
4.0	422.0	0.0
4.0	423.0	0.0
4.0	424.0	0.0
4.0	425.0	0.0
4.0	426.0	0.0
4.0	427.0	0.0
4.0	428.0	0.0
4.0	429.0	0.0
4.0	430.0	0.0
4.0	431.0	0.0
4.0	432.0	2.0
4.0	433.0	0.0
4.0	434.0	0.0
4.0	435.0	0.0
4.0	436.0	0.0
4.0	437.0	1.0
4.0	438.0	1.0
4.0	439.0	0.0
4.0	440.0	0.0
4.0	441.0	0.0
4.0	442.0	1.0
4.0	443.0	0.0
4.0	444.0	1.0
4.0	445.0	1.0
4.0	446.0	0.0
4.0	447.0	0.0
4.0	448.0	0.0
4.0	449.0	1.0
4.0	450.0	0.0
4.0	451.0	0.0
4.0	452.0	0.0
4.0	453.0	0.0
4.0	454.0	0.0
4.0	455.0	0.0
4.0	456.0	0.0
4.0	457.0	0.0
4.0	458.0	0.0
4.0	459.0	0.0
4.0	460.0	0.0
4.0	461.0	0.0
4.0	462.0	0.0
4.0	463.0	0.0
4.0	464.0	0.0
4.0	465.0	0.0
4.0	466.0	2.0
4.0	467.0	1.0
4.0	468.0	1.0
4.0	469.0	1.0
4.0	470.0	0.0
4.0	471.0	0.0
4.0	472.0	2.0
4.0	473.0	0.0
4.0	474.0	0.0
4.0	475.0	2.0
4.0	476.0	0.0
4.0	477.0	0.0
4.0	478.0	0.0
4.0	479.0	0.0
4.0	480.0	0.0
4.0	481.0	1.0
4.0	482.0	0.0
4.0	483.0	2.0
4.0	484.0	1.0
4.0	485.0	1.0
4.0	486.0	0.0
4.0	487.0	0.0
4.0	488.0	1.0
4.0	489.0	0.0
4.0	490.0	1.0
4.0	491.0	0.0
4.0	492.0	0.0
4.0	493.0	0.0
4.0	494.0	0.0
4.0	495.0	0.0
4.0	496.0	2.0
4.0	497.0	0.0
4.0	498.0	0.0
4.0	499.0	0.0
4.0	500.0	0.0
4.0	501.0	0.0
4.0	502.0	0.0
4.0	503.0	0.0
4.0	504.0	0.0
4.0	505.0	0.0
4.0	506.0	1.0
4.0	507.0	0.0
4.0	508.0	0.0
4.0	509.0	0.0
4.0	510.0	1.0
4.0	511.0	0.0
4.0	512.0	0.0
4.0	513.0	0.0
4.0	514.0	0.0
4.0	515.0	0.0
4.0	516.0	0.0
4.0	517.0	0.0
4.0	518.0	0.0
4.0	519.0	0.0
4.0	520.0	0.0
4.0	521.0	2.0
4.0	522.0	1.0
4.0	523.0	2.0
4.0	524.0	0.0
4.0	525.0	0.0
4.0	526.0	0.0
4.0	527.0	0.0
4.0	528.0	0.0
4.0	529.0	1.0
4.0	530.0	1.0
4.0	531.0	0.0
4.0	532.0	0.0
4.0	533.0	0.0
4.0	534.0	0.0
4.0	535.0	0.0
4.0	536.0	0.0
4.0	537.0	0.0
4.0	538.0	0.0
4.0	539.0	0.0
4.0	540.0	0.0
4.0	541.0	0.0
4.0	542.0	0.0
4.0	543.0	0.0
4.0	544.0	0.0
4.0	545.0	3.0
4.0	546.0	0.0
4.0	547.0	0.0
4.0	548.0	0.0
4.0	549.0	2.0
4.0	550.0	0.0
4.0	551.0	1.0
4.0	552.0	0.0
4.0	553.0	1.0
4.0	554.0	0.0
4.0	555.0	2.0
4.0	556.0	1.0
4.0	557.0	0.0
4.0	558.0	0.0
4.0	559.0	0.0
4.0	560.0	0.0
4.0	561.0	1.0
4.0	562.0	0.0
4.0	563.0	1.0
4.0	564.0	0.0
4.0	565.0	0.0
4.0	566.0	1.0
4.0	567.0	0.0
4.0	568.0	0.0
4.0	569.0	0.0
4.0	570.0	0.0
4.0	571.0	0.0
4.0	572.0	2.0
4.0	573.0	1.0
4.0	574.0	0.0
4.0	575.0	0.0
4.0	576.0	0.0
4.0	577.0	0.0
4.0	578.0	0.0
4.0	579.0	0.0
4.0	580.0	0.0
4.0	581.0	0.0
4.0	582.0	0.0
4.0	583.0	0.0
4.0	584.0	1.0
4.0	585.0	1.0
4.0	586.0	0.0
4.0	587.0	0.0
4.0	588.0	1.0
4.0	589.0	0.0
4.0	590.0	1.0
4.0	591.0	0.0
4.0	592.0	0.0
4.0	593.0	0.0
4.0	594.0	0.0
4.0	595.0	0.0
4.0	596.0	1.0
4.0	597.0	0.0
4.0	598.0	1.0
4.0	599.0	0.0
4.0	600.0	0.0
4.0	601.0	0.0
4.0	602.0	0.0
4.0	603.0	1.0
4.0	604.0	0.0
4.0	605.0	0.0
4.0	606.0	0.0
4.0	607.0	0.0
4.0	608.0	2.0
4.0	609.0	0.0
4.0	610.0	0.0
4.0	611.0	1.0
4.0	612.0	0.0
4.0	613.0	1.0
4.0	614.0	0.0
4.0	615.0	0.0
4.0	616.0	0.0
4.0	617.0	0.0
4.0	618.0	1.0
4.0	619.0	0.0
4.0	620.0	0.0
4.0	621.0	0.0
4.0	622.0	0.0
4.0	623.0	0.0
4.0	624.0	1.0
4.0	625.0	0.0
4.0	626.0	1.0
4.0	627.0	0.0
4.0	628.0	0.0
4.0	629.0	0.0
4.0	630.0	0.0
4.0	631.0	0.0
4.0	632.0	0.0
4.0	633.0	1.0
4.0	634.0	0.0
4.0	635.0	0.0
4.0	636.0	0.0
4.0	637.0	0.0
4.0	638.0	0.0
4.0	639.0	0.0
4.0	640.0	0.0
4.0	641.0	0.0
4.0	642.0	0.0
4.0	643.0	0.0
4.0	644.0	0.0
4.0	645.0	0.0
4.0	646.0	1.0
4.0	647.0	1.0
4.0	648.0	0.0
4.0	649.0	0.0
4.0	650.0	0.0
4.0	651.0	0.0
4.0	652.0	0.0
4.0	653.0	1.0
4.0	654.0	0.0
4.0	655.0	0.0
4.0	656.0	1.0
4.0	657.0	0.0
4.0	658.0	0.0
4.0	659.0	1.0
4.0	660.0	0.0
4.0	661.0	0.0
4.0	662.0	1.0
4.0	663.0	2.0
4.0	664.0	0.0
4.0	665.0	0.0
4.0	666.0	0.0
4.0	667.0	0.0
4.0	668.0	0.0
4.0	669.0	0.0
4.0	670.0	0.0
4.0	671.0	0.0
4.0	672.0	0.0
4.0	673.0	0.0
4.0	674.0	0.0
4.0	675.0	0.0
4.0	676.0	0.0
4.0	677.0	0.0
4.0	678.0	1.0
4.0	679.0	0.0
4.0	680.0	0.0
4.0	681.0	0.0
4.0	682.0	1.0
4.0	683.0	1.0
4.0	684.0	0.0
4.0	685.0	0.0
4.0	686.0	0.0
4.0	687.0	1.0
4.0	688.0	0.0
4.0	689.0	0.0
4.0	690.0	0.0
4.0	691.0	0.0
4.0	692.0	0.0
4.0	693.0	0.0
4.0	694.0	0.0
4.0	695.0	0.0
4.0	696.0	0.0
4.0	697.0	1.0
4.0	698.0	0.0
4.0	699.0	0.0
4.0	700.0	0.0
4.0	701.0	0.0
4.0	702.0	0.0
4.0	703.0	0.0
4.0	704.0	0.0
4.0	705.0	0.0
4.0	706.0	0.0
4.0	707.0	0.0
4.0	708.0	0.0
4.0	709.0	0.0
4.0	710.0	0.0
4.0	711.0	0.0
4.0	712.0	0.0
4.0	713.0	1.0
4.0	714.0	0.0
4.0	715.0	2.0
4.0	716.0	0.0
4.0	717.0	0.0
4.0	718.0	0.0
4.0	719.0	0.0
4.0	720.0	0.0
4.0	721.0	1.0
4.0	722.0	0.0
4.0	723.0	0.0
4.0	724.0	1.0
4.0	725.0	0.0
4.0	726.0	0.0
4.0	727.0	0.0
4.0	728.0	0.0
4.0	729.0	0.0
4.0	730.0	0.0
4.0	731.0	0.0
4.0	732.0	0.0
4.0	733.0	0.0
4.0	734.0	0.0
4.0	735.0	0.0
4.0	736.0	0.0
4.0	737.0	0.0
4.0	738.0	0.0
4.0	739.0	0.0
4.0	740.0	0.0
4.0	741.0	0.0
4.0	742.0	0.0
4.0	743.0	0.0
4.0	744.0	1.0
4.0	745.0	0.0
4.0	746.0	0.0
4.0	747.0	1.0
4.0	748.0	0.0
4.0	749.0	0.0
4.0	750.0	0.0
4.0	751.0	0.0
4.0	752.0	0.0
4.0	753.0	0.0
4.0	754.0	1.0
4.0	755.0	0.0
4.0	756.0	0.0
4.0	757.0	0.0
4.0	758.0	1.0
4.0	759.0	0.0
4.0	760.0	0.0
4.0	761.0	0.0
4.0	762.0	0.0
4.0	763.0	0.0
4.0	764.0	1.0
4.0	765.0	0.0
4.0	766.0	0.0
4.0	767.0	0.0
4.0	768.0	0.0
4.0	769.0	0.0
4.0	770.0	0.0
4.0	771.0	0.0
4.0	772.0	1.0
4.0	773.0	0.0
4.0	774.0	0.0
4.0	775.0	1.0
4.0	776.0	0.0
4.0	777.0	1.0
4.0	778.0	0.0
4.0	779.0	0.0
4.0	780.0	0.0
4.0	781.0	0.0
4.0	782.0	0.0
4.0	783.0	0.0
4.0	784.0	0.0
4.0	785.0	1.0
4.0	786.0	0.0
4.0	787.0	1.0
4.0	788.0	0.0
4.0	789.0	0.0
4.0	790.0	0.0
4.0	791.0	0.0
4.0	792.0	0.0
4.0	793.0	0.0
4.0	794.0	0.0
4.0	795.0	0.0
4.0	796.0	0.0
4.0	797.0	0.0
4.0	798.0	0.0
4.0	799.0	0.0
4.0	800.0	0.0
4.0	801.0	0.0
4.0	802.0	2.0
4.0	803.0	1.0
4.0	804.0	0.0
4.0	805.0	0.0
4.0	806.0	0.0
4.0	807.0	0.0
4.0	808.0	0.0
4.0	809.0	0.0
4.0	810.0	0.0
4.0	811.0	1.0
4.0	812.0	0.0
4.0	813.0	0.0
4.0	814.0	1.0
4.0	815.0	0.0
4.0	816.0	3.0
4.0	817.0	0.0
4.0	818.0	0.0
4.0	819.0	1.0
4.0	820.0	1.0
4.0	821.0	0.0
4.0	822.0	0.0
4.0	823.0	0.0
4.0	824.0	0.0
4.0	825.0	0.0
4.0	826.0	0.0
4.0	827.0	0.0
4.0	828.0	0.0
4.0	829.0	1.0
4.0	830.0	0.0
4.0	831.0	0.0
4.0	832.0	0.0
4.0	833.0	0.0
4.0	834.0	0.0
4.0	835.0	0.0
4.0	836.0	0.0
4.0	837.0	0.0
4.0	838.0	0.0
4.0	839.0	1.0
4.0	840.0	0.0
4.0	841.0	0.0
4.0	842.0	1.0
4.0	843.0	0.0
4.0	844.0	0.0
4.0	845.0	0.0
4.0	846.0	0.0
4.0	847.0	1.0
4.0	848.0	0.0
4.0	849.0	2.0
4.0	850.0	0.0
4.0	851.0	0.0
4.0	852.0	0.0
4.0	853.0	0.0
4.0	854.0	0.0
4.0	855.0	0.0
4.0	856.0	0.0
4.0	857.0	0.0
4.0	858.0	0.0
4.0	859.0	0.0
4.0	860.0	0.0
4.0	861.0	0.0
4.0	862.0	0.0
4.0	863.0	0.0
4.0	864.0	0.0
4.0	865.0	0.0
4.0	866.0	1.0
4.0	867.0	0.0
4.0	868.0	0.0
4.0	869.0	0.0
4.0	870.0	0.0
4.0	871.0	2.0
4.0	872.0	0.0
4.0	873.0	0.0
4.0	874.0	0.0
4.0	875.0	1.0
4.0	876.0	1.0
4.0	877.0	0.0
4.0	878.0	0.0
4.0	879.0	0.0
4.0	880.0	2.0
4.0	881.0	0.0
4.0	882.0	0.0
4.0	883.0	1.0
4.0	884.0	1.0
4.0	885.0	1.0
4.0	886.0	0.0
4.0	887.0	1.0
4.0	888.0	1.0
4.0	889.0	0.0
4.0	890.0	0.0
4.0	891.0	0.0
4.0	892.0	0.0
4.0	893.0	0.0
4.0	894.0	0.0
4.0	895.0	0.0
4.0	896.0	1.0
4.0	897.0	0.0
4.0	898.0	0.0
4.0	899.0	0.0
4.0	900.0	0.0
4.0	901.0	1.0
4.0	902.0	1.0
4.0	903.0	0.0
4.0	904.0	0.0
4.0	905.0	1.0
4.0	906.0	0.0
4.0	907.0	0.0
4.0	908.0	0.0
4.0	909.0	0.0
4.0	910.0	0.0
4.0	911.0	0.0
4.0	912.0	0.0
4.0	913.0	0.0
4.0	914.0	0.0
4.0	915.0	0.0
4.0	916.0	0.0
4.0	917.0	0.0
4.0	918.0	0.0
4.0	919.0	0.0
4.0	920.0	0.0
4.0	921.0	0.0
4.0	922.0	1.0
4.0	923.0	0.0
4.0	924.0	0.0
4.0	925.0	0.0
4.0	926.0	0.0
4.0	927.0	1.0
4.0	928.0	0.0
4.0	929.0	0.0
4.0	930.0	0.0
4.0	931.0	0.0
4.0	932.0	0.0
4.0	933.0	0.0
4.0	934.0	0.0
4.0	935.0	0.0
4.0	936.0	0.0
4.0	937.0	1.0
4.0	938.0	0.0
4.0	939.0	0.0
4.0	940.0	1.0
4.0	941.0	0.0
4.0	942.0	0.0
4.0	943.0	0.0
4.0	944.0	0.0
4.0	945.0	0.0
4.0	946.0	0.0
4.0	947.0	0.0
4.0	948.0	0.0
4.0	949.0	0.0
4.0	950.0	0.0
4.0	951.0	0.0
4.0	952.0	0.0
4.0	953.0	0.0
4.0	954.0	0.0
4.0	955.0	0.0
4.0	956.0	0.0
4.0	957.0	1.0
4.0	958.0	1.0
4.0	959.0	0.0
4.0	960.0	0.0
4.0	961.0	1.0
4.0	962.0	0.0
4.0	963.0	0.0
4.0	964.0	1.0
4.0	965.0	1.0
4.0	966.0	0.0
4.0	967.0	0.0
4.0	968.0	1.0
4.0	969.0	1.0
4.0	970.0	0.0
4.0	971.0	1.0
4.0	972.0	1.0
4.0	973.0	0.0
4.0	974.0	0.0
4.0	975.0	0.0
4.0	976.0	0.0
4.0	977.0	0.0
4.0	978.0	0.0
4.0	979.0	0.0
4.0	980.0	0.0
4.0	981.0	0.0
4.0	982.0	0.0
4.0	983.0	0.0
4.0	984.0	2.0
4.0	985.0	0.0
4.0	986.0	0.0
4.0	987.0	0.0
4.0	988.0	0.0
4.0	989.0	0.0
4.0	990.0	1.0
4.0	991.0	2.0
4.0	992.0	0.0
4.0	993.0	0.0
4.0	994.0	0.0
4.0	995.0	0.0
4.0	996.0	0.0
4.0	997.0	0.0
4.0	998.0	0.0
4.0	999.0	0.0
4.0	1000.0	0.0
5.0	1.0	0.0
5.0	2.0	0.0
5.0	3.0	0.0
5.0	4.0	0.0
5.0	5.0	0.0
5.0	6.0	1.0
5.0	7.0	0.0
5.0	8.0	0.0
5.0	9.0	0.0
5.0	10.0	0.0
5.0	11.0	0.0
5.0	12.0	1.0
5.0	13.0	0.0
5.0	14.0	0.0
5.0	15.0	0.0
5.0	16.0	0.0
5.0	17.0	1.0
5.0	18.0	0.0
5.0	19.0	0.0
5.0	20.0	0.0
5.0	21.0	0.0
5.0	22.0	0.0
5.0	23.0	0.0
5.0	24.0	0.0
5.0	25.0	1.0
5.0	26.0	1.0
5.0	27.0	0.0
5.0	28.0	0.0
5.0	29.0	0.0
5.0	30.0	0.0
5.0	31.0	0.0
5.0	32.0	0.0
5.0	33.0	0.0
5.0	34.0	0.0
5.0	35.0	0.0
5.0	36.0	0.0
5.0	37.0	1.0
5.0	38.0	0.0
5.0	39.0	0.0
5.0	40.0	0.0
5.0	41.0	1.0
5.0	42.0	1.0
5.0	43.0	0.0
5.0	44.0	2.0
5.0	45.0	0.0
5.0	46.0	0.0
5.0	47.0	0.0
5.0	48.0	0.0
5.0	49.0	0.0
5.0	50.0	0.0
5.0	51.0	0.0
5.0	52.0	0.0
5.0	53.0	0.0
5.0	54.0	0.0
5.0	55.0	0.0
5.0	56.0	0.0
5.0	57.0	0.0
5.0	58.0	0.0
5.0	59.0	0.0
5.0	60.0	0.0
5.0	61.0	0.0
5.0	62.0	0.0
5.0	63.0	0.0
5.0	64.0	0.0
5.0	65.0	0.0
5.0	66.0	0.0
5.0	67.0	0.0
5.0	68.0	0.0
5.0	69.0	0.0
5.0	70.0	0.0
5.0	71.0	0.0
5.0	72.0	0.0
5.0	73.0	0.0
5.0	74.0	0.0
5.0	75.0	1.0
5.0	76.0	0.0
5.0	77.0	0.0
5.0	78.0	0.0
5.0	79.0	0.0
5.0	80.0	0.0
5.0	81.0	0.0
5.0	82.0	0.0
5.0	83.0	0.0
5.0	84.0	0.0
5.0	85.0	0.0
5.0	86.0	0.0
5.0	87.0	0.0
5.0	88.0	0.0
5.0	89.0	0.0
5.0	90.0	2.0
5.0	91.0	2.0
5.0	92.0	1.0
5.0	93.0	0.0
5.0	94.0	0.0
5.0	95.0	0.0
5.0	96.0	0.0
5.0	97.0	2.0
5.0	98.0	0.0
5.0	99.0	0.0
5.0	100.0	0.0
5.0	101.0	0.0
5.0	102.0	0.0
5.0	103.0	0.0
5.0	104.0	2.0
5.0	105.0	0.0
5.0	106.0	0.0
5.0	107.0	0.0
5.0	108.0	0.0
5.0	109.0	0.0
5.0	110.0	0.0
5.0	111.0	0.0
5.0	112.0	0.0
5.0	113.0	0.0
5.0	114.0	0.0
5.0	115.0	0.0
5.0	116.0	0.0
5.0	117.0	0.0
5.0	118.0	0.0
5.0	119.0	0.0
5.0	120.0	0.0
5.0	121.0	2.0
5.0	122.0	0.0
5.0	123.0	1.0
5.0	124.0	0.0
5.0	125.0	0.0
5.0	126.0	3.0
5.0	127.0	0.0
5.0	128.0	0.0
5.0	129.0	0.0
5.0	130.0	1.0
5.0	131.0	0.0
5.0	132.0	0.0
5.0	133.0	1.0
5.0	134.0	0.0
5.0	135.0	0.0
5.0	136.0	0.0
5.0	137.0	0.0
5.0	138.0	1.0
5.0	139.0	0.0
5.0	140.0	0.0
5.0	141.0	0.0
5.0	142.0	0.0
5.0	143.0	0.0
5.0	144.0	0.0
5.0	145.0	0.0
5.0	146.0	1.0
5.0	147.0	1.0
5.0	148.0	0.0
5.0	149.0	0.0
5.0	150.0	1.0
5.0	151.0	0.0
5.0	152.0	2.0
5.0	153.0	0.0
5.0	154.0	0.0
5.0	155.0	0.0
5.0	156.0	0.0
5.0	157.0	0.0
5.0	158.0	0.0
5.0	159.0	0.0
5.0	160.0	0.0
5.0	161.0	0.0
5.0	162.0	0.0
5.0	163.0	0.0
5.0	164.0	0.0
5.0	165.0	0.0
5.0	166.0	0.0
5.0	167.0	1.0
5.0	168.0	0.0
5.0	169.0	0.0
5.0	170.0	0.0
5.0	171.0	0.0
5.0	172.0	0.0
5.0	173.0	0.0
5.0	174.0	0.0
5.0	175.0	0.0
5.0	176.0	0.0
5.0	177.0	0.0
5.0	178.0	1.0
5.0	179.0	0.0
5.0	180.0	1.0
5.0	181.0	0.0
5.0	182.0	0.0
5.0	183.0	0.0
5.0	184.0	0.0
5.0	185.0	0.0
5.0	186.0	2.0
5.0	187.0	0.0
5.0	188.0	0.0
5.0	189.0	2.0
5.0	190.0	0.0
5.0	191.0	0.0
5.0	192.0	1.0
5.0	193.0	0.0
5.0	194.0	0.0
5.0	195.0	0.0
5.0	196.0	1.0
5.0	197.0	0.0
5.0	198.0	0.0
5.0	199.0	0.0
5.0	200.0	0.0
5.0	201.0	1.0
5.0	202.0	0.0
5.0	203.0	0.0
5.0	204.0	0.0
5.0	205.0	1.0
5.0	206.0	0.0
5.0	207.0	0.0
5.0	208.0	0.0
5.0	209.0	1.0
5.0	210.0	0.0
5.0	211.0	0.0
5.0	212.0	0.0
5.0	213.0	0.0
5.0	214.0	0.0
5.0	215.0	1.0
5.0	216.0	0.0
5.0	217.0	0.0
5.0	218.0	1.0
5.0	219.0	0.0
5.0	220.0	1.0
5.0	221.0	0.0
5.0	222.0	0.0
5.0	223.0	1.0
5.0	224.0	0.0
5.0	225.0	0.0
5.0	226.0	0.0
5.0	227.0	0.0
5.0	228.0	0.0
5.0	229.0	1.0
5.0	230.0	0.0
5.0	231.0	0.0
5.0	232.0	0.0
5.0	233.0	0.0
5.0	234.0	0.0
5.0	235.0	0.0
5.0	236.0	0.0
5.0	237.0	0.0
5.0	238.0	1.0
5.0	239.0	0.0
5.0	240.0	0.0
5.0	241.0	0.0
5.0	242.0	0.0
5.0	243.0	0.0
5.0	244.0	0.0
5.0	245.0	1.0
5.0	246.0	0.0
5.0	247.0	0.0
5.0	248.0	1.0
5.0	249.0	0.0
5.0	250.0	0.0
5.0	251.0	1.0
5.0	252.0	0.0
5.0	253.0	0.0
5.0	254.0	1.0
5.0	255.0	0.0
5.0	256.0	0.0
5.0	257.0	0.0
5.0	258.0	0.0
5.0	259.0	0.0
5.0	260.0	0.0
5.0	261.0	0.0
5.0	262.0	0.0
5.0	263.0	0.0
5.0	264.0	0.0
5.0	265.0	0.0
5.0	266.0	0.0
5.0	267.0	0.0
5.0	268.0	1.0
5.0	269.0	0.0
5.0	270.0	0.0
5.0	271.0	0.0
5.0	272.0	0.0
5.0	273.0	0.0
5.0	274.0	1.0
5.0	275.0	0.0
5.0	276.0	2.0
5.0	277.0	0.0
5.0	278.0	0.0
5.0	279.0	0.0
5.0	280.0	0.0
5.0	281.0	1.0
5.0	282.0	0.0
5.0	283.0	0.0
5.0	284.0	0.0
5.0	285.0	0.0
5.0	286.0	0.0
5.0	287.0	3.0
5.0	288.0	0.0
5.0	289.0	0.0
5.0	290.0	0.0
5.0	291.0	1.0
5.0	292.0	1.0
5.0	293.0	0.0
5.0	294.0	0.0
5.0	295.0	2.0
5.0	296.0	1.0
5.0	297.0	0.0
5.0	298.0	0.0
5.0	299.0	0.0
5.0	300.0	2.0
5.0	301.0	0.0
5.0	302.0	0.0
5.0	303.0	0.0
5.0	304.0	0.0
5.0	305.0	0.0
5.0	306.0	0.0
5.0	307.0	0.0
5.0	308.0	0.0
5.0	309.0	0.0
5.0	310.0	0.0
5.0	311.0	0.0
5.0	312.0	0.0
5.0	313.0	0.0
5.0	314.0	0.0
5.0	315.0	0.0
5.0	316.0	0.0
5.0	317.0	0.0
5.0	318.0	0.0
5.0	319.0	0.0
5.0	320.0	0.0
5.0	321.0	0.0
5.0	322.0	1.0
5.0	323.0	0.0
5.0	324.0	0.0
5.0	325.0	0.0
5.0	326.0	0.0
5.0	327.0	1.0
5.0	328.0	0.0
5.0	329.0	0.0
5.0	330.0	0.0
5.0	331.0	0.0
5.0	332.0	0.0
5.0	333.0	0.0
5.0	334.0	0.0
5.0	335.0	0.0
5.0	336.0	0.0
5.0	337.0	1.0
5.0	338.0	0.0
5.0	339.0	1.0
5.0	340.0	0.0
5.0	341.0	0.0
5.0	342.0	0.0
5.0	343.0	0.0
5.0	344.0	0.0
5.0	345.0	0.0
5.0	346.0	0.0
5.0	347.0	0.0
5.0	348.0	0.0
5.0	349.0	0.0
5.0	350.0	1.0
5.0	351.0	0.0
5.0	352.0	1.0
5.0	353.0	0.0
5.0	354.0	0.0
5.0	355.0	0.0
5.0	356.0	0.0
5.0	357.0	0.0
5.0	358.0	0.0
5.0	359.0	0.0
5.0	360.0	0.0
5.0	361.0	0.0
5.0	362.0	0.0
5.0	363.0	0.0
5.0	364.0	0.0
5.0	365.0	1.0
5.0	366.0	0.0
5.0	367.0	0.0
5.0	368.0	0.0
5.0	369.0	0.0
5.0	370.0	0.0
5.0	371.0	0.0
5.0	372.0	0.0
5.0	373.0	0.0
5.0	374.0	0.0
5.0	375.0	0.0
5.0	376.0	0.0
5.0	377.0	0.0
5.0	378.0	0.0
5.0	379.0	0.0
5.0	380.0	0.0
5.0	381.0	1.0
5.0	382.0	0.0
5.0	383.0	1.0
5.0	384.0	0.0
5.0	385.0	0.0
5.0	386.0	0.0
5.0	387.0	0.0
5.0	388.0	0.0
5.0	389.0	0.0
5.0	390.0	0.0
5.0	391.0	0.0
5.0	392.0	0.0
5.0	393.0	0.0
5.0	394.0	0.0
5.0	395.0	0.0
5.0	396.0	0.0
5.0	397.0	1.0
5.0	398.0	0.0
5.0	399.0	0.0
5.0	400.0	1.0
5.0	401.0	0.0
5.0	402.0	0.0
5.0	403.0	0.0
5.0	404.0	1.0
5.0	405.0	0.0
5.0	406.0	0.0
5.0	407.0	1.0
5.0	408.0	0.0
5.0	409.0	0.0
5.0	410.0	0.0
5.0	411.0	0.0
5.0	412.0	2.0
5.0	413.0	0.0
5.0	414.0	0.0
5.0	415.0	0.0
5.0	416.0	0.0
5.0	417.0	0.0
5.0	418.0	0.0
5.0	419.0	0.0
5.0	420.0	0.0
5.0	421.0	0.0
5.0	422.0	0.0
5.0	423.0	0.0
5.0	424.0	0.0
5.0	425.0	0.0
5.0	426.0	0.0
5.0	427.0	0.0
5.0	428.0	0.0
5.0	429.0	0.0
5.0	430.0	0.0
5.0	431.0	0.0
5.0	432.0	0.0
5.0	433.0	0.0
5.0	434.0	1.0
5.0	435.0	0.0
5.0	436.0	0.0
5.0	437.0	0.0
5.0	438.0	2.0
5.0	439.0	0.0
5.0	440.0	0.0
5.0	441.0	2.0
5.0	442.0	0.0
5.0	443.0	0.0
5.0	444.0	0.0
5.0	445.0	0.0
5.0	446.0	0.0
5.0	447.0	0.0
5.0	448.0	0.0
5.0	449.0	0.0
5.0	450.0	1.0
5.0	451.0	1.0
5.0	452.0	0.0
5.0	453.0	0.0
5.0	454.0	0.0
5.0	455.0	0.0
5.0	456.0	0.0
5.0	457.0	1.0
5.0	458.0	0.0
5.0	459.0	0.0
5.0	460.0	0.0
5.0	461.0	0.0
5.0	462.0	0.0
5.0	463.0	0.0
5.0	464.0	0.0
5.0	465.0	0.0
5.0	466.0	0.0
5.0	467.0	0.0
5.0	468.0	0.0
5.0	469.0	0.0
5.0	470.0	0.0
5.0	471.0	1.0
5.0	472.0	0.0
5.0	473.0	0.0
5.0	474.0	0.0
5.0	475.0	0.0
5.0	476.0	0.0
5.0	477.0	0.0
5.0	478.0	0.0
5.0	479.0	0.0
5.0	480.0	0.0
5.0	481.0	0.0
5.0	482.0	0.0
5.0	483.0	0.0
5.0	484.0	0.0
5.0	485.0	0.0
5.0	486.0	0.0
5.0	487.0	0.0
5.0	488.0	0.0
5.0	489.0	0.0
5.0	490.0	0.0
5.0	491.0	0.0
5.0	492.0	0.0
5.0	493.0	1.0
5.0	494.0	1.0
5.0	495.0	0.0
5.0	496.0	0.0
5.0	497.0	2.0
5.0	498.0	0.0
5.0	499.0	0.0
5.0	500.0	1.0
5.0	501.0	0.0
5.0	502.0	0.0
5.0	503.0	0.0
5.0	504.0	0.0
5.0	505.0	0.0
5.0	506.0	0.0
5.0	507.0	0.0
5.0	508.0	0.0
5.0	509.0	0.0
5.0	510.0	0.0
5.0	511.0	0.0
5.0	512.0	0.0
5.0	513.0	0.0
5.0	514.0	0.0
5.0	515.0	1.0
5.0	516.0	0.0
5.0	517.0	0.0
5.0	518.0	0.0
5.0	519.0	0.0
5.0	520.0	0.0
5.0	521.0	0.0
5.0	522.0	0.0
5.0	523.0	0.0
5.0	524.0	2.0
5.0	525.0	0.0
5.0	526.0	0.0
5.0	527.0	0.0
5.0	528.0	0.0
5.0	529.0	0.0
5.0	530.0	0.0
5.0	531.0	0.0
5.0	532.0	1.0
5.0	533.0	0.0
5.0	534.0	0.0
5.0	535.0	0.0
5.0	536.0	1.0
5.0	537.0	0.0
5.0	538.0	0.0
5.0	539.0	0.0
5.0	540.0	0.0
5.0	541.0	0.0
5.0	542.0	1.0
5.0	543.0	0.0
5.0	544.0	2.0
5.0	545.0	0.0
5.0	546.0	0.0
5.0	547.0	0.0
5.0	548.0	1.0
5.0	549.0	1.0
5.0	550.0	0.0
5.0	551.0	0.0
5.0	552.0	0.0
5.0	553.0	1.0
5.0	554.0	0.0
5.0	555.0	1.0
5.0	556.0	0.0
5.0	557.0	0.0
5.0	558.0	0.0
5.0	559.0	0.0
5.0	560.0	0.0
5.0	561.0	0.0
5.0	562.0	0.0
5.0	563.0	1.0
5.0	564.0	0.0
5.0	565.0	0.0
5.0	566.0	0.0
5.0	567.0	0.0
5.0	568.0	0.0
5.0	569.0	0.0
5.0	570.0	0.0
5.0	571.0	0.0
5.0	572.0	0.0
5.0	573.0	1.0
5.0	574.0	0.0
5.0	575.0	0.0
5.0	576.0	0.0
5.0	577.0	2.0
5.0	578.0	0.0
5.0	579.0	0.0
5.0	580.0	0.0
5.0	581.0	0.0
5.0	582.0	1.0
5.0	583.0	1.0
5.0	584.0	0.0
5.0	585.0	0.0
5.0	586.0	0.0
5.0	587.0	0.0
5.0	588.0	0.0
5.0	589.0	0.0
5.0	590.0	0.0
5.0	591.0	0.0
5.0	592.0	0.0
5.0	593.0	0.0
5.0	594.0	0.0
5.0	595.0	0.0
5.0	596.0	0.0
5.0	597.0	0.0
5.0	598.0	0.0
5.0	599.0	0.0
5.0	600.0	0.0
5.0	601.0	0.0
5.0	602.0	0.0
5.0	603.0	0.0
5.0	604.0	2.0
5.0	605.0	0.0
5.0	606.0	0.0
5.0	607.0	1.0
5.0	608.0	0.0
5.0	609.0	0.0
5.0	610.0	0.0
5.0	611.0	0.0
5.0	612.0	0.0
5.0	613.0	0.0
5.0	614.0	0.0
5.0	615.0	0.0
5.0	616.0	0.0
5.0	617.0	0.0
5.0	618.0	0.0
5.0	619.0	0.0
5.0	620.0	0.0
5.0	621.0	0.0
5.0	622.0	0.0
5.0	623.0	0.0
5.0	624.0	0.0
5.0	625.0	0.0
5.0	626.0	0.0
5.0	627.0	0.0
5.0	628.0	0.0
5.0	629.0	0.0
5.0	630.0	0.0
5.0	631.0	0.0
5.0	632.0	0.0
5.0	633.0	0.0
5.0	634.0	0.0
5.0	635.0	0.0
5.0	636.0	0.0
5.0	637.0	0.0
5.0	638.0	0.0
5.0	639.0	0.0
5.0	640.0	0.0
5.0	641.0	1.0
5.0	642.0	1.0
5.0	643.0	0.0
5.0	644.0	0.0
5.0	645.0	0.0
5.0	646.0	1.0
5.0	647.0	0.0
5.0	648.0	0.0
5.0	649.0	0.0
5.0	650.0	0.0
5.0	651.0	0.0
5.0	652.0	0.0
5.0	653.0	0.0
5.0	654.0	0.0
5.0	655.0	0.0
5.0	656.0	0.0
5.0	657.0	1.0
5.0	658.0	3.0
5.0	659.0	1.0
5.0	660.0	1.0
5.0	661.0	0.0
5.0	662.0	1.0
5.0	663.0	0.0
5.0	664.0	0.0
5.0	665.0	0.0
5.0	666.0	0.0
5.0	667.0	0.0
5.0	668.0	0.0
5.0	669.0	0.0
5.0	670.0	0.0
5.0	671.0	0.0
5.0	672.0	0.0
5.0	673.0	0.0
5.0	674.0	0.0
5.0	675.0	0.0
5.0	676.0	0.0
5.0	677.0	0.0
5.0	678.0	0.0
5.0	679.0	0.0
5.0	680.0	0.0
5.0	681.0	0.0
5.0	682.0	1.0
5.0	683.0	0.0
5.0	684.0	1.0
5.0	685.0	0.0
5.0	686.0	0.0
5.0	687.0	0.0
5.0	688.0	0.0
5.0	689.0	1.0
5.0	690.0	0.0
5.0	691.0	0.0
5.0	692.0	0.0
5.0	693.0	0.0
5.0	694.0	0.0
5.0	695.0	0.0
5.0	696.0	0.0
5.0	697.0	1.0
5.0	698.0	0.0
5.0	699.0	0.0
5.0	700.0	0.0
5.0	701.0	0.0
5.0	702.0	0.0
5.0	703.0	0.0
5.0	704.0	2.0
5.0	705.0	0.0
5.0	706.0	0.0
5.0	707.0	0.0
5.0	708.0	0.0
5.0	709.0	0.0
5.0	710.0	0.0
5.0	711.0	1.0
5.0	712.0	0.0
5.0	713.0	1.0
5.0	714.0	0.0
5.0	715.0	0.0
5.0	716.0	0.0
5.0	717.0	0.0
5.0	718.0	0.0
5.0	719.0	0.0
5.0	720.0	2.0
5.0	721.0	0.0
5.0	722.0	0.0
5.0	723.0	0.0
5.0	724.0	1.0
5.0	725.0	0.0
5.0	726.0	0.0
5.0	727.0	1.0
5.0	728.0	0.0
5.0	729.0	0.0
5.0	730.0	1.0
5.0	731.0	0.0
5.0	732.0	0.0
5.0	733.0	0.0
5.0	734.0	0.0
5.0	735.0	1.0
5.0	736.0	0.0
5.0	737.0	0.0
5.0	738.0	0.0
5.0	739.0	0.0
5.0	740.0	0.0
5.0	741.0	0.0
5.0	742.0	1.0
5.0	743.0	0.0
5.0	744.0	0.0
5.0	745.0	0.0
5.0	746.0	0.0
5.0	747.0	0.0
5.0	748.0	0.0
5.0	749.0	0.0
5.0	750.0	1.0
5.0	751.0	0.0
5.0	752.0	0.0
5.0	753.0	0.0
5.0	754.0	0.0
5.0	755.0	0.0
5.0	756.0	1.0
5.0	757.0	0.0
5.0	758.0	0.0
5.0	759.0	0.0
5.0	760.0	0.0
5.0	761.0	0.0
5.0	762.0	0.0
5.0	763.0	0.0
5.0	764.0	0.0
5.0	765.0	0.0
5.0	766.0	0.0
5.0	767.0	0.0
5.0	768.0	0.0
5.0	769.0	0.0
5.0	770.0	0.0
5.0	771.0	0.0
5.0	772.0	0.0
5.0	773.0	1.0
5.0	774.0	0.0
5.0	775.0	0.0
5.0	776.0	0.0
5.0	777.0	1.0
5.0	778.0	0.0
5.0	779.0	0.0
5.0	780.0	0.0
5.0	781.0	0.0
5.0	782.0	1.0
5.0	783.0	0.0
5.0	784.0	1.0
5.0	785.0	0.0
5.0	786.0	0.0
5.0	787.0	0.0
5.0	788.0	0.0
5.0	789.0	0.0
5.0	790.0	0.0
5.0	791.0	0.0
5.0	792.0	2.0
5.0	793.0	0.0
5.0	794.0	0.0
5.0	795.0	0.0
5.0	796.0	0.0
5.0	797.0	0.0
5.0	798.0	0.0
5.0	799.0	0.0
5.0	800.0	0.0
5.0	801.0	0.0
5.0	802.0	0.0
5.0	803.0	0.0
5.0	804.0	0.0
5.0	805.0	0.0
5.0	806.0	0.0
5.0	807.0	0.0
5.0	808.0	0.0
5.0	809.0	0.0
5.0	810.0	0.0
5.0	811.0	0.0
5.0	812.0	0.0
5.0	813.0	0.0
5.0	814.0	0.0
5.0	815.0	0.0
5.0	816.0	0.0
5.0	817.0	0.0
5.0	818.0	0.0
5.0	819.0	0.0
5.0	820.0	0.0
5.0	821.0	0.0
5.0	822.0	0.0
5.0	823.0	0.0
5.0	824.0	1.0
5.0	825.0	0.0
5.0	826.0	0.0
5.0	827.0	0.0
5.0	828.0	0.0
5.0	829.0	0.0
5.0	830.0	1.0
5.0	831.0	0.0
5.0	832.0	0.0
5.0	833.0	0.0
5.0	834.0	0.0
5.0	835.0	0.0
5.0	836.0	0.0
5.0	837.0	0.0
5.0	838.0	0.0
5.0	839.0	0.0
5.0	840.0	0.0
5.0	841.0	0.0
5.0	842.0	0.0
5.0	843.0	1.0
5.0	844.0	0.0
5.0	845.0	0.0
5.0	846.0	0.0
5.0	847.0	0.0
5.0	848.0	0.0
5.0	849.0	0.0
5.0	850.0	0.0
5.0	851.0	3.0
5.0	852.0	0.0
5.0	853.0	0.0
5.0	854.0	1.0
5.0	855.0	0.0
5.0	856.0	0.0
5.0	857.0	0.0
5.0	858.0	0.0
5.0	859.0	1.0
5.0	860.0	0.0
5.0	861.0	0.0
5.0	862.0	1.0
5.0	863.0	0.0
5.0	864.0	0.0
5.0	865.0	0.0
5.0	866.0	0.0
5.0	867.0	0.0
5.0	868.0	0.0
5.0	869.0	0.0
5.0	870.0	0.0
5.0	871.0	0.0
5.0	872.0	0.0
5.0	873.0	0.0
5.0	874.0	1.0
5.0	875.0	0.0
5.0	876.0	2.0
5.0	877.0	0.0
5.0	878.0	0.0
5.0	879.0	0.0
5.0	880.0	0.0
5.0	881.0	0.0
5.0	882.0	1.0
5.0	883.0	2.0
5.0	884.0	0.0
5.0	885.0	0.0
5.0	886.0	0.0
5.0	887.0	0.0
5.0	888.0	1.0
5.0	889.0	0.0
5.0	890.0	0.0
5.0	891.0	0.0
5.0	892.0	0.0
5.0	893.0	0.0
5.0	894.0	0.0
5.0	895.0	0.0
5.0	896.0	0.0
5.0	897.0	0.0
5.0	898.0	0.0
5.0	899.0	0.0
5.0	900.0	0.0
5.0	901.0	0.0
5.0	902.0	0.0
5.0	903.0	0.0
5.0	904.0	0.0
5.0	905.0	0.0
5.0	906.0	0.0
5.0	907.0	0.0
5.0	908.0	0.0
5.0	909.0	0.0
5.0	910.0	0.0
5.0	911.0	0.0
5.0	912.0	0.0
5.0	913.0	0.0
5.0	914.0	0.0
5.0	915.0	0.0
5.0	916.0	0.0
5.0	917.0	0.0
5.0	918.0	0.0
5.0	919.0	1.0
5.0	920.0	0.0
5.0	921.0	0.0
5.0	922.0	0.0
5.0	923.0	1.0
5.0	924.0	0.0
5.0	925.0	0.0
5.0	926.0	1.0
5.0	927.0	0.0
5.0	928.0	0.0
5.0	929.0	0.0
5.0	930.0	1.0
5.0	931.0	0.0
5.0	932.0	0.0
5.0	933.0	0.0
5.0	934.0	0.0
5.0	935.0	0.0
5.0	936.0	0.0
5.0	937.0	0.0
5.0	938.0	0.0
5.0	939.0	1.0
5.0	940.0	1.0
5.0	941.0	0.0
5.0	942.0	0.0
5.0	943.0	0.0
5.0	944.0	0.0
5.0	945.0	0.0
5.0	946.0	0.0
5.0	947.0	0.0
5.0	948.0	1.0
5.0	949.0	1.0
5.0	950.0	0.0
5.0	951.0	0.0
5.0	952.0	0.0
5.0	953.0	0.0
5.0	954.0	0.0
5.0	955.0	1.0
5.0	956.0	0.0
5.0	957.0	0.0
5.0	958.0	0.0
5.0	959.0	0.0
5.0	960.0	0.0
5.0	961.0	0.0
5.0	962.0	0.0
5.0	963.0	0.0
5.0	964.0	0.0
5.0	965.0	1.0
5.0	966.0	0.0
5.0	967.0	0.0
5.0	968.0	0.0
5.0	969.0	0.0
5.0	970.0	0.0
5.0	971.0	0.0
5.0	972.0	0.0
5.0	973.0	0.0
5.0	974.0	0.0
5.0	975.0	0.0
5.0	976.0	0.0
5.0	977.0	0.0
5.0	978.0	1.0
5.0	979.0	0.0
5.0	980.0	1.0
5.0	981.0	0.0
5.0	982.0	0.0
5.0	983.0	0.0
5.0	984.0	0.0
5.0	985.0	0.0
5.0	986.0	0.0
5.0	987.0	0.0
5.0	988.0	0.0
5.0	989.0	0.0
5.0	990.0	2.0
5.0	991.0	0.0
5.0	992.0	1.0
5.0	993.0	0.0
5.0	994.0	0.0
5.0	995.0	0.0
5.0	996.0	0.0
5.0	997.0	0.0
5.0	998.0	0.0
5.0	999.0	0.0
5.0	1000.0	0.0
6.0	1.0	0.0
6.0	2.0	1.0
6.0	3.0	0.0
6.0	4.0	0.0
6.0	5.0	0.0
6.0	6.0	0.0
6.0	7.0	0.0
6.0	8.0	0.0
6.0	9.0	0.0
6.0	10.0	0.0
6.0	11.0	1.0
6.0	12.0	0.0
6.0	13.0	0.0
6.0	14.0	0.0
6.0	15.0	0.0
6.0	16.0	0.0
6.0	17.0	0.0
6.0	18.0	0.0
6.0	19.0	0.0
6.0	20.0	0.0
6.0	21.0	0.0
6.0	22.0	0.0
6.0	23.0	0.0
6.0	24.0	0.0
6.0	25.0	1.0
6.0	26.0	0.0
6.0	27.0	0.0
6.0	28.0	0.0
6.0	29.0	0.0
6.0	30.0	0.0
6.0	31.0	0.0
6.0	32.0	0.0
6.0	33.0	0.0
6.0	34.0	0.0
6.0	35.0	0.0
6.0	36.0	0.0
6.0	37.0	0.0
6.0	38.0	0.0
6.0	39.0	1.0
6.0	40.0	0.0
6.0	41.0	0.0
6.0	42.0	0.0
6.0	43.0	0.0
6.0	44.0	0.0
6.0	45.0	0.0
6.0	46.0	0.0
6.0	47.0	1.0
6.0	48.0	0.0
6.0	49.0	0.0
6.0	50.0	0.0
6.0	51.0	0.0
6.0	52.0	0.0
6.0	53.0	0.0
6.0	54.0	0.0
6.0	55.0	0.0
6.0	56.0	0.0
6.0	57.0	0.0
6.0	58.0	0.0
6.0	59.0	0.0
6.0	60.0	0.0
6.0	61.0	0.0
6.0	62.0	0.0
6.0	63.0	0.0
6.0	64.0	0.0
6.0	65.0	0.0
6.0	66.0	0.0
6.0	67.0	0.0
6.0	68.0	0.0
6.0	69.0	0.0
6.0	70.0	0.0
6.0	71.0	0.0
6.0	72.0	0.0
6.0	73.0	0.0
6.0	74.0	0.0
6.0	75.0	0.0
6.0	76.0	0.0
6.0	77.0	0.0
6.0	78.0	0.0
6.0	79.0	0.0
6.0	80.0	0.0
6.0	81.0	0.0
6.0	82.0	0.0
6.0	83.0	0.0
6.0	84.0	0.0
6.0	85.0	0.0
6.0	86.0	0.0
6.0	87.0	0.0
6.0	88.0	0.0
6.0	89.0	0.0
6.0	90.0	0.0
6.0	91.0	0.0
6.0	92.0	0.0
6.0	93.0	0.0
6.0	94.0	0.0
6.0	95.0	1.0
6.0	96.0	0.0
6.0	97.0	0.0
6.0	98.0	0.0
6.0	99.0	0.0
6.0	100.0	0.0
6.0	101.0	0.0
6.0	102.0	0.0
6.0	103.0	0.0
6.0	104.0	1.0
6.0	105.0	0.0
6.0	106.0	0.0
6.0	107.0	1.0
6.0	108.0	1.0
6.0	109.0	0.0
6.0	110.0	0.0
6.0	111.0	0.0
6.0	112.0	0.0
6.0	113.0	0.0
6.0	114.0	0.0
6.0	115.0	0.0
6.0	116.0	0.0
6.0	117.0	0.0
6.0	118.0	0.0
6.0	119.0	0.0
6.0	120.0	0.0
6.0	121.0	1.0
6.0	122.0	0.0
6.0	123.0	0.0
6.0	124.0	0.0
6.0	125.0	0.0
6.0	126.0	0.0
6.0	127.0	0.0
6.0	128.0	2.0
6.0	129.0	0.0
6.0	130.0	0.0
6.0	131.0	0.0
6.0	132.0	0.0
6.0	133.0	0.0
6.0	134.0	0.0
6.0	135.0	1.0
6.0	136.0	0.0
6.0	137.0	0.0
6.0	138.0	0.0
6.0	139.0	0.0
6.0	140.0	0.0
6.0	141.0	0.0
6.0	142.0	0.0
6.0	143.0	0.0
6.0	144.0	0.0
6.0	145.0	0.0
6.0	146.0	0.0
6.0	147.0	0.0
6.0	148.0	0.0
6.0	149.0	1.0
6.0	150.0	0.0
6.0	151.0	0.0
6.0	152.0	0.0
6.0	153.0	0.0
6.0	154.0	0.0
6.0	155.0	0.0
6.0	156.0	0.0
6.0	157.0	0.0
6.0	158.0	0.0
6.0	159.0	0.0
6.0	160.0	0.0
6.0	161.0	1.0
6.0	162.0	0.0
6.0	163.0	0.0
6.0	164.0	0.0
6.0	165.0	0.0
6.0	166.0	0.0
6.0	167.0	0.0
6.0	168.0	0.0
6.0	169.0	0.0
6.0	170.0	0.0
6.0	171.0	0.0
6.0	172.0	0.0
6.0	173.0	0.0
6.0	174.0	0.0
6.0	175.0	0.0
6.0	176.0	0.0
6.0	177.0	0.0
6.0	178.0	1.0
6.0	179.0	0.0
6.0	180.0	0.0
6.0	181.0	0.0
6.0	182.0	0.0
6.0	183.0	0.0
6.0	184.0	0.0
6.0	185.0	0.0
6.0	186.0	0.0
6.0	187.0	0.0
6.0	188.0	1.0
6.0	189.0	0.0
6.0	190.0	0.0
6.0	191.0	0.0
6.0	192.0	0.0
6.0	193.0	0.0
6.0	194.0	0.0
6.0	195.0	0.0
6.0	196.0	0.0
6.0	197.0	0.0
6.0	198.0	0.0
6.0	199.0	0.0
6.0	200.0	0.0
6.0	201.0	0.0
6.0	202.0	0.0
6.0	203.0	0.0
6.0	204.0	0.0
6.0	205.0	0.0
6.0	206.0	0.0
6.0	207.0	0.0
6.0	208.0	0.0
6.0	209.0	1.0
6.0	210.0	0.0
6.0	211.0	1.0
6.0	212.0	0.0
6.0	213.0	0.0
6.0	214.0	0.0
6.0	215.0	1.0
6.0	216.0	0.0
6.0	217.0	0.0
6.0	218.0	0.0
6.0	219.0	0.0
6.0	220.0	0.0
6.0	221.0	0.0
6.0	222.0	0.0
6.0	223.0	0.0
6.0	224.0	0.0
6.0	225.0	0.0
6.0	226.0	0.0
6.0	227.0	0.0
6.0	228.0	0.0
6.0	229.0	0.0
6.0	230.0	0.0
6.0	231.0	0.0
6.0	232.0	1.0
6.0	233.0	0.0
6.0	234.0	0.0
6.0	235.0	0.0
6.0	236.0	0.0
6.0	237.0	0.0
6.0	238.0	0.0
6.0	239.0	0.0
6.0	240.0	0.0
6.0	241.0	1.0
6.0	242.0	0.0
6.0	243.0	0.0
6.0	244.0	0.0
6.0	245.0	0.0
6.0	246.0	0.0
6.0	247.0	1.0
6.0	248.0	0.0
6.0	249.0	0.0
6.0	250.0	1.0
6.0	251.0	0.0
6.0	252.0	0.0
6.0	253.0	0.0
6.0	254.0	0.0
6.0	255.0	0.0
6.0	256.0	0.0
6.0	257.0	0.0
6.0	258.0	0.0
6.0	259.0	0.0
6.0	260.0	0.0
6.0	261.0	0.0
6.0	262.0	0.0
6.0	263.0	0.0
6.0	264.0	1.0
6.0	265.0	0.0
6.0	266.0	0.0
6.0	267.0	0.0
6.0	268.0	0.0
6.0	269.0	2.0
6.0	270.0	0.0
6.0	271.0	0.0
6.0	272.0	0.0
6.0	273.0	0.0
6.0	274.0	0.0
6.0	275.0	0.0
6.0	276.0	0.0
6.0	277.0	0.0
6.0	278.0	0.0
6.0	279.0	0.0
6.0	280.0	0.0
6.0	281.0	0.0
6.0	282.0	0.0
6.0	283.0	0.0
6.0	284.0	1.0
6.0	285.0	1.0
6.0	286.0	0.0
6.0	287.0	0.0
6.0	288.0	0.0
6.0	289.0	1.0
6.0	290.0	0.0
6.0	291.0	0.0
6.0	292.0	0.0
6.0	293.0	0.0
6.0	294.0	0.0
6.0	295.0	0.0
6.0	296.0	0.0
6.0	297.0	0.0
6.0	298.0	0.0
6.0	299.0	0.0
6.0	300.0	0.0
6.0	301.0	0.0
6.0	302.0	0.0
6.0	303.0	0.0
6.0	304.0	0.0
6.0	305.0	0.0
6.0	306.0	0.0
6.0	307.0	0.0
6.0	308.0	0.0
6.0	309.0	0.0
6.0	310.0	1.0
6.0	311.0	0.0
6.0	312.0	0.0
6.0	313.0	0.0
6.0	314.0	0.0
6.0	315.0	0.0
6.0	316.0	0.0
6.0	317.0	0.0
6.0	318.0	0.0
6.0	319.0	0.0
6.0	320.0	0.0
6.0	321.0	2.0
6.0	322.0	0.0
6.0	323.0	0.0
6.0	324.0	0.0
6.0	325.0	0.0
6.0	326.0	0.0
6.0	327.0	0.0
6.0	328.0	0.0
6.0	329.0	0.0
6.0	330.0	0.0
6.0	331.0	0.0
6.0	332.0	0.0
6.0	333.0	0.0
6.0	334.0	1.0
6.0	335.0	0.0
6.0	336.0	0.0
6.0	337.0	0.0
6.0	338.0	1.0
6.0	339.0	0.0
6.0	340.0	0.0
6.0	341.0	0.0
6.0	342.0	0.0
6.0	343.0	0.0
6.0	344.0	0.0
6.0	345.0	0.0
6.0	346.0	0.0
6.0	347.0	0.0
6.0	348.0	0.0
6.0	349.0	0.0
6.0	350.0	0.0
6.0	351.0	0.0
6.0	352.0	0.0
6.0	353.0	0.0
6.0	354.0	1.0
6.0	355.0	0.0
6.0	356.0	1.0
6.0	357.0	0.0
6.0	358.0	1.0
6.0	359.0	0.0
6.0	360.0	0.0
6.0	361.0	0.0
6.0	362.0	0.0
6.0	363.0	1.0
6.0	364.0	0.0
6.0	365.0	1.0
6.0	366.0	0.0
6.0	367.0	0.0
6.0	368.0	0.0
6.0	369.0	0.0
6.0	370.0	0.0
6.0	371.0	0.0
6.0	372.0	0.0
6.0	373.0	0.0
6.0	374.0	0.0
6.0	375.0	2.0
6.0	376.0	0.0
6.0	377.0	0.0
6.0	378.0	0.0
6.0	379.0	0.0
6.0	380.0	0.0
6.0	381.0	0.0
6.0	382.0	0.0
6.0	383.0	0.0
6.0	384.0	0.0
6.0	385.0	0.0
6.0	386.0	0.0
6.0	387.0	0.0
6.0	388.0	0.0
6.0	389.0	0.0
6.0	390.0	0.0
6.0	391.0	1.0
6.0	392.0	0.0
6.0	393.0	0.0
6.0	394.0	0.0
6.0	395.0	0.0
6.0	396.0	0.0
6.0	397.0	0.0
6.0	398.0	0.0
6.0	399.0	0.0
6.0	400.0	0.0
6.0	401.0	0.0
6.0	402.0	0.0
6.0	403.0	0.0
6.0	404.0	0.0
6.0	405.0	0.0
6.0	406.0	0.0
6.0	407.0	0.0
6.0	408.0	0.0
6.0	409.0	0.0
6.0	410.0	0.0
6.0	411.0	0.0
6.0	412.0	0.0
6.0	413.0	0.0
6.0	414.0	1.0
6.0	415.0	0.0
6.0	416.0	0.0
6.0	417.0	0.0
6.0	418.0	0.0
6.0	419.0	0.0
6.0	420.0	0.0
6.0	421.0	0.0
6.0	422.0	0.0
6.0	423.0	0.0
6.0	424.0	0.0
6.0	425.0	0.0
6.0	426.0	1.0
6.0	427.0	0.0
6.0	428.0	0.0
6.0	429.0	0.0
6.0	430.0	0.0
6.0	431.0	0.0
6.0	432.0	0.0
6.0	433.0	0.0
6.0	434.0	0.0
6.0	435.0	0.0
6.0	436.0	0.0
6.0	437.0	0.0
6.0	438.0	0.0
6.0	439.0	0.0
6.0	440.0	0.0
6.0	441.0	0.0
6.0	442.0	0.0
6.0	443.0	0.0
6.0	444.0	0.0
6.0	445.0	0.0
6.0	446.0	0.0
6.0	447.0	0.0
6.0	448.0	2.0
6.0	449.0	0.0
6.0	450.0	0.0
6.0	451.0	0.0
6.0	452.0	0.0
6.0	453.0	0.0
6.0	454.0	0.0
6.0	455.0	0.0
6.0	456.0	0.0
6.0	457.0	0.0
6.0	458.0	0.0
6.0	459.0	0.0
6.0	460.0	0.0
6.0	461.0	0.0
6.0	462.0	0.0
6.0	463.0	0.0
6.0	464.0	0.0
6.0	465.0	0.0
6.0	466.0	0.0
6.0	467.0	1.0
6.0	468.0	0.0
6.0	469.0	1.0
6.0	470.0	0.0
6.0	471.0	2.0
6.0	472.0	0.0
6.0	473.0	0.0
6.0	474.0	0.0
6.0	475.0	1.0
6.0	476.0	0.0
6.0	477.0	0.0
6.0	478.0	0.0
6.0	479.0	0.0
6.0	480.0	1.0
6.0	481.0	0.0
6.0	482.0	0.0
6.0	483.0	0.0
6.0	484.0	0.0
6.0	485.0	0.0
6.0	486.0	0.0
6.0	487.0	0.0
6.0	488.0	0.0
6.0	489.0	0.0
6.0	490.0	0.0
6.0	491.0	0.0
6.0	492.0	0.0
6.0	493.0	0.0
6.0	494.0	0.0
6.0	495.0	0.0
6.0	496.0	0.0
6.0	497.0	0.0
6.0	498.0	1.0
6.0	499.0	0.0
6.0	500.0	1.0
6.0	501.0	0.0
6.0	502.0	0.0
6.0	503.0	2.0
6.0	504.0	0.0
6.0	505.0	0.0
6.0	506.0	0.0
6.0	507.0	0.0
6.0	508.0	0.0
6.0	509.0	0.0
6.0	510.0	0.0
6.0	511.0	0.0
6.0	512.0	0.0
6.0	513.0	0.0
6.0	514.0	0.0
6.0	515.0	0.0
6.0	516.0	0.0
6.0	517.0	0.0
6.0	518.0	0.0
6.0	519.0	0.0
6.0	520.0	0.0
6.0	521.0	0.0
6.0	522.0	0.0
6.0	523.0	0.0
6.0	524.0	0.0
6.0	525.0	0.0
6.0	526.0	0.0
6.0	527.0	0.0
6.0	528.0	0.0
6.0	529.0	0.0
6.0	530.0	3.0
6.0	531.0	0.0
6.0	532.0	0.0
6.0	533.0	0.0
6.0	534.0	0.0
6.0	535.0	1.0
6.0	536.0	0.0
6.0	537.0	0.0
6.0	538.0	0.0
6.0	539.0	0.0
6.0	540.0	1.0
6.0	541.0	0.0
6.0	542.0	0.0
6.0	543.0	0.0
6.0	544.0	0.0
6.0	545.0	1.0
6.0	546.0	0.0
6.0	547.0	1.0
6.0	548.0	0.0
6.0	549.0	0.0
6.0	550.0	1.0
6.0	551.0	0.0
6.0	552.0	0.0
6.0	553.0	0.0
6.0	554.0	0.0
6.0	555.0	0.0
6.0	556.0	0.0
6.0	557.0	0.0
6.0	558.0	0.0
6.0	559.0	0.0
6.0	560.0	0.0
6.0	561.0	0.0
6.0	562.0	0.0
6.0	563.0	0.0
6.0	564.0	0.0
6.0	565.0	0.0
6.0	566.0	0.0
6.0	567.0	0.0
6.0	568.0	0.0
6.0	569.0	0.0
6.0	570.0	0.0
6.0	571.0	0.0
6.0	572.0	0.0
6.0	573.0	0.0
6.0	574.0	0.0
6.0	575.0	0.0
6.0	576.0	0.0
6.0	577.0	0.0
6.0	578.0	0.0
6.0	579.0	1.0
6.0	580.0	0.0
6.0	581.0	0.0
6.0	582.0	0.0
6.0	583.0	0.0
6.0	584.0	0.0
6.0	585.0	0.0
6.0	586.0	1.0
6.0	587.0	1.0
6.0	588.0	0.0
6.0	589.0	0.0
6.0	590.0	0.0
6.0	591.0	0.0
6.0	592.0	0.0
6.0	593.0	0.0
6.0	594.0	0.0
6.0	595.0	1.0
6.0	596.0	0.0
6.0	597.0	1.0
6.0	598.0	2.0
6.0	599.0	0.0
6.0	600.0	0.0
6.0	601.0	0.0
6.0	602.0	0.0
6.0	603.0	0.0
6.0	604.0	2.0
6.0	605.0	0.0
6.0	606.0	0.0
6.0	607.0	0.0
6.0	608.0	1.0
6.0	609.0	0.0
6.0	610.0	0.0
6.0	611.0	0.0
6.0	612.0	0.0
6.0	613.0	0.0
6.0	614.0	0.0
6.0	615.0	0.0
6.0	616.0	0.0
6.0	617.0	1.0
6.0	618.0	1.0
6.0	619.0	0.0
6.0	620.0	0.0
6.0	621.0	0.0
6.0	622.0	0.0
6.0	623.0	0.0
6.0	624.0	0.0
6.0	625.0	0.0
6.0	626.0	0.0
6.0	627.0	0.0
6.0	628.0	1.0
6.0	629.0	0.0
6.0	630.0	0.0
6.0	631.0	0.0
6.0	632.0	0.0
6.0	633.0	0.0
6.0	634.0	0.0
6.0	635.0	0.0
6.0	636.0	0.0
6.0	637.0	0.0
6.0	638.0	0.0
6.0	639.0	1.0
6.0	640.0	0.0
6.0	641.0	0.0
6.0	642.0	0.0
6.0	643.0	0.0
6.0	644.0	0.0
6.0	645.0	0.0
6.0	646.0	0.0
6.0	647.0	0.0
6.0	648.0	0.0
6.0	649.0	0.0
6.0	650.0	0.0
6.0	651.0	0.0
6.0	652.0	0.0
6.0	653.0	1.0
6.0	654.0	0.0
6.0	655.0	2.0
6.0	656.0	0.0
6.0	657.0	0.0
6.0	658.0	0.0
6.0	659.0	0.0
6.0	660.0	0.0
6.0	661.0	1.0
6.0	662.0	0.0
6.0	663.0	0.0
6.0	664.0	0.0
6.0	665.0	0.0
6.0	666.0	0.0
6.0	667.0	0.0
6.0	668.0	0.0
6.0	669.0	0.0
6.0	670.0	0.0
6.0	671.0	0.0
6.0	672.0	0.0
6.0	673.0	0.0
6.0	674.0	0.0
6.0	675.0	0.0
6.0	676.0	0.0
6.0	677.0	0.0
6.0	678.0	0.0
6.0	679.0	0.0
6.0	680.0	0.0
6.0	681.0	0.0
6.0	682.0	0.0
6.0	683.0	0.0
6.0	684.0	0.0
6.0	685.0	0.0
6.0	686.0	0.0
6.0	687.0	0.0
6.0	688.0	0.0
6.0	689.0	0.0
6.0	690.0	0.0
6.0	691.0	0.0
6.0	692.0	0.0
6.0	693.0	0.0
6.0	694.0	0.0
6.0	695.0	0.0
6.0	696.0	0.0
6.0	697.0	0.0
6.0	698.0	0.0
6.0	699.0	0.0
6.0	700.0	0.0
6.0	701.0	0.0
6.0	702.0	0.0
6.0	703.0	0.0
6.0	704.0	0.0
6.0	705.0	0.0
6.0	706.0	1.0
6.0	707.0	0.0
6.0	708.0	0.0
6.0	709.0	0.0
6.0	710.0	0.0
6.0	711.0	0.0
6.0	712.0	0.0
6.0	713.0	0.0
6.0	714.0	0.0
6.0	715.0	0.0
6.0	716.0	0.0
6.0	717.0	0.0
6.0	718.0	0.0
6.0	719.0	0.0
6.0	720.0	0.0
6.0	721.0	0.0
6.0	722.0	0.0
6.0	723.0	0.0
6.0	724.0	0.0
6.0	725.0	0.0
6.0	726.0	0.0
6.0	727.0	0.0
6.0	728.0	0.0
6.0	729.0	0.0
6.0	730.0	0.0
6.0	731.0	0.0
6.0	732.0	0.0
6.0	733.0	0.0
6.0	734.0	0.0
6.0	735.0	1.0
6.0	736.0	0.0
6.0	737.0	1.0
6.0	738.0	0.0
6.0	739.0	0.0
6.0	740.0	0.0
6.0	741.0	0.0
6.0	742.0	0.0
6.0	743.0	0.0
6.0	744.0	0.0
6.0	745.0	0.0
6.0	746.0	0.0
6.0	747.0	0.0
6.0	748.0	0.0
6.0	749.0	0.0
6.0	750.0	1.0
6.0	751.0	0.0
6.0	752.0	0.0
6.0	753.0	0.0
6.0	754.0	0.0
6.0	755.0	0.0
6.0	756.0	0.0
6.0	757.0	0.0
6.0	758.0	0.0
6.0	759.0	0.0
6.0	760.0	0.0
6.0	761.0	0.0
6.0	762.0	0.0
6.0	763.0	0.0
6.0	764.0	1.0
6.0	765.0	0.0
6.0	766.0	0.0
6.0	767.0	0.0
6.0	768.0	0.0
6.0	769.0	0.0
6.0	770.0	2.0
6.0	771.0	1.0
6.0	772.0	0.0
6.0	773.0	0.0
6.0	774.0	0.0
6.0	775.0	0.0
6.0	776.0	0.0
6.0	777.0	0.0
6.0	778.0	1.0
6.0	779.0	0.0
6.0	780.0	0.0
6.0	781.0	0.0
6.0	782.0	1.0
6.0	783.0	0.0
6.0	784.0	1.0
6.0	785.0	0.0
6.0	786.0	0.0
6.0	787.0	0.0
6.0	788.0	1.0
6.0	789.0	0.0
6.0	790.0	1.0
6.0	791.0	0.0
6.0	792.0	0.0
6.0	793.0	0.0
6.0	794.0	0.0
6.0	795.0	0.0
6.0	796.0	0.0
6.0	797.0	0.0
6.0	798.0	0.0
6.0	799.0	0.0
6.0	800.0	0.0
6.0	801.0	0.0
6.0	802.0	0.0
6.0	803.0	0.0
6.0	804.0	0.0
6.0	805.0	2.0
6.0	806.0	0.0
6.0	807.0	0.0
6.0	808.0	0.0
6.0	809.0	0.0
6.0	810.0	0.0
6.0	811.0	0.0
6.0	812.0	0.0
6.0	813.0	1.0
6.0	814.0	0.0
6.0	815.0	0.0
6.0	816.0	0.0
6.0	817.0	0.0
6.0	818.0	0.0
6.0	819.0	0.0
6.0	820.0	0.0
6.0	821.0	0.0
6.0	822.0	0.0
6.0	823.0	0.0
6.0	824.0	0.0
6.0	825.0	0.0
6.0	826.0	0.0
6.0	827.0	0.0
6.0	828.0	0.0
6.0	829.0	0.0
6.0	830.0	0.0
6.0	831.0	0.0
6.0	832.0	0.0
6.0	833.0	1.0
6.0	834.0	0.0
6.0	835.0	0.0
6.0	836.0	0.0
6.0	837.0	0.0
6.0	838.0	0.0
6.0	839.0	0.0
6.0	840.0	0.0
6.0	841.0	0.0
6.0	842.0	0.0
6.0	843.0	0.0
6.0	844.0	0.0
6.0	845.0	0.0
6.0	846.0	0.0
6.0	847.0	0.0
6.0	848.0	0.0
6.0	849.0	0.0
6.0	850.0	2.0
6.0	851.0	0.0
6.0	852.0	0.0
6.0	853.0	0.0
6.0	854.0	0.0
6.0	855.0	0.0
6.0	856.0	0.0
6.0	857.0	0.0
6.0	858.0	0.0
6.0	859.0	1.0
6.0	860.0	0.0
6.0	861.0	0.0
6.0	862.0	0.0
6.0	863.0	1.0
6.0	864.0	0.0
6.0	865.0	0.0
6.0	866.0	0.0
6.0	867.0	0.0
6.0	868.0	0.0
6.0	869.0	0.0
6.0	870.0	0.0
6.0	871.0	0.0
6.0	872.0	1.0
6.0	873.0	0.0
6.0	874.0	0.0
6.0	875.0	1.0
6.0	876.0	0.0
6.0	877.0	0.0
6.0	878.0	0.0
6.0	879.0	0.0
6.0	880.0	0.0
6.0	881.0	0.0
6.0	882.0	1.0
6.0	883.0	0.0
6.0	884.0	0.0
6.0	885.0	0.0
6.0	886.0	0.0
6.0	887.0	0.0
6.0	888.0	0.0
6.0	889.0	0.0
6.0	890.0	0.0
6.0	891.0	0.0
6.0	892.0	0.0
6.0	893.0	0.0
6.0	894.0	0.0
6.0	895.0	0.0
6.0	896.0	0.0
6.0	897.0	0.0
6.0	898.0	2.0
6.0	899.0	1.0
6.0	900.0	0.0
6.0	901.0	0.0
6.0	902.0	0.0
6.0	903.0	0.0
6.0	904.0	0.0
6.0	905.0	0.0
6.0	906.0	0.0
6.0	907.0	0.0
6.0	908.0	0.0
6.0	909.0	1.0
6.0	910.0	0.0
6.0	911.0	0.0
6.0	912.0	0.0
6.0	913.0	0.0
6.0	914.0	2.0
6.0	915.0	0.0
6.0	916.0	0.0
6.0	917.0	0.0
6.0	918.0	0.0
6.0	919.0	0.0
6.0	920.0	1.0
6.0	921.0	1.0
6.0	922.0	0.0
6.0	923.0	0.0
6.0	924.0	0.0
6.0	925.0	0.0
6.0	926.0	0.0
6.0	927.0	0.0
6.0	928.0	0.0
6.0	929.0	0.0
6.0	930.0	0.0
6.0	931.0	0.0
6.0	932.0	0.0
6.0	933.0	0.0
6.0	934.0	0.0
6.0	935.0	0.0
6.0	936.0	0.0
6.0	937.0	0.0
6.0	938.0	0.0
6.0	939.0	1.0
6.0	940.0	0.0
6.0	941.0	0.0
6.0	942.0	0.0
6.0	943.0	0.0
6.0	944.0	0.0
6.0	945.0	0.0
6.0	946.0	0.0
6.0	947.0	0.0
6.0	948.0	1.0
6.0	949.0	0.0
6.0	950.0	0.0
6.0	951.0	0.0
6.0	952.0	0.0
6.0	953.0	0.0
6.0	954.0	0.0
6.0	955.0	0.0
6.0	956.0	0.0
6.0	957.0	0.0
6.0	958.0	1.0
6.0	959.0	0.0
6.0	960.0	0.0
6.0	961.0	0.0
6.0	962.0	0.0
6.0	963.0	0.0
6.0	964.0	0.0
6.0	965.0	0.0
6.0	966.0	0.0
6.0	967.0	0.0
6.0	968.0	0.0
6.0	969.0	0.0
6.0	970.0	0.0
6.0	971.0	0.0
6.0	972.0	0.0
6.0	973.0	0.0
6.0	974.0	0.0
6.0	975.0	0.0
6.0	976.0	0.0
6.0	977.0	0.0
6.0	978.0	0.0
6.0	979.0	0.0
6.0	980.0	0.0
6.0	981.0	0.0
6.0	982.0	0.0
6.0	983.0	0.0
6.0	984.0	0.0
6.0	985.0	0.0
6.0	986.0	1.0
6.0	987.0	0.0
6.0	988.0	0.0
6.0	989.0	0.0
6.0	990.0	0.0
6.0	991.0	1.0
6.0	992.0	0.0
6.0	993.0	0.0
6.0	994.0	0.0
6.0	995.0	0.0
6.0	996.0	0.0
6.0	997.0	0.0
6.0	998.0	0.0
6.0	999.0	0.0
6.0	1000.0	1.0
7.0	1.0	0.0
7.0	2.0	0.0
7.0	3.0	0.0
7.0	4.0	0.0
7.0	5.0	0.0
7.0	6.0	0.0
7.0	7.0	1.0
7.0	8.0	0.0
7.0	9.0	0.0
7.0	10.0	0.0
7.0	11.0	0.0
7.0	12.0	0.0
7.0	13.0	0.0
7.0	14.0	0.0
7.0	15.0	0.0
7.0	16.0	0.0
7.0	17.0	0.0
7.0	18.0	0.0
7.0	19.0	0.0
7.0	20.0	0.0
7.0	21.0	0.0
7.0	22.0	0.0
7.0	23.0	0.0
7.0	24.0	0.0
7.0	25.0	0.0
7.0	26.0	0.0
7.0	27.0	0.0
7.0	28.0	1.0
7.0	29.0	0.0
7.0	30.0	0.0
7.0	31.0	0.0
7.0	32.0	0.0
7.0	33.0	0.0
7.0	34.0	0.0
7.0	35.0	0.0
7.0	36.0	0.0
7.0	37.0	0.0
7.0	38.0	0.0
7.0	39.0	0.0
7.0	40.0	0.0
7.0	41.0	0.0
7.0	42.0	0.0
7.0	43.0	0.0
7.0	44.0	0.0
7.0	45.0	0.0
7.0	46.0	0.0
7.0	47.0	0.0
7.0	48.0	1.0
7.0	49.0	0.0
7.0	50.0	0.0
7.0	51.0	0.0
7.0	52.0	0.0
7.0	53.0	0.0
7.0	54.0	0.0
7.0	55.0	0.0
7.0	56.0	0.0
7.0	57.0	0.0
7.0	58.0	0.0
7.0	59.0	0.0
7.0	60.0	0.0
7.0	61.0	0.0
7.0	62.0	0.0
7.0	63.0	0.0
7.0	64.0	0.0
7.0	65.0	0.0
7.0	66.0	0.0
7.0	67.0	0.0
7.0	68.0	0.0
7.0	69.0	0.0
7.0	70.0	0.0
7.0	71.0	0.0
7.0	72.0	0.0
7.0	73.0	1.0
7.0	74.0	0.0
7.0	75.0	0.0
7.0	76.0	0.0
7.0	77.0	0.0
7.0	78.0	0.0
7.0	79.0	0.0
7.0	80.0	3.0
7.0	81.0	0.0
7.0	82.0	0.0
7.0	83.0	0.0
7.0	84.0	0.0
7.0	85.0	0.0
7.0	86.0	0.0
7.0	87.0	0.0
7.0	88.0	0.0
7.0	89.0	0.0
7.0	90.0	0.0
7.0	91.0	0.0
7.0	92.0	0.0
7.0	93.0	0.0
7.0	94.0	0.0
7.0	95.0	0.0
7.0	96.0	0.0
7.0	97.0	0.0
7.0	98.0	0.0
7.0	99.0	0.0
7.0	100.0	0.0
7.0	101.0	0.0
7.0	102.0	0.0
7.0	103.0	0.0
7.0	104.0	1.0
7.0	105.0	0.0
7.0	106.0	0.0
7.0	107.0	0.0
7.0	108.0	0.0
7.0	109.0	0.0
7.0	110.0	0.0
7.0	111.0	0.0
7.0	112.0	1.0
7.0	113.0	0.0
7.0	114.0	0.0
7.0	115.0	0.0
7.0	116.0	0.0
7.0	117.0	0.0
7.0	118.0	0.0
7.0	119.0	0.0
7.0	120.0	0.0
7.0	121.0	0.0
7.0	122.0	0.0
7.0	123.0	0.0
7.0	124.0	0.0
7.0	125.0	1.0
7.0	126.0	0.0
7.0	127.0	0.0
7.0	128.0	0.0
7.0	129.0	0.0
7.0	130.0	0.0
7.0	131.0	0.0
7.0	132.0	0.0
7.0	133.0	1.0
7.0	134.0	0.0
7.0	135.0	0.0
7.0	136.0	0.0
7.0	137.0	0.0
7.0	138.0	0.0
7.0	139.0	0.0
7.0	140.0	0.0
7.0	141.0	1.0
7.0	142.0	0.0
7.0	143.0	0.0
7.0	144.0	0.0
7.0	145.0	0.0
7.0	146.0	0.0
7.0	147.0	0.0
7.0	148.0	0.0
7.0	149.0	0.0
7.0	150.0	0.0
7.0	151.0	0.0
7.0	152.0	0.0
7.0	153.0	0.0
7.0	154.0	0.0
7.0	155.0	0.0
7.0	156.0	0.0
7.0	157.0	0.0
7.0	158.0	0.0
7.0	159.0	0.0
7.0	160.0	1.0
7.0	161.0	0.0
7.0	162.0	0.0
7.0	163.0	0.0
7.0	164.0	0.0
7.0	165.0	0.0
7.0	166.0	0.0
7.0	167.0	0.0
7.0	168.0	0.0
7.0	169.0	0.0
7.0	170.0	0.0
7.0	171.0	0.0
7.0	172.0	0.0
7.0	173.0	1.0
7.0	174.0	1.0
7.0	175.0	0.0
7.0	176.0	0.0
7.0	177.0	0.0
7.0	178.0	0.0
7.0	179.0	0.0
7.0	180.0	0.0
7.0	181.0	0.0
7.0	182.0	0.0
7.0	183.0	0.0
7.0	184.0	0.0
7.0	185.0	0.0
7.0	186.0	0.0
7.0	187.0	0.0
7.0	188.0	0.0
7.0	189.0	0.0
7.0	190.0	0.0
7.0	191.0	0.0
7.0	192.0	0.0
7.0	193.0	1.0
7.0	194.0	0.0
7.0	195.0	0.0
7.0	196.0	0.0
7.0	197.0	0.0
7.0	198.0	0.0
7.0	199.0	0.0
7.0	200.0	0.0
7.0	201.0	0.0
7.0	202.0	0.0
7.0	203.0	0.0
7.0	204.0	0.0
7.0	205.0	0.0
7.0	206.0	0.0
7.0	207.0	0.0
7.0	208.0	0.0
7.0	209.0	0.0
7.0	210.0	0.0
7.0	211.0	0.0
7.0	212.0	0.0
7.0	213.0	0.0
7.0	214.0	0.0
7.0	215.0	0.0
7.0	216.0	1.0
7.0	217.0	0.0
7.0	218.0	0.0
7.0	219.0	0.0
7.0	220.0	0.0
7.0	221.0	0.0
7.0	222.0	0.0
7.0	223.0	0.0
7.0	224.0	0.0
7.0	225.0	0.0
7.0	226.0	0.0
7.0	227.0	0.0
7.0	228.0	0.0
7.0	229.0	0.0
7.0	230.0	0.0
7.0	231.0	2.0
7.0	232.0	0.0
7.0	233.0	0.0
7.0	234.0	0.0
7.0	235.0	0.0
7.0	236.0	0.0
7.0	237.0	0.0
7.0	238.0	0.0
7.0	239.0	0.0
7.0	240.0	0.0
7.0	241.0	0.0
7.0	242.0	0.0
7.0	243.0	0.0
7.0	244.0	0.0
7.0	245.0	0.0
7.0	246.0	0.0
7.0	247.0	0.0
7.0	248.0	0.0
7.0	249.0	0.0
7.0	250.0	0.0
7.0	251.0	0.0
7.0	252.0	0.0
7.0	253.0	1.0
7.0	254.0	0.0
7.0	255.0	0.0
7.0	256.0	1.0
7.0	257.0	0.0
7.0	258.0	0.0
7.0	259.0	0.0
7.0	260.0	0.0
7.0	261.0	0.0
7.0	262.0	0.0
7.0	263.0	0.0
7.0	264.0	0.0
7.0	265.0	0.0
7.0	266.0	0.0
7.0	267.0	0.0
7.0	268.0	0.0
7.0	269.0	0.0
7.0	270.0	0.0
7.0	271.0	0.0
7.0	272.0	0.0
7.0	273.0	0.0
7.0	274.0	0.0
7.0	275.0	0.0
7.0	276.0	0.0
7.0	277.0	0.0
7.0	278.0	0.0
7.0	279.0	1.0
7.0	280.0	0.0
7.0	281.0	0.0
7.0	282.0	0.0
7.0	283.0	0.0
7.0	284.0	1.0
7.0	285.0	0.0
7.0	286.0	0.0
7.0	287.0	0.0
7.0	288.0	0.0
7.0	289.0	0.0
7.0	290.0	0.0
7.0	291.0	1.0
7.0	292.0	0.0
7.0	293.0	0.0
7.0	294.0	2.0
7.0	295.0	0.0
7.0	296.0	0.0
7.0	297.0	1.0
7.0	298.0	0.0
7.0	299.0	0.0
7.0	300.0	0.0
7.0	301.0	0.0
7.0	302.0	0.0
7.0	303.0	0.0
7.0	304.0	0.0
7.0	305.0	0.0
7.0	306.0	0.0
7.0	307.0	0.0
7.0	308.0	0.0
7.0	309.0	0.0
7.0	310.0	0.0
7.0	311.0	0.0
7.0	312.0	0.0
7.0	313.0	0.0
7.0	314.0	0.0
7.0	315.0	0.0
7.0	316.0	0.0
7.0	317.0	0.0
7.0	318.0	0.0
7.0	319.0	1.0
7.0	320.0	0.0
7.0	321.0	0.0
7.0	322.0	0.0
7.0	323.0	0.0
7.0	324.0	0.0
7.0	325.0	0.0
7.0	326.0	0.0
7.0	327.0	0.0
7.0	328.0	0.0
7.0	329.0	0.0
7.0	330.0	0.0
7.0	331.0	0.0
7.0	332.0	0.0
7.0	333.0	0.0
7.0	334.0	0.0
7.0	335.0	0.0
7.0	336.0	0.0
7.0	337.0	0.0
7.0	338.0	0.0
7.0	339.0	0.0
7.0	340.0	2.0
7.0	341.0	0.0
7.0	342.0	0.0
7.0	343.0	0.0
7.0	344.0	0.0
7.0	345.0	0.0
7.0	346.0	0.0
7.0	347.0	1.0
7.0	348.0	1.0
7.0	349.0	0.0
7.0	350.0	0.0
7.0	351.0	0.0
7.0	352.0	1.0
7.0	353.0	0.0
7.0	354.0	0.0
7.0	355.0	0.0
7.0	356.0	0.0
7.0	357.0	0.0
7.0	358.0	0.0
7.0	359.0	0.0
7.0	360.0	1.0
7.0	361.0	0.0
7.0	362.0	0.0
7.0	363.0	0.0
7.0	364.0	0.0
7.0	365.0	0.0
7.0	366.0	0.0
7.0	367.0	0.0
7.0	368.0	0.0
7.0	369.0	0.0
7.0	370.0	0.0
7.0	371.0	0.0
7.0	372.0	1.0
7.0	373.0	0.0
7.0	374.0	0.0
7.0	375.0	0.0
7.0	376.0	0.0
7.0	377.0	0.0
7.0	378.0	0.0
7.0	379.0	0.0
7.0	380.0	0.0
7.0	381.0	0.0
7.0	382.0	0.0
7.0	383.0	0.0
7.0	384.0	0.0
7.0	385.0	0.0
7.0	386.0	0.0
7.0	387.0	0.0
7.0	388.0	0.0
7.0	389.0	0.0
7.0	390.0	0.0
7.0	391.0	0.0
7.0	392.0	0.0
7.0	393.0	0.0
7.0	394.0	1.0
7.0	395.0	0.0
7.0	396.0	1.0
7.0	397.0	0.0
7.0	398.0	0.0
7.0	399.0	0.0
7.0	400.0	0.0
7.0	401.0	0.0
7.0	402.0	0.0
7.0	403.0	0.0
7.0	404.0	0.0
7.0	405.0	0.0
7.0	406.0	1.0
7.0	407.0	2.0
7.0	408.0	0.0
7.0	409.0	0.0
7.0	410.0	0.0
7.0	411.0	0.0
7.0	412.0	0.0
7.0	413.0	0.0
7.0	414.0	0.0
7.0	415.0	2.0
7.0	416.0	0.0
7.0	417.0	0.0
7.0	418.0	0.0
7.0	419.0	0.0
7.0	420.0	0.0
7.0	421.0	0.0
7.0	422.0	1.0
7.0	423.0	0.0
7.0	424.0	0.0
7.0	425.0	0.0
7.0	426.0	0.0
7.0	427.0	0.0
7.0	428.0	0.0
7.0	429.0	0.0
7.0	430.0	0.0
7.0	431.0	0.0
7.0	432.0	0.0
7.0	433.0	0.0
7.0	434.0	0.0
7.0	435.0	0.0
7.0	436.0	0.0
7.0	437.0	0.0
7.0	438.0	0.0
7.0	439.0	1.0
7.0	440.0	0.0
7.0	441.0	0.0
7.0	442.0	0.0
7.0	443.0	0.0
7.0	444.0	0.0
7.0	445.0	0.0
7.0	446.0	0.0
7.0	447.0	0.0
7.0	448.0	0.0
7.0	449.0	0.0
7.0	450.0	0.0
7.0	451.0	0.0
7.0	452.0	0.0
7.0	453.0	1.0
7.0	454.0	0.0
7.0	455.0	0.0
7.0	456.0	0.0
7.0	457.0	0.0
7.0	458.0	0.0
7.0	459.0	0.0
7.0	460.0	0.0
7.0	461.0	0.0
7.0	462.0	0.0
7.0	463.0	0.0
7.0	464.0	0.0
7.0	465.0	0.0
7.0	466.0	0.0
7.0	467.0	0.0
7.0	468.0	0.0
7.0	469.0	0.0
7.0	470.0	0.0
7.0	471.0	0.0
7.0	472.0	0.0
7.0	473.0	0.0
7.0	474.0	1.0
7.0	475.0	0.0
7.0	476.0	0.0
7.0	477.0	0.0
7.0	478.0	0.0
7.0	479.0	0.0
7.0	480.0	0.0
7.0	481.0	0.0
7.0	482.0	0.0
7.0	483.0	0.0
7.0	484.0	0.0
7.0	485.0	0.0
7.0	486.0	0.0
7.0	487.0	0.0
7.0	488.0	0.0
7.0	489.0	0.0
7.0	490.0	0.0
7.0	491.0	0.0
7.0	492.0	0.0
7.0	493.0	0.0
7.0	494.0	0.0
7.0	495.0	0.0
7.0	496.0	0.0
7.0	497.0	0.0
7.0	498.0	0.0
7.0	499.0	0.0
7.0	500.0	2.0
7.0	501.0	0.0
7.0	502.0	0.0
7.0	503.0	0.0
7.0	504.0	0.0
7.0	505.0	0.0
7.0	506.0	0.0
7.0	507.0	0.0
7.0	508.0	0.0
7.0	509.0	0.0
7.0	510.0	0.0
7.0	511.0	0.0
7.0	512.0	0.0
7.0	513.0	1.0
7.0	514.0	0.0
7.0	515.0	0.0
7.0	516.0	0.0
7.0	517.0	1.0
7.0	518.0	0.0
7.0	519.0	0.0
7.0	520.0	0.0
7.0	521.0	0.0
7.0	522.0	0.0
7.0	523.0	0.0
7.0	524.0	0.0
7.0	525.0	0.0
7.0	526.0	0.0
7.0	527.0	0.0
7.0	528.0	0.0
7.0	529.0	0.0
7.0	530.0	0.0
7.0	531.0	0.0
7.0	532.0	0.0
7.0	533.0	0.0
7.0	534.0	0.0
7.0	535.0	0.0
7.0	536.0	0.0
7.0	537.0	0.0
7.0	538.0	0.0
7.0	539.0	0.0
7.0	540.0	0.0
7.0	541.0	0.0
7.0	542.0	0.0
7.0	543.0	0.0
7.0	544.0	0.0
7.0	545.0	0.0
7.0	546.0	0.0
7.0	547.0	0.0
7.0	548.0	0.0
7.0	549.0	0.0
7.0	550.0	0.0
7.0	551.0	0.0
7.0	552.0	1.0
7.0	553.0	0.0
7.0	554.0	0.0
7.0	555.0	0.0
7.0	556.0	0.0
7.0	557.0	0.0
7.0	558.0	0.0
7.0	559.0	0.0
7.0	560.0	0.0
7.0	561.0	0.0
7.0	562.0	0.0
7.0	563.0	0.0
7.0	564.0	0.0
7.0	565.0	0.0
7.0	566.0	0.0
7.0	567.0	0.0
7.0	568.0	0.0
7.0	569.0	0.0
7.0	570.0	0.0
7.0	571.0	0.0
7.0	572.0	0.0
7.0	573.0	0.0
7.0	574.0	0.0
7.0	575.0	0.0
7.0	576.0	0.0
7.0	577.0	0.0
7.0	578.0	0.0
7.0	579.0	0.0
7.0	580.0	0.0
7.0	581.0	0.0
7.0	582.0	0.0
7.0	583.0	1.0
7.0	584.0	0.0
7.0	585.0	0.0
7.0	586.0	0.0
7.0	587.0	0.0
7.0	588.0	0.0
7.0	589.0	0.0
7.0	590.0	0.0
7.0	591.0	0.0
7.0	592.0	0.0
7.0	593.0	0.0
7.0	594.0	0.0
7.0	595.0	0.0
7.0	596.0	0.0
7.0	597.0	0.0
7.0	598.0	0.0
7.0	599.0	0.0
7.0	600.0	0.0
7.0	601.0	0.0
7.0	602.0	1.0
7.0	603.0	0.0
7.0	604.0	0.0
7.0	605.0	0.0
7.0	606.0	0.0
7.0	607.0	0.0
7.0	608.0	0.0
7.0	609.0	1.0
7.0	610.0	0.0
7.0	611.0	0.0
7.0	612.0	0.0
7.0	613.0	0.0
7.0	614.0	0.0
7.0	615.0	0.0
7.0	616.0	0.0
7.0	617.0	0.0
7.0	618.0	0.0
7.0	619.0	0.0
7.0	620.0	0.0
7.0	621.0	0.0
7.0	622.0	0.0
7.0	623.0	0.0
7.0	624.0	0.0
7.0	625.0	0.0
7.0	626.0	0.0
7.0	627.0	0.0
7.0	628.0	0.0
7.0	629.0	0.0
7.0	630.0	0.0
7.0	631.0	0.0
7.0	632.0	2.0
7.0	633.0	1.0
7.0	634.0	1.0
7.0	635.0	0.0
7.0	636.0	0.0
7.0	637.0	0.0
7.0	638.0	0.0
7.0	639.0	0.0
7.0	640.0	0.0
7.0	641.0	0.0
7.0	642.0	0.0
7.0	643.0	1.0
7.0	644.0	0.0
7.0	645.0	1.0
7.0	646.0	0.0
7.0	647.0	0.0
7.0	648.0	0.0
7.0	649.0	0.0
7.0	650.0	0.0
7.0	651.0	0.0
7.0	652.0	0.0
7.0	653.0	0.0
7.0	654.0	0.0
7.0	655.0	0.0
7.0	656.0	0.0
7.0	657.0	0.0
7.0	658.0	0.0
7.0	659.0	0.0
7.0	660.0	0.0
7.0	661.0	0.0
7.0	662.0	0.0
7.0	663.0	0.0
7.0	664.0	0.0
7.0	665.0	0.0
7.0	666.0	0.0
7.0	667.0	0.0
7.0	668.0	0.0
7.0	669.0	0.0
7.0	670.0	0.0
7.0	671.0	0.0
7.0	672.0	0.0
7.0	673.0	0.0
7.0	674.0	0.0
7.0	675.0	1.0
7.0	676.0	0.0
7.0	677.0	0.0
7.0	678.0	0.0
7.0	679.0	0.0
7.0	680.0	0.0
7.0	681.0	0.0
7.0	682.0	0.0
7.0	683.0	0.0
7.0	684.0	0.0
7.0	685.0	1.0
7.0	686.0	1.0
7.0	687.0	0.0
7.0	688.0	0.0
7.0	689.0	0.0
7.0	690.0	0.0
7.0	691.0	0.0
7.0	692.0	0.0
7.0	693.0	0.0
7.0	694.0	0.0
7.0	695.0	0.0
7.0	696.0	0.0
7.0	697.0	0.0
7.0	698.0	0.0
7.0	699.0	0.0
7.0	700.0	0.0
7.0	701.0	0.0
7.0	702.0	0.0
7.0	703.0	0.0
7.0	704.0	0.0
7.0	705.0	0.0
7.0	706.0	0.0
7.0	707.0	0.0
7.0	708.0	0.0
7.0	709.0	0.0
7.0	710.0	2.0
7.0	711.0	0.0
7.0	712.0	0.0
7.0	713.0	0.0
7.0	714.0	0.0
7.0	715.0	0.0
7.0	716.0	0.0
7.0	717.0	0.0
7.0	718.0	0.0
7.0	719.0	0.0
7.0	720.0	0.0
7.0	721.0	0.0
7.0	722.0	0.0
7.0	723.0	0.0
7.0	724.0	0.0
7.0	725.0	0.0
7.0	726.0	0.0
7.0	727.0	0.0
7.0	728.0	0.0
7.0	729.0	0.0
7.0	730.0	1.0
7.0	731.0	0.0
7.0	732.0	0.0
7.0	733.0	0.0
7.0	734.0	0.0
7.0	735.0	1.0
7.0	736.0	0.0
7.0	737.0	0.0
7.0	738.0	0.0
7.0	739.0	0.0
7.0	740.0	1.0
7.0	741.0	0.0
7.0	742.0	0.0
7.0	743.0	0.0
7.0	744.0	0.0
7.0	745.0	0.0
7.0	746.0	1.0
7.0	747.0	0.0
7.0	748.0	0.0
7.0	749.0	1.0
7.0	750.0	2.0
7.0	751.0	0.0
7.0	752.0	0.0
7.0	753.0	0.0
7.0	754.0	0.0
7.0	755.0	0.0
7.0	756.0	0.0
7.0	757.0	0.0
7.0	758.0	0.0
7.0	759.0	0.0
7.0	760.0	0.0
7.0	761.0	0.0
7.0	762.0	0.0
7.0	763.0	0.0
7.0	764.0	0.0
7.0	765.0	0.0
7.0	766.0	0.0
7.0	767.0	0.0
7.0	768.0	0.0
7.0	769.0	0.0
7.0	770.0	0.0
7.0	771.0	0.0
7.0	772.0	0.0
7.0	773.0	0.0
7.0	774.0	0.0
7.0	775.0	0.0
7.0	776.0	0.0
7.0	777.0	0.0
7.0	778.0	0.0
7.0	779.0	0.0
7.0	780.0	0.0
7.0	781.0	0.0
7.0	782.0	0.0
7.0	783.0	1.0
7.0	784.0	0.0
7.0	785.0	0.0
7.0	786.0	0.0
7.0	787.0	0.0
7.0	788.0	0.0
7.0	789.0	0.0
7.0	790.0	0.0
7.0	791.0	0.0
7.0	792.0	1.0
7.0	793.0	0.0
7.0	794.0	0.0
7.0	795.0	0.0
7.0	796.0	0.0
7.0	797.0	0.0
7.0	798.0	0.0
7.0	799.0	0.0
7.0	800.0	1.0
7.0	801.0	0.0
7.0	802.0	0.0
7.0	803.0	0.0
7.0	804.0	0.0
7.0	805.0	0.0
7.0	806.0	0.0
7.0	807.0	0.0
7.0	808.0	0.0
7.0	809.0	0.0
7.0	810.0	0.0
7.0	811.0	0.0
7.0	812.0	0.0
7.0	813.0	0.0
7.0	814.0	0.0
7.0	815.0	0.0
7.0	816.0	0.0
7.0	817.0	0.0
7.0	818.0	0.0
7.0	819.0	0.0
7.0	820.0	0.0
7.0	821.0	0.0
7.0	822.0	0.0
7.0	823.0	0.0
7.0	824.0	0.0
7.0	825.0	0.0
7.0	826.0	0.0
7.0	827.0	0.0
7.0	828.0	0.0
7.0	829.0	1.0
7.0	830.0	1.0
7.0	831.0	0.0
7.0	832.0	0.0
7.0	833.0	2.0
7.0	834.0	0.0
7.0	835.0	0.0
7.0	836.0	0.0
7.0	837.0	0.0
7.0	838.0	0.0
7.0	839.0	1.0
7.0	840.0	0.0
7.0	841.0	0.0
7.0	842.0	0.0
7.0	843.0	0.0
7.0	844.0	0.0
7.0	845.0	0.0
7.0	846.0	0.0
7.0	847.0	0.0
7.0	848.0	0.0
7.0	849.0	0.0
7.0	850.0	0.0
7.0	851.0	0.0
7.0	852.0	0.0
7.0	853.0	1.0
7.0	854.0	0.0
7.0	855.0	0.0
7.0	856.0	0.0
7.0	857.0	0.0
7.0	858.0	0.0
7.0	859.0	0.0
7.0	860.0	0.0
7.0	861.0	0.0
7.0	862.0	0.0
7.0	863.0	0.0
7.0	864.0	0.0
7.0	865.0	0.0
7.0	866.0	0.0
7.0	867.0	0.0
7.0	868.0	0.0
7.0	869.0	0.0
7.0	870.0	1.0
7.0	871.0	0.0
7.0	872.0	0.0
7.0	873.0	0.0
7.0	874.0	0.0
7.0	875.0	0.0
7.0	876.0	1.0
7.0	877.0	0.0
7.0	878.0	0.0
7.0	879.0	0.0
7.0	880.0	0.0
7.0	881.0	0.0
7.0	882.0	0.0
7.0	883.0	0.0
7.0	884.0	0.0
7.0	885.0	0.0
7.0	886.0	0.0
7.0	887.0	0.0
7.0	888.0	0.0
7.0	889.0	0.0
7.0	890.0	1.0
7.0	891.0	0.0
7.0	892.0	0.0
7.0	893.0	0.0
7.0	894.0	0.0
7.0	895.0	0.0
7.0	896.0	0.0
7.0	897.0	0.0
7.0	898.0	0.0
7.0	899.0	0.0
7.0	900.0	0.0
7.0	901.0	0.0
7.0	902.0	0.0
7.0	903.0	0.0
7.0	904.0	0.0
7.0	905.0	1.0
7.0	906.0	0.0
7.0	907.0	0.0
7.0	908.0	0.0
7.0	909.0	0.0
7.0	910.0	0.0
7.0	911.0	0.0
7.0	912.0	0.0
7.0	913.0	0.0
7.0	914.0	0.0
7.0	915.0	1.0
7.0	916.0	0.0
7.0	917.0	0.0
7.0	918.0	0.0
7.0	919.0	0.0
7.0	920.0	0.0
7.0	921.0	0.0
7.0	922.0	0.0
7.0	923.0	0.0
7.0	924.0	0.0
7.0	925.0	0.0
7.0	926.0	1.0
7.0	927.0	0.0
7.0	928.0	0.0
7.0	929.0	0.0
7.0	930.0	2.0
7.0	931.0	0.0
7.0	932.0	0.0
7.0	933.0	0.0
7.0	934.0	0.0
7.0	935.0	0.0
7.0	936.0	0.0
7.0	937.0	0.0
7.0	938.0	0.0
7.0	939.0	0.0
7.0	940.0	0.0
7.0	941.0	0.0
7.0	942.0	0.0
7.0	943.0	0.0
7.0	944.0	0.0
7.0	945.0	2.0
7.0	946.0	0.0
7.0	947.0	0.0
7.0	948.0	0.0
7.0	949.0	0.0
7.0	950.0	0.0
7.0	951.0	0.0
7.0	952.0	0.0
7.0	953.0	0.0
7.0	954.0	0.0
7.0	955.0	0.0
7.0	956.0	0.0
7.0	957.0	0.0
7.0	958.0	0.0
7.0	959.0	0.0
7.0	960.0	0.0
7.0	961.0	0.0
7.0	962.0	0.0
7.0	963.0	0.0
7.0	964.0	0.0
7.0	965.0	0.0
7.0	966.0	0.0
7.0	967.0	0.0
7.0	968.0	0.0
7.0	969.0	0.0
7.0	970.0	0.0
7.0	971.0	0.0
7.0	972.0	0.0
7.0	973.0	0.0
7.0	974.0	0.0
7.0	975.0	0.0
7.0	976.0	0.0
7.0	977.0	0.0
7.0	978.0	0.0
7.0	979.0	0.0
7.0	980.0	0.0
7.0	981.0	0.0
7.0	982.0	0.0
7.0	983.0	0.0
7.0	984.0	0.0
7.0	985.0	0.0
7.0	986.0	0.0
7.0	987.0	0.0
7.0	988.0	0.0
7.0	989.0	0.0
7.0	990.0	0.0
7.0	991.0	1.0
7.0	992.0	0.0
7.0	993.0	0.0
7.0	994.0	0.0
7.0	995.0	0.0
7.0	996.0	0.0
7.0	997.0	0.0
7.0	998.0	0.0
7.0	999.0	0.0
7.0	1000.0	0.0
