2.0	3.0	1.0	1.0	0.0
2.0	3.0	2.0	1.0	0.0
2.0	3.0	3.0	1.0	0.0
2.0	3.0	4.0	1.0	0.0
2.0	3.0	5.0	1.0	0.0
2.0	3.0	6.0	1.0	0.0
2.0	3.0	7.0	1.0	1.0
2.0	3.0	8.0	1.0	0.0
2.0	3.0	9.0	1.0	0.0
2.0	3.0	10.0	1.0	0.0
2.0	3.0	11.0	1.0	1.0
2.0	3.0	12.0	1.0	0.0
2.0	3.0	13.0	1.0	1.0
2.0	3.0	14.0	1.0	0.0
2.0	3.0	15.0	1.0	0.0
2.0	3.0	16.0	1.0	0.0
2.0	3.0	17.0	1.0	0.0
2.0	3.0	18.0	1.0	0.0
2.0	3.0	19.0	1.0	0.0
2.0	3.0	20.0	1.0	0.0
2.0	3.0	21.0	1.0	0.0
2.0	3.0	22.0	1.0	0.0
2.0	3.0	23.0	1.0	0.0
2.0	3.0	24.0	1.0	0.0
2.0	3.0	25.0	1.0	0.0
2.0	3.0	26.0	1.0	0.0
2.0	3.0	27.0	1.0	0.0
2.0	3.0	28.0	1.0	0.0
2.0	3.0	29.0	1.0	0.0
2.0	3.0	30.0	1.0	1.0
2.0	3.0	31.0	1.0	0.0
2.0	3.0	32.0	1.0	0.0
2.0	3.0	33.0	1.0	0.0
2.0	3.0	34.0	1.0	0.0
2.0	3.0	35.0	1.0	1.0
2.0	3.0	36.0	1.0	0.0
2.0	3.0	37.0	1.0	0.0
2.0	3.0	38.0	1.0	0.0
2.0	3.0	39.0	1.0	1.0
2.0	3.0	40.0	1.0	0.0
2.0	3.0	41.0	1.0	0.0
2.0	3.0	42.0	1.0	0.0
2.0	3.0	43.0	1.0	0.0
2.0	3.0	44.0	1.0	0.0
2.0	3.0	45.0	1.0	0.0
2.0	3.0	46.0	1.0	0.0
2.0	3.0	47.0	1.0	0.0
2.0	3.0	48.0	1.0	1.0
2.0	3.0	49.0	1.0	0.0
2.0	3.0	50.0	1.0	1.0
2.0	3.0	51.0	1.0	0.0
2.0	3.0	52.0	1.0	1.0
2.0	3.0	53.0	1.0	0.0
2.0	3.0	54.0	1.0	0.0
2.0	3.0	55.0	1.0	0.0
2.0	3.0	56.0	1.0	0.0
2.0	3.0	57.0	1.0	0.0
2.0	3.0	58.0	1.0	0.0
2.0	3.0	59.0	1.0	0.0
2.0	3.0	60.0	1.0	0.0
2.0	3.0	61.0	1.0	0.0
2.0	3.0	62.0	1.0	0.0
2.0	3.0	63.0	1.0	0.0
2.0	3.0	64.0	1.0	0.0
2.0	3.0	65.0	1.0	0.0
2.0	3.0	66.0	1.0	0.0
2.0	3.0	67.0	1.0	1.0
2.0	3.0	68.0	1.0	0.0
2.0	3.0	69.0	1.0	0.0
2.0	3.0	70.0	1.0	0.0
2.0	3.0	71.0	1.0	0.0
2.0	3.0	72.0	1.0	1.0
2.0	3.0	73.0	1.0	0.0
2.0	3.0	74.0	1.0	0.0
2.0	3.0	75.0	1.0	0.0
2.0	3.0	76.0	1.0	0.0
2.0	3.0	77.0	1.0	1.0
2.0	3.0	78.0	1.0	0.0
2.0	3.0	79.0	1.0	0.0
2.0	3.0	80.0	1.0	0.0
2.0	3.0	81.0	1.0	0.0
2.0	3.0	82.0	1.0	1.0
2.0	3.0	83.0	1.0	0.0
2.0	3.0	84.0	1.0	0.0
2.0	3.0	85.0	1.0	0.0
2.0	3.0	86.0	1.0	0.0
2.0	3.0	87.0	1.0	0.0
2.0	3.0	88.0	1.0	0.0
2.0	3.0	89.0	1.0	0.0
2.0	3.0	90.0	1.0	0.0
2.0	3.0	91.0	1.0	0.0
2.0	3.0	92.0	1.0	0.0
2.0	3.0	93.0	1.0	0.0
2.0	3.0	94.0	1.0	0.0
2.0	3.0	95.0	1.0	0.0
2.0	3.0	96.0	1.0	0.0
2.0	3.0	97.0	1.0	0.0
2.0	3.0	98.0	1.0	0.0
2.0	3.0	99.0	1.0	0.0
2.0	3.0	100.0	1.0	0.0
2.0	3.0	101.0	1.0	0.0
2.0	3.0	102.0	1.0	0.0
2.0	3.0	103.0	1.0	0.0
2.0	3.0	104.0	1.0	0.0
2.0	3.0	105.0	1.0	0.0
2.0	3.0	106.0	1.0	0.0
2.0	3.0	107.0	1.0	0.0
2.0	3.0	108.0	1.0	0.0
2.0	3.0	109.0	1.0	0.0
2.0	3.0	110.0	1.0	0.0
2.0	3.0	111.0	1.0	0.0
2.0	3.0	112.0	1.0	0.0
2.0	3.0	113.0	1.0	1.0
2.0	3.0	114.0	1.0	0.0
2.0	3.0	115.0	1.0	0.0
2.0	3.0	116.0	1.0	0.0
2.0	3.0	117.0	1.0	0.0
2.0	3.0	118.0	1.0	0.0
2.0	3.0	119.0	1.0	0.0
2.0	3.0	120.0	1.0	0.0
2.0	3.0	121.0	1.0	0.0
2.0	3.0	122.0	1.0	0.0
2.0	3.0	123.0	1.0	0.0
2.0	3.0	124.0	1.0	0.0
2.0	3.0	125.0	1.0	0.0
2.0	3.0	126.0	1.0	0.0
2.0	3.0	127.0	1.0	1.0
2.0	3.0	128.0	1.0	0.0
2.0	3.0	129.0	1.0	0.0
2.0	3.0	130.0	1.0	1.0
2.0	3.0	131.0	1.0	0.0
2.0	3.0	132.0	1.0	1.0
2.0	3.0	133.0	1.0	0.0
2.0	3.0	134.0	1.0	0.0
2.0	3.0	135.0	1.0	0.0
2.0	3.0	136.0	1.0	0.0
2.0	3.0	137.0	1.0	0.0
2.0	3.0	138.0	1.0	0.0
2.0	3.0	139.0	1.0	0.0
2.0	3.0	140.0	1.0	0.0
2.0	3.0	141.0	1.0	1.0
2.0	3.0	142.0	1.0	0.0
2.0	3.0	143.0	1.0	0.0
2.0	3.0	144.0	1.0	0.0
2.0	3.0	145.0	1.0	1.0
2.0	3.0	146.0	1.0	1.0
2.0	3.0	147.0	1.0	0.0
2.0	3.0	148.0	1.0	0.0
2.0	3.0	149.0	1.0	0.0
2.0	3.0	150.0	1.0	0.0
2.0	3.0	151.0	1.0	0.0
2.0	3.0	152.0	1.0	0.0
2.0	3.0	153.0	1.0	0.0
2.0	3.0	154.0	1.0	0.0
2.0	3.0	155.0	1.0	1.0
2.0	3.0	156.0	1.0	0.0
2.0	3.0	157.0	1.0	1.0
2.0	3.0	158.0	1.0	0.0
2.0	3.0	159.0	1.0	0.0
2.0	3.0	160.0	1.0	0.0
2.0	3.0	161.0	1.0	0.0
2.0	3.0	162.0	1.0	0.0
2.0	3.0	163.0	1.0	0.0
2.0	3.0	164.0	1.0	0.0
2.0	3.0	165.0	1.0	0.0
2.0	3.0	166.0	1.0	0.0
2.0	3.0	167.0	1.0	0.0
2.0	3.0	168.0	1.0	0.0
2.0	3.0	169.0	1.0	0.0
2.0	3.0	170.0	1.0	0.0
2.0	3.0	171.0	1.0	0.0
2.0	3.0	172.0	1.0	0.0
2.0	3.0	173.0	1.0	0.0
2.0	3.0	174.0	1.0	0.0
2.0	3.0	175.0	1.0	0.0
2.0	3.0	176.0	1.0	0.0
2.0	3.0	177.0	1.0	1.0
2.0	3.0	178.0	1.0	1.0
2.0	3.0	179.0	1.0	0.0
2.0	3.0	180.0	1.0	0.0
2.0	3.0	181.0	1.0	0.0
2.0	3.0	182.0	1.0	0.0
2.0	3.0	183.0	1.0	1.0
2.0	3.0	184.0	1.0	0.0
2.0	3.0	185.0	1.0	0.0
2.0	3.0	186.0	1.0	0.0
2.0	3.0	187.0	1.0	0.0
2.0	3.0	188.0	1.0	0.0
2.0	3.0	189.0	1.0	0.0
2.0	3.0	190.0	1.0	1.0
2.0	3.0	191.0	1.0	0.0
2.0	3.0	192.0	1.0	1.0
2.0	3.0	193.0	1.0	0.0
2.0	3.0	194.0	1.0	0.0
2.0	3.0	195.0	1.0	0.0
2.0	3.0	196.0	1.0	0.0
2.0	3.0	197.0	1.0	0.0
2.0	3.0	198.0	1.0	0.0
2.0	3.0	199.0	1.0	0.0
2.0	3.0	200.0	1.0	0.0
2.0	3.0	201.0	1.0	0.0
2.0	3.0	202.0	1.0	0.0
2.0	3.0	203.0	1.0	0.0
2.0	3.0	204.0	1.0	0.0
2.0	3.0	205.0	1.0	0.0
2.0	3.0	206.0	1.0	0.0
2.0	3.0	207.0	1.0	0.0
2.0	3.0	208.0	1.0	0.0
2.0	3.0	209.0	1.0	0.0
2.0	3.0	210.0	1.0	0.0
2.0	3.0	211.0	1.0	1.0
2.0	3.0	212.0	1.0	0.0
2.0	3.0	213.0	1.0	0.0
2.0	3.0	214.0	1.0	1.0
2.0	3.0	215.0	1.0	0.0
2.0	3.0	216.0	1.0	0.0
2.0	3.0	217.0	1.0	0.0
2.0	3.0	218.0	1.0	1.0
2.0	3.0	219.0	1.0	0.0
2.0	3.0	220.0	1.0	0.0
2.0	3.0	221.0	1.0	0.0
2.0	3.0	222.0	1.0	0.0
2.0	3.0	223.0	1.0	0.0
2.0	3.0	224.0	1.0	0.0
2.0	3.0	225.0	1.0	0.0
2.0	3.0	226.0	1.0	1.0
2.0	3.0	227.0	1.0	0.0
2.0	3.0	228.0	1.0	0.0
2.0	3.0	229.0	1.0	0.0
2.0	3.0	230.0	1.0	0.0
2.0	3.0	231.0	1.0	0.0
2.0	3.0	232.0	1.0	0.0
2.0	3.0	233.0	1.0	0.0
2.0	3.0	234.0	1.0	0.0
2.0	3.0	235.0	1.0	0.0
2.0	3.0	236.0	1.0	0.0
2.0	3.0	237.0	1.0	1.0
2.0	3.0	238.0	1.0	0.0
2.0	3.0	239.0	1.0	0.0
2.0	3.0	240.0	1.0	0.0
2.0	3.0	241.0	1.0	0.0
2.0	3.0	242.0	1.0	0.0
2.0	3.0	243.0	1.0	0.0
2.0	3.0	244.0	1.0	0.0
2.0	3.0	245.0	1.0	0.0
2.0	3.0	246.0	1.0	1.0
2.0	3.0	247.0	1.0	0.0
2.0	3.0	248.0	1.0	0.0
2.0	3.0	249.0	1.0	0.0
2.0	3.0	250.0	1.0	0.0
2.0	3.0	251.0	1.0	0.0
2.0	3.0	252.0	1.0	0.0
2.0	3.0	253.0	1.0	0.0
2.0	3.0	254.0	1.0	0.0
2.0	3.0	255.0	1.0	0.0
2.0	3.0	256.0	1.0	0.0
2.0	3.0	257.0	1.0	0.0
2.0	3.0	258.0	1.0	0.0
2.0	3.0	259.0	1.0	0.0
2.0	3.0	260.0	1.0	0.0
2.0	3.0	261.0	1.0	0.0
2.0	3.0	262.0	1.0	0.0
2.0	3.0	263.0	1.0	0.0
2.0	3.0	264.0	1.0	0.0
2.0	3.0	265.0	1.0	0.0
2.0	3.0	266.0	1.0	0.0
2.0	3.0	267.0	1.0	0.0
2.0	3.0	268.0	1.0	0.0
2.0	3.0	269.0	1.0	0.0
2.0	3.0	270.0	1.0	0.0
2.0	3.0	271.0	1.0	0.0
2.0	3.0	272.0	1.0	0.0
2.0	3.0	273.0	1.0	0.0
2.0	3.0	274.0	1.0	1.0
2.0	3.0	275.0	1.0	0.0
2.0	3.0	276.0	1.0	0.0
2.0	3.0	277.0	1.0	0.0
2.0	3.0	278.0	1.0	0.0
2.0	3.0	279.0	1.0	0.0
2.0	3.0	280.0	1.0	1.0
2.0	3.0	281.0	1.0	0.0
2.0	3.0	282.0	1.0	0.0
2.0	3.0	283.0	1.0	0.0
2.0	3.0	284.0	1.0	0.0
2.0	3.0	285.0	1.0	0.0
2.0	3.0	286.0	1.0	0.0
2.0	3.0	287.0	1.0	0.0
2.0	3.0	288.0	1.0	0.0
2.0	3.0	289.0	1.0	0.0
2.0	3.0	290.0	1.0	0.0
2.0	3.0	291.0	1.0	0.0
2.0	3.0	292.0	1.0	0.0
2.0	3.0	293.0	1.0	1.0
2.0	3.0	294.0	1.0	1.0
2.0	3.0	295.0	1.0	0.0
2.0	3.0	296.0	1.0	1.0
2.0	3.0	297.0	1.0	1.0
2.0	3.0	298.0	1.0	0.0
2.0	3.0	299.0	1.0	0.0
2.0	3.0	300.0	1.0	0.0
2.0	3.0	301.0	1.0	0.0
2.0	3.0	302.0	1.0	0.0
2.0	3.0	303.0	1.0	0.0
2.0	3.0	304.0	1.0	0.0
2.0	3.0	305.0	1.0	1.0
2.0	3.0	306.0	1.0	0.0
2.0	3.0	307.0	1.0	0.0
2.0	3.0	308.0	1.0	0.0
2.0	3.0	309.0	1.0	0.0
2.0	3.0	310.0	1.0	0.0
2.0	3.0	311.0	1.0	0.0
2.0	3.0	312.0	1.0	0.0
2.0	3.0	313.0	1.0	0.0
2.0	3.0	314.0	1.0	0.0
2.0	3.0	315.0	1.0	0.0
2.0	3.0	316.0	1.0	1.0
2.0	3.0	317.0	1.0	0.0
2.0	3.0	318.0	1.0	0.0
2.0	3.0	319.0	1.0	0.0
2.0	3.0	320.0	1.0	0.0
2.0	3.0	321.0	1.0	1.0
2.0	3.0	322.0	1.0	0.0
2.0	3.0	323.0	1.0	0.0
2.0	3.0	324.0	1.0	0.0
2.0	3.0	325.0	1.0	0.0
2.0	3.0	326.0	1.0	0.0
2.0	3.0	327.0	1.0	0.0
2.0	3.0	328.0	1.0	0.0
2.0	3.0	329.0	1.0	0.0
2.0	3.0	330.0	1.0	0.0
2.0	3.0	331.0	1.0	0.0
2.0	3.0	332.0	1.0	0.0
2.0	3.0	333.0	1.0	1.0
2.0	3.0	334.0	1.0	1.0
2.0	3.0	335.0	1.0	0.0
2.0	3.0	336.0	1.0	0.0
2.0	3.0	337.0	1.0	0.0
2.0	3.0	338.0	1.0	0.0
2.0	3.0	339.0	1.0	0.0
2.0	3.0	340.0	1.0	0.0
2.0	3.0	341.0	1.0	0.0
2.0	3.0	342.0	1.0	0.0
2.0	3.0	343.0	1.0	0.0
2.0	3.0	344.0	1.0	0.0
2.0	3.0	345.0	1.0	0.0
2.0	3.0	346.0	1.0	0.0
2.0	3.0	347.0	1.0	0.0
2.0	3.0	348.0	1.0	1.0
2.0	3.0	349.0	1.0	0.0
2.0	3.0	350.0	1.0	1.0
2.0	3.0	351.0	1.0	0.0
2.0	3.0	352.0	1.0	0.0
2.0	3.0	353.0	1.0	1.0
2.0	3.0	354.0	1.0	0.0
2.0	3.0	355.0	1.0	0.0
2.0	3.0	356.0	1.0	0.0
2.0	3.0	357.0	1.0	0.0
2.0	3.0	358.0	1.0	1.0
2.0	3.0	359.0	1.0	0.0
2.0	3.0	360.0	1.0	0.0
2.0	3.0	361.0	1.0	0.0
2.0	3.0	362.0	1.0	0.0
2.0	3.0	363.0	1.0	1.0
2.0	3.0	364.0	1.0	0.0
2.0	3.0	365.0	1.0	0.0
2.0	3.0	366.0	1.0	0.0
2.0	3.0	367.0	1.0	0.0
2.0	3.0	368.0	1.0	0.0
2.0	3.0	369.0	1.0	0.0
2.0	3.0	370.0	1.0	0.0
2.0	3.0	371.0	1.0	0.0
2.0	3.0	372.0	1.0	0.0
2.0	3.0	373.0	1.0	0.0
2.0	3.0	374.0	1.0	0.0
2.0	3.0	375.0	1.0	0.0
2.0	3.0	376.0	1.0	0.0
2.0	3.0	377.0	1.0	0.0
2.0	3.0	378.0	1.0	0.0
2.0	3.0	379.0	1.0	0.0
2.0	3.0	380.0	1.0	0.0
2.0	3.0	381.0	1.0	0.0
2.0	3.0	382.0	1.0	0.0
2.0	3.0	383.0	1.0	1.0
2.0	3.0	384.0	1.0	1.0
2.0	3.0	385.0	1.0	0.0
2.0	3.0	386.0	1.0	0.0
2.0	3.0	387.0	1.0	0.0
2.0	3.0	388.0	1.0	0.0
2.0	3.0	389.0	1.0	0.0
2.0	3.0	390.0	1.0	0.0
2.0	3.0	391.0	1.0	1.0
2.0	3.0	392.0	1.0	0.0
2.0	3.0	393.0	1.0	0.0
2.0	3.0	394.0	1.0	0.0
2.0	3.0	395.0	1.0	0.0
2.0	3.0	396.0	1.0	0.0
2.0	3.0	397.0	1.0	1.0
2.0	3.0	398.0	1.0	0.0
2.0	3.0	399.0	1.0	0.0
2.0	3.0	400.0	1.0	0.0
2.0	3.0	401.0	1.0	1.0
2.0	3.0	402.0	1.0	1.0
2.0	3.0	403.0	1.0	0.0
2.0	3.0	404.0	1.0	0.0
2.0	3.0	405.0	1.0	0.0
2.0	3.0	406.0	1.0	1.0
2.0	3.0	407.0	1.0	1.0
2.0	3.0	408.0	1.0	1.0
2.0	3.0	409.0	1.0	0.0
2.0	3.0	410.0	1.0	0.0
2.0	3.0	411.0	1.0	0.0
2.0	3.0	412.0	1.0	0.0
2.0	3.0	413.0	1.0	0.0
2.0	3.0	414.0	1.0	0.0
2.0	3.0	415.0	1.0	1.0
2.0	3.0	416.0	1.0	1.0
2.0	3.0	417.0	1.0	0.0
2.0	3.0	418.0	1.0	1.0
2.0	3.0	419.0	1.0	0.0
2.0	3.0	420.0	1.0	0.0
2.0	3.0	421.0	1.0	0.0
2.0	3.0	422.0	1.0	0.0
2.0	3.0	423.0	1.0	0.0
2.0	3.0	424.0	1.0	0.0
2.0	3.0	425.0	1.0	0.0
2.0	3.0	426.0	1.0	0.0
2.0	3.0	427.0	1.0	0.0
2.0	3.0	428.0	1.0	0.0
2.0	3.0	429.0	1.0	0.0
2.0	3.0	430.0	1.0	0.0
2.0	3.0	431.0	1.0	0.0
2.0	3.0	432.0	1.0	0.0
2.0	3.0	433.0	1.0	0.0
2.0	3.0	434.0	1.0	0.0
2.0	3.0	435.0	1.0	0.0
2.0	3.0	436.0	1.0	0.0
2.0	3.0	437.0	1.0	0.0
2.0	3.0	438.0	1.0	0.0
2.0	3.0	439.0	1.0	0.0
2.0	3.0	440.0	1.0	0.0
2.0	3.0	441.0	1.0	0.0
2.0	3.0	442.0	1.0	0.0
2.0	3.0	443.0	1.0	0.0
2.0	3.0	444.0	1.0	0.0
2.0	3.0	445.0	1.0	0.0
2.0	3.0	446.0	1.0	0.0
2.0	3.0	447.0	1.0	0.0
2.0	3.0	448.0	1.0	1.0
2.0	3.0	449.0	1.0	1.0
2.0	3.0	450.0	1.0	0.0
2.0	3.0	451.0	1.0	0.0
2.0	3.0	452.0	1.0	0.0
2.0	3.0	453.0	1.0	0.0
2.0	3.0	454.0	1.0	0.0
2.0	3.0	455.0	1.0	0.0
2.0	3.0	456.0	1.0	0.0
2.0	3.0	457.0	1.0	0.0
2.0	3.0	458.0	1.0	0.0
2.0	3.0	459.0	1.0	0.0
2.0	3.0	460.0	1.0	0.0
2.0	3.0	461.0	1.0	0.0
2.0	3.0	462.0	1.0	0.0
2.0	3.0	463.0	1.0	0.0
2.0	3.0	464.0	1.0	0.0
2.0	3.0	465.0	1.0	0.0
2.0	3.0	466.0	1.0	0.0
2.0	3.0	467.0	1.0	1.0
2.0	3.0	468.0	1.0	0.0
2.0	3.0	469.0	1.0	0.0
2.0	3.0	470.0	1.0	0.0
2.0	3.0	471.0	1.0	0.0
2.0	3.0	472.0	1.0	0.0
2.0	3.0	473.0	1.0	0.0
2.0	3.0	474.0	1.0	0.0
2.0	3.0	475.0	1.0	0.0
2.0	3.0	476.0	1.0	1.0
2.0	3.0	477.0	1.0	0.0
2.0	3.0	478.0	1.0	0.0
2.0	3.0	479.0	1.0	0.0
2.0	3.0	480.0	1.0	1.0
2.0	3.0	481.0	1.0	0.0
2.0	3.0	482.0	1.0	0.0
2.0	3.0	483.0	1.0	0.0
2.0	3.0	484.0	1.0	0.0
2.0	3.0	485.0	1.0	0.0
2.0	3.0	486.0	1.0	0.0
2.0	3.0	487.0	1.0	0.0
2.0	3.0	488.0	1.0	0.0
2.0	3.0	489.0	1.0	0.0
2.0	3.0	490.0	1.0	0.0
2.0	3.0	491.0	1.0	0.0
2.0	3.0	492.0	1.0	0.0
2.0	3.0	493.0	1.0	0.0
2.0	3.0	494.0	1.0	0.0
2.0	3.0	495.0	1.0	0.0
2.0	3.0	496.0	1.0	1.0
2.0	3.0	497.0	1.0	0.0
2.0	3.0	498.0	1.0	0.0
2.0	3.0	499.0	1.0	0.0
2.0	3.0	500.0	1.0	0.0
2.0	4.0	1.0	1.0	0.0
2.0	4.0	2.0	1.0	0.0
2.0	4.0	3.0	1.0	0.0
2.0	4.0	4.0	1.0	0.0
2.0	4.0	5.0	1.0	0.0
2.0	4.0	6.0	1.0	0.0
2.0	4.0	7.0	1.0	0.0
2.0	4.0	8.0	1.0	0.0
2.0	4.0	9.0	1.0	0.0
2.0	4.0	10.0	1.0	0.0
2.0	4.0	11.0	1.0	0.0
2.0	4.0	12.0	1.0	0.0
2.0	4.0	13.0	1.0	0.0
2.0	4.0	14.0	1.0	0.0
2.0	4.0	15.0	1.0	0.0
2.0	4.0	16.0	1.0	1.0
2.0	4.0	17.0	1.0	0.0
2.0	4.0	18.0	1.0	0.0
2.0	4.0	19.0	1.0	0.0
2.0	4.0	20.0	1.0	1.0
2.0	4.0	21.0	1.0	0.0
2.0	4.0	22.0	1.0	0.0
2.0	4.0	23.0	1.0	0.0
2.0	4.0	24.0	1.0	1.0
2.0	4.0	25.0	1.0	0.0
2.0	4.0	26.0	1.0	0.0
2.0	4.0	27.0	1.0	0.0
2.0	4.0	28.0	1.0	0.0
2.0	4.0	29.0	1.0	0.0
2.0	4.0	30.0	1.0	0.0
2.0	4.0	31.0	1.0	0.0
2.0	4.0	32.0	1.0	0.0
2.0	4.0	33.0	1.0	0.0
2.0	4.0	34.0	1.0	0.0
2.0	4.0	35.0	1.0	0.0
2.0	4.0	36.0	1.0	0.0
2.0	4.0	37.0	1.0	0.0
2.0	4.0	38.0	1.0	0.0
2.0	4.0	39.0	1.0	0.0
2.0	4.0	40.0	1.0	0.0
2.0	4.0	41.0	1.0	0.0
2.0	4.0	42.0	1.0	0.0
2.0	4.0	43.0	1.0	0.0
2.0	4.0	44.0	1.0	0.0
2.0	4.0	45.0	1.0	0.0
2.0	4.0	46.0	1.0	0.0
2.0	4.0	47.0	1.0	0.0
2.0	4.0	48.0	1.0	0.0
2.0	4.0	49.0	1.0	0.0
2.0	4.0	50.0	1.0	1.0
2.0	4.0	51.0	1.0	0.0
2.0	4.0	52.0	1.0	1.0
2.0	4.0	53.0	1.0	0.0
2.0	4.0	54.0	1.0	1.0
2.0	4.0	55.0	1.0	0.0
2.0	4.0	56.0	1.0	0.0
2.0	4.0	57.0	1.0	0.0
2.0	4.0	58.0	1.0	0.0
2.0	4.0	59.0	1.0	0.0
2.0	4.0	60.0	1.0	0.0
2.0	4.0	61.0	1.0	0.0
2.0	4.0	62.0	1.0	0.0
2.0	4.0	63.0	1.0	0.0
2.0	4.0	64.0	1.0	0.0
2.0	4.0	65.0	1.0	0.0
2.0	4.0	66.0	1.0	0.0
2.0	4.0	67.0	1.0	0.0
2.0	4.0	68.0	1.0	0.0
2.0	4.0	69.0	1.0	0.0
2.0	4.0	70.0	1.0	0.0
2.0	4.0	71.0	1.0	0.0
2.0	4.0	72.0	1.0	0.0
2.0	4.0	73.0	1.0	0.0
2.0	4.0	74.0	1.0	0.0
2.0	4.0	75.0	1.0	0.0
2.0	4.0	76.0	1.0	0.0
2.0	4.0	77.0	1.0	0.0
2.0	4.0	78.0	1.0	0.0
2.0	4.0	79.0	1.0	0.0
2.0	4.0	80.0	1.0	1.0
2.0	4.0	81.0	1.0	0.0
2.0	4.0	82.0	1.0	0.0
2.0	4.0	83.0	1.0	0.0
2.0	4.0	84.0	1.0	0.0
2.0	4.0	85.0	1.0	0.0
2.0	4.0	86.0	1.0	0.0
2.0	4.0	87.0	1.0	0.0
2.0	4.0	88.0	1.0	0.0
2.0	4.0	89.0	1.0	0.0
2.0	4.0	90.0	1.0	0.0
2.0	4.0	91.0	1.0	0.0
2.0	4.0	92.0	1.0	0.0
2.0	4.0	93.0	1.0	0.0
2.0	4.0	94.0	1.0	0.0
2.0	4.0	95.0	1.0	0.0
2.0	4.0	96.0	1.0	0.0
2.0	4.0	97.0	1.0	0.0
2.0	4.0	98.0	1.0	0.0
2.0	4.0	99.0	1.0	0.0
2.0	4.0	100.0	1.0	1.0
2.0	4.0	101.0	1.0	0.0
2.0	4.0	102.0	1.0	0.0
2.0	4.0	103.0	1.0	1.0
2.0	4.0	104.0	1.0	0.0
2.0	4.0	105.0	1.0	0.0
2.0	4.0	106.0	1.0	0.0
2.0	4.0	107.0	1.0	0.0
2.0	4.0	108.0	1.0	0.0
2.0	4.0	109.0	1.0	0.0
2.0	4.0	110.0	1.0	0.0
2.0	4.0	111.0	1.0	0.0
2.0	4.0	112.0	1.0	1.0
2.0	4.0	113.0	1.0	0.0
2.0	4.0	114.0	1.0	0.0
2.0	4.0	115.0	1.0	0.0
2.0	4.0	116.0	1.0	0.0
2.0	4.0	117.0	1.0	0.0
2.0	4.0	118.0	1.0	0.0
2.0	4.0	119.0	1.0	0.0
2.0	4.0	120.0	1.0	1.0
2.0	4.0	121.0	1.0	0.0
2.0	4.0	122.0	1.0	0.0
2.0	4.0	123.0	1.0	0.0
2.0	4.0	124.0	1.0	0.0
2.0	4.0	125.0	1.0	0.0
2.0	4.0	126.0	1.0	0.0
2.0	4.0	127.0	1.0	0.0
2.0	4.0	128.0	1.0	0.0
2.0	4.0	129.0	1.0	0.0
2.0	4.0	130.0	1.0	0.0
2.0	4.0	131.0	1.0	0.0
2.0	4.0	132.0	1.0	0.0
2.0	4.0	133.0	1.0	0.0
2.0	4.0	134.0	1.0	0.0
2.0	4.0	135.0	1.0	0.0
2.0	4.0	136.0	1.0	0.0
2.0	4.0	137.0	1.0	0.0
2.0	4.0	138.0	1.0	0.0
2.0	4.0	139.0	1.0	1.0
2.0	4.0	140.0	1.0	0.0
2.0	4.0	141.0	1.0	0.0
2.0	4.0	142.0	1.0	0.0
2.0	4.0	143.0	1.0	0.0
2.0	4.0	144.0	1.0	0.0
2.0	4.0	145.0	1.0	0.0
2.0	4.0	146.0	1.0	0.0
2.0	4.0	147.0	1.0	0.0
2.0	4.0	148.0	1.0	0.0
2.0	4.0	149.0	1.0	0.0
2.0	4.0	150.0	1.0	1.0
2.0	4.0	151.0	1.0	0.0
2.0	4.0	152.0	1.0	0.0
2.0	4.0	153.0	1.0	0.0
2.0	4.0	154.0	1.0	0.0
2.0	4.0	155.0	1.0	0.0
2.0	4.0	156.0	1.0	0.0
2.0	4.0	157.0	1.0	0.0
2.0	4.0	158.0	1.0	0.0
2.0	4.0	159.0	1.0	0.0
2.0	4.0	160.0	1.0	0.0
2.0	4.0	161.0	1.0	0.0
2.0	4.0	162.0	1.0	0.0
2.0	4.0	163.0	1.0	0.0
2.0	4.0	164.0	1.0	0.0
2.0	4.0	165.0	1.0	0.0
2.0	4.0	166.0	1.0	0.0
2.0	4.0	167.0	1.0	0.0
2.0	4.0	168.0	1.0	0.0
2.0	4.0	169.0	1.0	0.0
2.0	4.0	170.0	1.0	0.0
2.0	4.0	171.0	1.0	0.0
2.0	4.0	172.0	1.0	0.0
2.0	4.0	173.0	1.0	0.0
2.0	4.0	174.0	1.0	0.0
2.0	4.0	175.0	1.0	0.0
2.0	4.0	176.0	1.0	0.0
2.0	4.0	177.0	1.0	0.0
2.0	4.0	178.0	1.0	0.0
2.0	4.0	179.0	1.0	0.0
2.0	4.0	180.0	1.0	0.0
2.0	4.0	181.0	1.0	0.0
2.0	4.0	182.0	1.0	0.0
2.0	4.0	183.0	1.0	0.0
2.0	4.0	184.0	1.0	0.0
2.0	4.0	185.0	1.0	0.0
2.0	4.0	186.0	1.0	0.0
2.0	4.0	187.0	1.0	0.0
2.0	4.0	188.0	1.0	0.0
2.0	4.0	189.0	1.0	0.0
2.0	4.0	190.0	1.0	0.0
2.0	4.0	191.0	1.0	0.0
2.0	4.0	192.0	1.0	0.0
2.0	4.0	193.0	1.0	1.0
2.0	4.0	194.0	1.0	0.0
2.0	4.0	195.0	1.0	1.0
2.0	4.0	196.0	1.0	0.0
2.0	4.0	197.0	1.0	0.0
2.0	4.0	198.0	1.0	0.0
2.0	4.0	199.0	1.0	0.0
2.0	4.0	200.0	1.0	0.0
2.0	4.0	201.0	1.0	0.0
2.0	4.0	202.0	1.0	0.0
2.0	4.0	203.0	1.0	0.0
2.0	4.0	204.0	1.0	0.0
2.0	4.0	205.0	1.0	0.0
2.0	4.0	206.0	1.0	0.0
2.0	4.0	207.0	1.0	0.0
2.0	4.0	208.0	1.0	0.0
2.0	4.0	209.0	1.0	1.0
2.0	4.0	210.0	1.0	0.0
2.0	4.0	211.0	1.0	0.0
2.0	4.0	212.0	1.0	0.0
2.0	4.0	213.0	1.0	0.0
2.0	4.0	214.0	1.0	0.0
2.0	4.0	215.0	1.0	0.0
2.0	4.0	216.0	1.0	0.0
2.0	4.0	217.0	1.0	0.0
2.0	4.0	218.0	1.0	0.0
2.0	4.0	219.0	1.0	0.0
2.0	4.0	220.0	1.0	0.0
2.0	4.0	221.0	1.0	0.0
2.0	4.0	222.0	1.0	0.0
2.0	4.0	223.0	1.0	0.0
2.0	4.0	224.0	1.0	0.0
2.0	4.0	225.0	1.0	0.0
2.0	4.0	226.0	1.0	0.0
2.0	4.0	227.0	1.0	0.0
2.0	4.0	228.0	1.0	0.0
2.0	4.0	229.0	1.0	0.0
2.0	4.0	230.0	1.0	0.0
2.0	4.0	231.0	1.0	0.0
2.0	4.0	232.0	1.0	1.0
2.0	4.0	233.0	1.0	0.0
2.0	4.0	234.0	1.0	0.0
2.0	4.0	235.0	1.0	0.0
2.0	4.0	236.0	1.0	0.0
2.0	4.0	237.0	1.0	0.0
2.0	4.0	238.0	1.0	0.0
2.0	4.0	239.0	1.0	0.0
2.0	4.0	240.0	1.0	0.0
2.0	4.0	241.0	1.0	0.0
2.0	4.0	242.0	1.0	0.0
2.0	4.0	243.0	1.0	0.0
2.0	4.0	244.0	1.0	0.0
2.0	4.0	245.0	1.0	0.0
2.0	4.0	246.0	1.0	0.0
2.0	4.0	247.0	1.0	0.0
2.0	4.0	248.0	1.0	0.0
2.0	4.0	249.0	1.0	0.0
2.0	4.0	250.0	1.0	0.0
2.0	4.0	251.0	1.0	0.0
2.0	4.0	252.0	1.0	0.0
2.0	4.0	253.0	1.0	0.0
2.0	4.0	254.0	1.0	0.0
2.0	4.0	255.0	1.0	0.0
2.0	4.0	256.0	1.0	0.0
2.0	4.0	257.0	1.0	0.0
2.0	4.0	258.0	1.0	1.0
2.0	4.0	259.0	1.0	0.0
2.0	4.0	260.0	1.0	0.0
2.0	4.0	261.0	1.0	0.0
2.0	4.0	262.0	1.0	0.0
2.0	4.0	263.0	1.0	0.0
2.0	4.0	264.0	1.0	0.0
2.0	4.0	265.0	1.0	0.0
2.0	4.0	266.0	1.0	0.0
2.0	4.0	267.0	1.0	0.0
2.0	4.0	268.0	1.0	0.0
2.0	4.0	269.0	1.0	0.0
2.0	4.0	270.0	1.0	0.0
2.0	4.0	271.0	1.0	0.0
2.0	4.0	272.0	1.0	0.0
2.0	4.0	273.0	1.0	0.0
2.0	4.0	274.0	1.0	0.0
2.0	4.0	275.0	1.0	0.0
2.0	4.0	276.0	1.0	0.0
2.0	4.0	277.0	1.0	1.0
2.0	4.0	278.0	1.0	0.0
2.0	4.0	279.0	1.0	0.0
2.0	4.0	280.0	1.0	0.0
2.0	4.0	281.0	1.0	0.0
2.0	4.0	282.0	1.0	0.0
2.0	4.0	283.0	1.0	0.0
2.0	4.0	284.0	1.0	0.0
2.0	4.0	285.0	1.0	0.0
2.0	4.0	286.0	1.0	0.0
2.0	4.0	287.0	1.0	0.0
2.0	4.0	288.0	1.0	0.0
2.0	4.0	289.0	1.0	0.0
2.0	4.0	290.0	1.0	0.0
2.0	4.0	291.0	1.0	0.0
2.0	4.0	292.0	1.0	0.0
2.0	4.0	293.0	1.0	0.0
2.0	4.0	294.0	1.0	0.0
2.0	4.0	295.0	1.0	0.0
2.0	4.0	296.0	1.0	0.0
2.0	4.0	297.0	1.0	0.0
2.0	4.0	298.0	1.0	0.0
2.0	4.0	299.0	1.0	0.0
2.0	4.0	300.0	1.0	0.0
2.0	4.0	301.0	1.0	0.0
2.0	4.0	302.0	0.0	0.0
2.0	4.0	303.0	1.0	1.0
2.0	4.0	304.0	1.0	0.0
2.0	4.0	305.0	1.0	0.0
2.0	4.0	306.0	1.0	0.0
2.0	4.0	307.0	1.0	0.0
2.0	4.0	308.0	1.0	0.0
2.0	4.0	309.0	1.0	0.0
2.0	4.0	310.0	1.0	0.0
2.0	4.0	311.0	1.0	0.0
2.0	4.0	312.0	1.0	0.0
2.0	4.0	313.0	1.0	0.0
2.0	4.0	314.0	1.0	0.0
2.0	4.0	315.0	1.0	0.0
2.0	4.0	316.0	1.0	0.0
2.0	4.0	317.0	1.0	0.0
2.0	4.0	318.0	1.0	0.0
2.0	4.0	319.0	1.0	0.0
2.0	4.0	320.0	1.0	0.0
2.0	4.0	321.0	1.0	0.0
2.0	4.0	322.0	1.0	0.0
2.0	4.0	323.0	1.0	0.0
2.0	4.0	324.0	1.0	0.0
2.0	4.0	325.0	1.0	0.0
2.0	4.0	326.0	1.0	0.0
2.0	4.0	327.0	1.0	0.0
2.0	4.0	328.0	1.0	0.0
2.0	4.0	329.0	1.0	0.0
2.0	4.0	330.0	1.0	0.0
2.0	4.0	331.0	1.0	0.0
2.0	4.0	332.0	1.0	0.0
2.0	4.0	333.0	1.0	0.0
2.0	4.0	334.0	1.0	0.0
2.0	4.0	335.0	1.0	0.0
2.0	4.0	336.0	1.0	0.0
2.0	4.0	337.0	1.0	0.0
2.0	4.0	338.0	1.0	0.0
2.0	4.0	339.0	1.0	0.0
2.0	4.0	340.0	1.0	0.0
2.0	4.0	341.0	1.0	0.0
2.0	4.0	342.0	1.0	0.0
2.0	4.0	343.0	1.0	0.0
2.0	4.0	344.0	1.0	0.0
2.0	4.0	345.0	1.0	0.0
2.0	4.0	346.0	1.0	0.0
2.0	4.0	347.0	1.0	0.0
2.0	4.0	348.0	1.0	0.0
2.0	4.0	349.0	1.0	0.0
2.0	4.0	350.0	1.0	0.0
2.0	4.0	351.0	1.0	0.0
2.0	4.0	352.0	1.0	0.0
2.0	4.0	353.0	1.0	0.0
2.0	4.0	354.0	1.0	0.0
2.0	4.0	355.0	1.0	0.0
2.0	4.0	356.0	1.0	0.0
2.0	4.0	357.0	1.0	0.0
2.0	4.0	358.0	1.0	0.0
2.0	4.0	359.0	1.0	0.0
2.0	4.0	360.0	1.0	1.0
2.0	4.0	361.0	1.0	0.0
2.0	4.0	362.0	1.0	0.0
2.0	4.0	363.0	1.0	0.0
2.0	4.0	364.0	1.0	0.0
2.0	4.0	365.0	1.0	0.0
2.0	4.0	366.0	1.0	0.0
2.0	4.0	367.0	1.0	0.0
2.0	4.0	368.0	1.0	0.0
2.0	4.0	369.0	1.0	0.0
2.0	4.0	370.0	1.0	0.0
2.0	4.0	371.0	1.0	0.0
2.0	4.0	372.0	1.0	0.0
2.0	4.0	373.0	1.0	0.0
2.0	4.0	374.0	1.0	0.0
2.0	4.0	375.0	1.0	0.0
2.0	4.0	376.0	1.0	0.0
2.0	4.0	377.0	1.0	0.0
2.0	4.0	378.0	1.0	0.0
2.0	4.0	379.0	1.0	0.0
2.0	4.0	380.0	1.0	0.0
2.0	4.0	381.0	1.0	0.0
2.0	4.0	382.0	1.0	0.0
2.0	4.0	383.0	1.0	0.0
2.0	4.0	384.0	1.0	0.0
2.0	4.0	385.0	1.0	0.0
2.0	4.0	386.0	1.0	0.0
2.0	4.0	387.0	1.0	0.0
2.0	4.0	388.0	1.0	0.0
2.0	4.0	389.0	1.0	0.0
2.0	4.0	390.0	1.0	0.0
2.0	4.0	391.0	1.0	0.0
2.0	4.0	392.0	1.0	0.0
2.0	4.0	393.0	1.0	0.0
2.0	4.0	394.0	1.0	0.0
2.0	4.0	395.0	1.0	0.0
2.0	4.0	396.0	1.0	0.0
2.0	4.0	397.0	1.0	0.0
2.0	4.0	398.0	1.0	0.0
2.0	4.0	399.0	1.0	0.0
2.0	4.0	400.0	1.0	0.0
2.0	4.0	401.0	1.0	0.0
2.0	4.0	402.0	1.0	1.0
2.0	4.0	403.0	1.0	0.0
2.0	4.0	404.0	1.0	0.0
2.0	4.0	405.0	1.0	0.0
2.0	4.0	406.0	1.0	0.0
2.0	4.0	407.0	1.0	0.0
2.0	4.0	408.0	1.0	0.0
2.0	4.0	409.0	1.0	0.0
2.0	4.0	410.0	1.0	0.0
2.0	4.0	411.0	1.0	0.0
2.0	4.0	412.0	1.0	0.0
2.0	4.0	413.0	1.0	0.0
2.0	4.0	414.0	1.0	0.0
2.0	4.0	415.0	1.0	0.0
2.0	4.0	416.0	1.0	0.0
2.0	4.0	417.0	1.0	0.0
2.0	4.0	418.0	1.0	0.0
2.0	4.0	419.0	1.0	0.0
2.0	4.0	420.0	1.0	1.0
2.0	4.0	421.0	1.0	0.0
2.0	4.0	422.0	1.0	0.0
2.0	4.0	423.0	1.0	0.0
2.0	4.0	424.0	1.0	0.0
2.0	4.0	425.0	1.0	0.0
2.0	4.0	426.0	1.0	0.0
2.0	4.0	427.0	1.0	0.0
2.0	4.0	428.0	1.0	0.0
2.0	4.0	429.0	1.0	1.0
2.0	4.0	430.0	1.0	0.0
2.0	4.0	431.0	1.0	0.0
2.0	4.0	432.0	1.0	0.0
2.0	4.0	433.0	1.0	0.0
2.0	4.0	434.0	1.0	0.0
2.0	4.0	435.0	1.0	0.0
2.0	4.0	436.0	1.0	0.0
2.0	4.0	437.0	1.0	0.0
2.0	4.0	438.0	1.0	0.0
2.0	4.0	439.0	1.0	0.0
2.0	4.0	440.0	1.0	0.0
2.0	4.0	441.0	1.0	0.0
2.0	4.0	442.0	1.0	0.0
2.0	4.0	443.0	1.0	0.0
2.0	4.0	444.0	1.0	0.0
2.0	4.0	445.0	1.0	0.0
2.0	4.0	446.0	1.0	0.0
2.0	4.0	447.0	1.0	0.0
2.0	4.0	448.0	1.0	1.0
2.0	4.0	449.0	1.0	0.0
2.0	4.0	450.0	1.0	0.0
2.0	4.0	451.0	1.0	0.0
2.0	4.0	452.0	1.0	0.0
2.0	4.0	453.0	1.0	0.0
2.0	4.0	454.0	1.0	0.0
2.0	4.0	455.0	1.0	0.0
2.0	4.0	456.0	1.0	0.0
2.0	4.0	457.0	1.0	0.0
2.0	4.0	458.0	1.0	0.0
2.0	4.0	459.0	1.0	0.0
2.0	4.0	460.0	1.0	0.0
2.0	4.0	461.0	1.0	0.0
2.0	4.0	462.0	1.0	0.0
2.0	4.0	463.0	1.0	0.0
2.0	4.0	464.0	1.0	0.0
2.0	4.0	465.0	1.0	0.0
2.0	4.0	466.0	1.0	0.0
2.0	4.0	467.0	1.0	0.0
2.0	4.0	468.0	1.0	0.0
2.0	4.0	469.0	1.0	0.0
2.0	4.0	470.0	1.0	0.0
2.0	4.0	471.0	1.0	0.0
2.0	4.0	472.0	1.0	0.0
2.0	4.0	473.0	1.0	0.0
2.0	4.0	474.0	1.0	0.0
2.0	4.0	475.0	1.0	0.0
2.0	4.0	476.0	1.0	0.0
2.0	4.0	477.0	1.0	0.0
2.0	4.0	478.0	1.0	0.0
2.0	4.0	479.0	1.0	0.0
2.0	4.0	480.0	1.0	0.0
2.0	4.0	481.0	1.0	0.0
2.0	4.0	482.0	1.0	0.0
2.0	4.0	483.0	1.0	0.0
2.0	4.0	484.0	1.0	0.0
2.0	4.0	485.0	1.0	0.0
2.0	4.0	486.0	1.0	0.0
2.0	4.0	487.0	1.0	0.0
2.0	4.0	488.0	1.0	0.0
2.0	4.0	489.0	1.0	0.0
2.0	4.0	490.0	1.0	0.0
2.0	4.0	491.0	1.0	0.0
2.0	4.0	492.0	1.0	0.0
2.0	4.0	493.0	1.0	0.0
2.0	4.0	494.0	1.0	0.0
2.0	4.0	495.0	1.0	1.0
2.0	4.0	496.0	1.0	1.0
2.0	4.0	497.0	1.0	0.0
2.0	4.0	498.0	1.0	0.0
2.0	4.0	499.0	1.0	0.0
2.0	4.0	500.0	1.0	0.0
2.0	5.0	1.0	1.0	0.0
2.0	5.0	2.0	1.0	1.0
2.0	5.0	3.0	1.0	0.0
2.0	5.0	4.0	1.0	0.0
2.0	5.0	5.0	1.0	0.0
2.0	5.0	6.0	1.0	0.0
2.0	5.0	7.0	1.0	0.0
2.0	5.0	8.0	1.0	0.0
2.0	5.0	9.0	1.0	0.0
2.0	5.0	10.0	1.0	0.0
2.0	5.0	11.0	1.0	0.0
2.0	5.0	12.0	1.0	0.0
2.0	5.0	13.0	1.0	0.0
2.0	5.0	14.0	1.0	0.0
2.0	5.0	15.0	1.0	0.0
2.0	5.0	16.0	1.0	0.0
2.0	5.0	17.0	1.0	0.0
2.0	5.0	18.0	1.0	0.0
2.0	5.0	19.0	1.0	0.0
2.0	5.0	20.0	1.0	0.0
2.0	5.0	21.0	1.0	0.0
2.0	5.0	22.0	1.0	0.0
2.0	5.0	23.0	1.0	0.0
2.0	5.0	24.0	1.0	0.0
2.0	5.0	25.0	1.0	0.0
2.0	5.0	26.0	1.0	0.0
2.0	5.0	27.0	1.0	0.0
2.0	5.0	28.0	1.0	0.0
2.0	5.0	29.0	1.0	0.0
2.0	5.0	30.0	1.0	0.0
2.0	5.0	31.0	1.0	0.0
2.0	5.0	32.0	1.0	0.0
2.0	5.0	33.0	1.0	0.0
2.0	5.0	34.0	1.0	1.0
2.0	5.0	35.0	1.0	1.0
2.0	5.0	36.0	1.0	0.0
2.0	5.0	37.0	1.0	0.0
2.0	5.0	38.0	1.0	0.0
2.0	5.0	39.0	1.0	0.0
2.0	5.0	40.0	1.0	0.0
2.0	5.0	41.0	1.0	0.0
2.0	5.0	42.0	1.0	0.0
2.0	5.0	43.0	1.0	0.0
2.0	5.0	44.0	1.0	1.0
2.0	5.0	45.0	1.0	0.0
2.0	5.0	46.0	1.0	0.0
2.0	5.0	47.0	1.0	0.0
2.0	5.0	48.0	1.0	0.0
2.0	5.0	49.0	1.0	0.0
2.0	5.0	50.0	1.0	0.0
2.0	5.0	51.0	1.0	0.0
2.0	5.0	52.0	1.0	0.0
2.0	5.0	53.0	1.0	0.0
2.0	5.0	54.0	1.0	0.0
2.0	5.0	55.0	1.0	0.0
2.0	5.0	56.0	1.0	0.0
2.0	5.0	57.0	1.0	0.0
2.0	5.0	58.0	1.0	0.0
2.0	5.0	59.0	1.0	0.0
2.0	5.0	60.0	1.0	0.0
2.0	5.0	61.0	1.0	0.0
2.0	5.0	62.0	1.0	0.0
2.0	5.0	63.0	1.0	0.0
2.0	5.0	64.0	1.0	0.0
2.0	5.0	65.0	1.0	0.0
2.0	5.0	66.0	1.0	0.0
2.0	5.0	67.0	1.0	0.0
2.0	5.0	68.0	1.0	0.0
2.0	5.0	69.0	1.0	0.0
2.0	5.0	70.0	1.0	0.0
2.0	5.0	71.0	1.0	0.0
2.0	5.0	72.0	1.0	0.0
2.0	5.0	73.0	1.0	0.0
2.0	5.0	74.0	1.0	0.0
2.0	5.0	75.0	1.0	0.0
2.0	5.0	76.0	1.0	0.0
2.0	5.0	77.0	1.0	0.0
2.0	5.0	78.0	1.0	0.0
2.0	5.0	79.0	1.0	0.0
2.0	5.0	80.0	1.0	0.0
2.0	5.0	81.0	1.0	0.0
2.0	5.0	82.0	1.0	0.0
2.0	5.0	83.0	1.0	1.0
2.0	5.0	84.0	1.0	0.0
2.0	5.0	85.0	1.0	0.0
2.0	5.0	86.0	1.0	0.0
2.0	5.0	87.0	1.0	0.0
2.0	5.0	88.0	1.0	0.0
2.0	5.0	89.0	1.0	0.0
2.0	5.0	90.0	1.0	0.0
2.0	5.0	91.0	1.0	0.0
2.0	5.0	92.0	1.0	0.0
2.0	5.0	93.0	1.0	0.0
2.0	5.0	94.0	1.0	0.0
2.0	5.0	95.0	1.0	0.0
2.0	5.0	96.0	1.0	0.0
2.0	5.0	97.0	1.0	0.0
2.0	5.0	98.0	1.0	0.0
2.0	5.0	99.0	1.0	0.0
2.0	5.0	100.0	1.0	0.0
2.0	5.0	101.0	1.0	0.0
2.0	5.0	102.0	1.0	0.0
2.0	5.0	103.0	1.0	0.0
2.0	5.0	104.0	1.0	0.0
2.0	5.0	105.0	1.0	0.0
2.0	5.0	106.0	1.0	0.0
2.0	5.0	107.0	1.0	0.0
2.0	5.0	108.0	1.0	0.0
2.0	5.0	109.0	1.0	0.0
2.0	5.0	110.0	1.0	0.0
2.0	5.0	111.0	1.0	0.0
2.0	5.0	112.0	1.0	0.0
2.0	5.0	113.0	1.0	0.0
2.0	5.0	114.0	1.0	0.0
2.0	5.0	115.0	1.0	0.0
2.0	5.0	116.0	1.0	0.0
2.0	5.0	117.0	1.0	0.0
2.0	5.0	118.0	1.0	0.0
2.0	5.0	119.0	1.0	0.0
2.0	5.0	120.0	1.0	0.0
2.0	5.0	121.0	1.0	0.0
2.0	5.0	122.0	1.0	0.0
2.0	5.0	123.0	1.0	0.0
2.0	5.0	124.0	1.0	0.0
2.0	5.0	125.0	1.0	0.0
2.0	5.0	126.0	1.0	0.0
2.0	5.0	127.0	1.0	0.0
2.0	5.0	128.0	1.0	0.0
2.0	5.0	129.0	1.0	0.0
2.0	5.0	130.0	1.0	0.0
2.0	5.0	131.0	1.0	0.0
2.0	5.0	132.0	1.0	1.0
2.0	5.0	133.0	1.0	0.0
2.0	5.0	134.0	1.0	0.0
2.0	5.0	135.0	1.0	0.0
2.0	5.0	136.0	1.0	0.0
2.0	5.0	137.0	1.0	1.0
2.0	5.0	138.0	1.0	0.0
2.0	5.0	139.0	1.0	0.0
2.0	5.0	140.0	1.0	0.0
2.0	5.0	141.0	1.0	0.0
2.0	5.0	142.0	1.0	0.0
2.0	5.0	143.0	1.0	0.0
2.0	5.0	144.0	1.0	0.0
2.0	5.0	145.0	1.0	0.0
2.0	5.0	146.0	1.0	0.0
2.0	5.0	147.0	1.0	0.0
2.0	5.0	148.0	1.0	0.0
2.0	5.0	149.0	1.0	0.0
2.0	5.0	150.0	1.0	0.0
2.0	5.0	151.0	1.0	0.0
2.0	5.0	152.0	1.0	0.0
2.0	5.0	153.0	1.0	0.0
2.0	5.0	154.0	1.0	0.0
2.0	5.0	155.0	1.0	0.0
2.0	5.0	156.0	1.0	1.0
2.0	5.0	157.0	1.0	0.0
2.0	5.0	158.0	1.0	0.0
2.0	5.0	159.0	1.0	0.0
2.0	5.0	160.0	1.0	0.0
2.0	5.0	161.0	1.0	0.0
2.0	5.0	162.0	1.0	0.0
2.0	5.0	163.0	1.0	0.0
2.0	5.0	164.0	1.0	0.0
2.0	5.0	165.0	1.0	0.0
2.0	5.0	166.0	1.0	0.0
2.0	5.0	167.0	1.0	0.0
2.0	5.0	168.0	1.0	0.0
2.0	5.0	169.0	1.0	0.0
2.0	5.0	170.0	1.0	0.0
2.0	5.0	171.0	1.0	0.0
2.0	5.0	172.0	1.0	0.0
2.0	5.0	173.0	1.0	0.0
2.0	5.0	174.0	1.0	0.0
2.0	5.0	175.0	1.0	0.0
2.0	5.0	176.0	1.0	0.0
2.0	5.0	177.0	1.0	0.0
2.0	5.0	178.0	1.0	0.0
2.0	5.0	179.0	1.0	0.0
2.0	5.0	180.0	1.0	0.0
2.0	5.0	181.0	1.0	0.0
2.0	5.0	182.0	1.0	0.0
2.0	5.0	183.0	1.0	0.0
2.0	5.0	184.0	1.0	0.0
2.0	5.0	185.0	1.0	0.0
2.0	5.0	186.0	1.0	0.0
2.0	5.0	187.0	1.0	0.0
2.0	5.0	188.0	1.0	0.0
2.0	5.0	189.0	1.0	1.0
2.0	5.0	190.0	1.0	0.0
2.0	5.0	191.0	1.0	0.0
2.0	5.0	192.0	1.0	0.0
2.0	5.0	193.0	1.0	0.0
2.0	5.0	194.0	1.0	0.0
2.0	5.0	195.0	1.0	0.0
2.0	5.0	196.0	1.0	0.0
2.0	5.0	197.0	1.0	0.0
2.0	5.0	198.0	1.0	0.0
2.0	5.0	199.0	1.0	0.0
2.0	5.0	200.0	1.0	0.0
2.0	5.0	201.0	1.0	0.0
2.0	5.0	202.0	1.0	0.0
2.0	5.0	203.0	1.0	0.0
2.0	5.0	204.0	1.0	0.0
2.0	5.0	205.0	1.0	0.0
2.0	5.0	206.0	1.0	0.0
2.0	5.0	207.0	1.0	0.0
2.0	5.0	208.0	1.0	0.0
2.0	5.0	209.0	1.0	0.0
2.0	5.0	210.0	1.0	0.0
2.0	5.0	211.0	1.0	0.0
2.0	5.0	212.0	1.0	0.0
2.0	5.0	213.0	1.0	0.0
2.0	5.0	214.0	1.0	0.0
2.0	5.0	215.0	1.0	0.0
2.0	5.0	216.0	1.0	0.0
2.0	5.0	217.0	1.0	0.0
2.0	5.0	218.0	1.0	0.0
2.0	5.0	219.0	1.0	0.0
2.0	5.0	220.0	1.0	0.0
2.0	5.0	221.0	1.0	0.0
2.0	5.0	222.0	1.0	0.0
2.0	5.0	223.0	1.0	0.0
2.0	5.0	224.0	1.0	0.0
2.0	5.0	225.0	1.0	0.0
2.0	5.0	226.0	1.0	0.0
2.0	5.0	227.0	1.0	0.0
2.0	5.0	228.0	1.0	0.0
2.0	5.0	229.0	1.0	0.0
2.0	5.0	230.0	1.0	0.0
2.0	5.0	231.0	1.0	0.0
2.0	5.0	232.0	1.0	0.0
2.0	5.0	233.0	1.0	0.0
2.0	5.0	234.0	1.0	0.0
2.0	5.0	235.0	1.0	0.0
2.0	5.0	236.0	1.0	0.0
2.0	5.0	237.0	1.0	0.0
2.0	5.0	238.0	1.0	0.0
2.0	5.0	239.0	1.0	0.0
2.0	5.0	240.0	1.0	0.0
2.0	5.0	241.0	1.0	0.0
2.0	5.0	242.0	1.0	0.0
2.0	5.0	243.0	1.0	0.0
2.0	5.0	244.0	1.0	0.0
2.0	5.0	245.0	1.0	0.0
2.0	5.0	246.0	1.0	0.0
2.0	5.0	247.0	1.0	0.0
2.0	5.0	248.0	1.0	0.0
2.0	5.0	249.0	1.0	0.0
2.0	5.0	250.0	1.0	0.0
2.0	5.0	251.0	1.0	0.0
2.0	5.0	252.0	1.0	0.0
2.0	5.0	253.0	1.0	0.0
2.0	5.0	254.0	1.0	0.0
2.0	5.0	255.0	1.0	0.0
2.0	5.0	256.0	1.0	0.0
2.0	5.0	257.0	1.0	0.0
2.0	5.0	258.0	1.0	0.0
2.0	5.0	259.0	1.0	0.0
2.0	5.0	260.0	1.0	0.0
2.0	5.0	261.0	1.0	0.0
2.0	5.0	262.0	1.0	0.0
2.0	5.0	263.0	1.0	0.0
2.0	5.0	264.0	1.0	0.0
2.0	5.0	265.0	1.0	0.0
2.0	5.0	266.0	1.0	0.0
2.0	5.0	267.0	1.0	0.0
2.0	5.0	268.0	1.0	0.0
2.0	5.0	269.0	1.0	1.0
2.0	5.0	270.0	1.0	0.0
2.0	5.0	271.0	1.0	0.0
2.0	5.0	272.0	1.0	0.0
2.0	5.0	273.0	1.0	0.0
2.0	5.0	274.0	1.0	0.0
2.0	5.0	275.0	1.0	0.0
2.0	5.0	276.0	1.0	0.0
2.0	5.0	277.0	1.0	0.0
2.0	5.0	278.0	1.0	0.0
2.0	5.0	279.0	1.0	0.0
2.0	5.0	280.0	1.0	0.0
2.0	5.0	281.0	1.0	0.0
2.0	5.0	282.0	1.0	0.0
2.0	5.0	283.0	1.0	0.0
2.0	5.0	284.0	1.0	0.0
2.0	5.0	285.0	1.0	0.0
2.0	5.0	286.0	1.0	0.0
2.0	5.0	287.0	1.0	0.0
2.0	5.0	288.0	1.0	0.0
2.0	5.0	289.0	1.0	0.0
2.0	5.0	290.0	1.0	0.0
2.0	5.0	291.0	1.0	0.0
2.0	5.0	292.0	1.0	0.0
2.0	5.0	293.0	1.0	0.0
2.0	5.0	294.0	1.0	0.0
2.0	5.0	295.0	1.0	0.0
2.0	5.0	296.0	1.0	0.0
2.0	5.0	297.0	1.0	0.0
2.0	5.0	298.0	1.0	0.0
2.0	5.0	299.0	1.0	0.0
2.0	5.0	300.0	1.0	0.0
2.0	5.0	301.0	1.0	0.0
2.0	5.0	302.0	1.0	0.0
2.0	5.0	303.0	1.0	0.0
2.0	5.0	304.0	1.0	0.0
2.0	5.0	305.0	1.0	0.0
2.0	5.0	306.0	1.0	0.0
2.0	5.0	307.0	1.0	0.0
2.0	5.0	308.0	1.0	0.0
2.0	5.0	309.0	1.0	0.0
2.0	5.0	310.0	1.0	0.0
2.0	5.0	311.0	1.0	0.0
2.0	5.0	312.0	1.0	0.0
2.0	5.0	313.0	1.0	0.0
2.0	5.0	314.0	1.0	0.0
2.0	5.0	315.0	1.0	0.0
2.0	5.0	316.0	1.0	0.0
2.0	5.0	317.0	1.0	0.0
2.0	5.0	318.0	1.0	0.0
2.0	5.0	319.0	1.0	0.0
2.0	5.0	320.0	1.0	0.0
2.0	5.0	321.0	1.0	0.0
2.0	5.0	322.0	1.0	0.0
2.0	5.0	323.0	1.0	0.0
2.0	5.0	324.0	1.0	0.0
2.0	5.0	325.0	1.0	0.0
2.0	5.0	326.0	1.0	0.0
2.0	5.0	327.0	1.0	0.0
2.0	5.0	328.0	1.0	0.0
2.0	5.0	329.0	1.0	0.0
2.0	5.0	330.0	1.0	0.0
2.0	5.0	331.0	1.0	0.0
2.0	5.0	332.0	1.0	0.0
2.0	5.0	333.0	1.0	0.0
2.0	5.0	334.0	1.0	0.0
2.0	5.0	335.0	1.0	0.0
2.0	5.0	336.0	1.0	0.0
2.0	5.0	337.0	1.0	0.0
2.0	5.0	338.0	1.0	0.0
2.0	5.0	339.0	1.0	0.0
2.0	5.0	340.0	1.0	0.0
2.0	5.0	341.0	1.0	0.0
2.0	5.0	342.0	1.0	0.0
2.0	5.0	343.0	1.0	0.0
2.0	5.0	344.0	1.0	0.0
2.0	5.0	345.0	1.0	0.0
2.0	5.0	346.0	1.0	0.0
2.0	5.0	347.0	1.0	0.0
2.0	5.0	348.0	1.0	0.0
2.0	5.0	349.0	1.0	0.0
2.0	5.0	350.0	1.0	0.0
2.0	5.0	351.0	1.0	0.0
2.0	5.0	352.0	1.0	0.0
2.0	5.0	353.0	1.0	0.0
2.0	5.0	354.0	1.0	0.0
2.0	5.0	355.0	1.0	0.0
2.0	5.0	356.0	1.0	0.0
2.0	5.0	357.0	1.0	0.0
2.0	5.0	358.0	1.0	0.0
2.0	5.0	359.0	1.0	0.0
2.0	5.0	360.0	1.0	0.0
2.0	5.0	361.0	1.0	0.0
2.0	5.0	362.0	1.0	0.0
2.0	5.0	363.0	1.0	0.0
2.0	5.0	364.0	1.0	0.0
2.0	5.0	365.0	1.0	0.0
2.0	5.0	366.0	1.0	0.0
2.0	5.0	367.0	1.0	0.0
2.0	5.0	368.0	1.0	0.0
2.0	5.0	369.0	1.0	0.0
2.0	5.0	370.0	1.0	0.0
2.0	5.0	371.0	1.0	0.0
2.0	5.0	372.0	1.0	0.0
2.0	5.0	373.0	1.0	0.0
2.0	5.0	374.0	1.0	0.0
2.0	5.0	375.0	1.0	0.0
2.0	5.0	376.0	1.0	0.0
2.0	5.0	377.0	1.0	0.0
2.0	5.0	378.0	1.0	0.0
2.0	5.0	379.0	1.0	0.0
2.0	5.0	380.0	1.0	0.0
2.0	5.0	381.0	1.0	0.0
2.0	5.0	382.0	1.0	0.0
2.0	5.0	383.0	1.0	0.0
2.0	5.0	384.0	1.0	0.0
2.0	5.0	385.0	1.0	0.0
2.0	5.0	386.0	1.0	0.0
2.0	5.0	387.0	1.0	0.0
2.0	5.0	388.0	1.0	0.0
2.0	5.0	389.0	1.0	0.0
2.0	5.0	390.0	1.0	0.0
2.0	5.0	391.0	1.0	0.0
2.0	5.0	392.0	1.0	1.0
2.0	5.0	393.0	1.0	0.0
2.0	5.0	394.0	1.0	0.0
2.0	5.0	395.0	1.0	0.0
2.0	5.0	396.0	1.0	0.0
2.0	5.0	397.0	1.0	0.0
2.0	5.0	398.0	1.0	0.0
2.0	5.0	399.0	1.0	0.0
2.0	5.0	400.0	1.0	0.0
2.0	5.0	401.0	1.0	0.0
2.0	5.0	402.0	1.0	1.0
2.0	5.0	403.0	1.0	0.0
2.0	5.0	404.0	1.0	0.0
2.0	5.0	405.0	1.0	0.0
2.0	5.0	406.0	1.0	0.0
2.0	5.0	407.0	1.0	0.0
2.0	5.0	408.0	1.0	0.0
2.0	5.0	409.0	1.0	0.0
2.0	5.0	410.0	1.0	0.0
2.0	5.0	411.0	1.0	0.0
2.0	5.0	412.0	1.0	0.0
2.0	5.0	413.0	1.0	0.0
2.0	5.0	414.0	1.0	0.0
2.0	5.0	415.0	1.0	0.0
2.0	5.0	416.0	1.0	0.0
2.0	5.0	417.0	1.0	0.0
2.0	5.0	418.0	1.0	0.0
2.0	5.0	419.0	1.0	0.0
2.0	5.0	420.0	1.0	0.0
2.0	5.0	421.0	1.0	0.0
2.0	5.0	422.0	1.0	0.0
2.0	5.0	423.0	1.0	0.0
2.0	5.0	424.0	1.0	0.0
2.0	5.0	425.0	1.0	0.0
2.0	5.0	426.0	1.0	0.0
2.0	5.0	427.0	1.0	1.0
2.0	5.0	428.0	1.0	0.0
2.0	5.0	429.0	1.0	0.0
2.0	5.0	430.0	1.0	0.0
2.0	5.0	431.0	1.0	0.0
2.0	5.0	432.0	1.0	0.0
2.0	5.0	433.0	1.0	0.0
2.0	5.0	434.0	1.0	0.0
2.0	5.0	435.0	1.0	0.0
2.0	5.0	436.0	1.0	0.0
2.0	5.0	437.0	1.0	0.0
2.0	5.0	438.0	1.0	0.0
2.0	5.0	439.0	1.0	0.0
2.0	5.0	440.0	1.0	0.0
2.0	5.0	441.0	1.0	0.0
2.0	5.0	442.0	1.0	0.0
2.0	5.0	443.0	1.0	1.0
2.0	5.0	444.0	1.0	0.0
2.0	5.0	445.0	1.0	0.0
2.0	5.0	446.0	1.0	0.0
2.0	5.0	447.0	1.0	0.0
2.0	5.0	448.0	1.0	0.0
2.0	5.0	449.0	1.0	0.0
2.0	5.0	450.0	1.0	0.0
2.0	5.0	451.0	1.0	0.0
2.0	5.0	452.0	1.0	0.0
2.0	5.0	453.0	1.0	0.0
2.0	5.0	454.0	1.0	0.0
2.0	5.0	455.0	1.0	0.0
2.0	5.0	456.0	1.0	0.0
2.0	5.0	457.0	1.0	0.0
2.0	5.0	458.0	1.0	0.0
2.0	5.0	459.0	1.0	0.0
2.0	5.0	460.0	1.0	0.0
2.0	5.0	461.0	1.0	0.0
2.0	5.0	462.0	1.0	0.0
2.0	5.0	463.0	1.0	0.0
2.0	5.0	464.0	1.0	0.0
2.0	5.0	465.0	1.0	0.0
2.0	5.0	466.0	1.0	0.0
2.0	5.0	467.0	1.0	1.0
2.0	5.0	468.0	1.0	0.0
2.0	5.0	469.0	1.0	0.0
2.0	5.0	470.0	1.0	0.0
2.0	5.0	471.0	1.0	0.0
2.0	5.0	472.0	1.0	0.0
2.0	5.0	473.0	1.0	0.0
2.0	5.0	474.0	1.0	0.0
2.0	5.0	475.0	1.0	0.0
2.0	5.0	476.0	1.0	0.0
2.0	5.0	477.0	1.0	0.0
2.0	5.0	478.0	1.0	0.0
2.0	5.0	479.0	1.0	0.0
2.0	5.0	480.0	1.0	0.0
2.0	5.0	481.0	1.0	0.0
2.0	5.0	482.0	1.0	0.0
2.0	5.0	483.0	1.0	0.0
2.0	5.0	484.0	1.0	0.0
2.0	5.0	485.0	1.0	0.0
2.0	5.0	486.0	1.0	0.0
2.0	5.0	487.0	1.0	0.0
2.0	5.0	488.0	1.0	0.0
2.0	5.0	489.0	1.0	0.0
2.0	5.0	490.0	1.0	0.0
2.0	5.0	491.0	1.0	0.0
2.0	5.0	492.0	1.0	0.0
2.0	5.0	493.0	1.0	0.0
2.0	5.0	494.0	1.0	0.0
2.0	5.0	495.0	1.0	0.0
2.0	5.0	496.0	1.0	0.0
2.0	5.0	497.0	1.0	0.0
2.0	5.0	498.0	1.0	0.0
2.0	5.0	499.0	1.0	0.0
2.0	5.0	500.0	1.0	0.0
3.0	3.0	1.0	4.0	0.0
3.0	3.0	2.0	2.0	0.0
3.0	3.0	3.0	4.0	0.0
3.0	3.0	4.0	0.0	0.0
3.0	3.0	5.0	0.0	0.0
3.0	3.0	6.0	4.0	0.0
3.0	3.0	7.0	2.0	0.0
3.0	3.0	8.0	0.0	0.0
3.0	3.0	9.0	2.0	1.0
3.0	3.0	10.0	4.0	0.0
3.0	3.0	11.0	2.0	0.0
3.0	3.0	12.0	4.0	0.0
3.0	3.0	13.0	4.0	0.0
3.0	3.0	14.0	0.0	0.0
3.0	3.0	15.0	4.0	1.0
3.0	3.0	16.0	2.0	0.0
3.0	3.0	17.0	2.0	0.0
3.0	3.0	18.0	4.0	1.0
3.0	3.0	19.0	0.0	0.0
3.0	3.0	20.0	2.0	1.0
3.0	3.0	21.0	2.0	0.0
3.0	3.0	22.0	2.0	0.0
3.0	3.0	23.0	0.0	0.0
3.0	3.0	24.0	2.0	0.0
3.0	3.0	25.0	2.0	0.0
3.0	3.0	26.0	4.0	1.0
3.0	3.0	27.0	4.0	0.0
3.0	3.0	28.0	0.0	0.0
3.0	3.0	29.0	2.0	0.0
3.0	3.0	30.0	4.0	0.0
3.0	3.0	31.0	4.0	2.0
3.0	3.0	32.0	2.0	0.0
3.0	3.0	33.0	2.0	0.0
3.0	3.0	34.0	4.0	0.0
3.0	3.0	35.0	4.0	1.0
3.0	3.0	36.0	4.0	0.0
3.0	3.0	37.0	4.0	1.0
3.0	3.0	38.0	4.0	0.0
3.0	3.0	39.0	4.0	0.0
3.0	3.0	40.0	2.0	2.0
3.0	3.0	41.0	4.0	1.0
3.0	3.0	42.0	4.0	0.0
3.0	3.0	43.0	4.0	1.0
3.0	3.0	44.0	0.0	0.0
3.0	3.0	45.0	0.0	0.0
3.0	3.0	46.0	2.0	1.0
3.0	3.0	47.0	4.0	0.0
3.0	3.0	48.0	6.0	1.0
3.0	3.0	49.0	0.0	0.0
3.0	3.0	50.0	2.0	0.0
3.0	3.0	51.0	6.0	0.0
3.0	3.0	52.0	2.0	0.0
3.0	3.0	53.0	0.0	0.0
3.0	3.0	54.0	4.0	0.0
3.0	3.0	55.0	0.0	0.0
3.0	3.0	56.0	2.0	0.0
3.0	3.0	57.0	2.0	1.0
3.0	3.0	58.0	2.0	1.0
3.0	3.0	59.0	2.0	0.0
3.0	3.0	60.0	2.0	0.0
3.0	3.0	61.0	4.0	0.0
3.0	3.0	62.0	0.0	0.0
3.0	3.0	63.0	0.0	0.0
3.0	3.0	64.0	0.0	0.0
3.0	3.0	65.0	2.0	0.0
3.0	3.0	66.0	4.0	0.0
3.0	3.0	67.0	2.0	0.0
3.0	3.0	68.0	2.0	0.0
3.0	3.0	69.0	2.0	0.0
3.0	3.0	70.0	4.0	0.0
3.0	3.0	71.0	2.0	0.0
3.0	3.0	72.0	4.0	0.0
3.0	3.0	73.0	0.0	0.0
3.0	3.0	74.0	2.0	0.0
3.0	3.0	75.0	0.0	0.0
3.0	3.0	76.0	4.0	0.0
3.0	3.0	77.0	2.0	0.0
3.0	3.0	78.0	2.0	1.0
3.0	3.0	79.0	2.0	1.0
3.0	3.0	80.0	2.0	0.0
3.0	3.0	81.0	0.0	0.0
3.0	3.0	82.0	4.0	1.0
3.0	3.0	83.0	0.0	0.0
3.0	3.0	84.0	4.0	0.0
3.0	3.0	85.0	2.0	0.0
3.0	3.0	86.0	2.0	0.0
3.0	3.0	87.0	6.0	1.0
3.0	3.0	88.0	2.0	1.0
3.0	3.0	89.0	4.0	0.0
3.0	3.0	90.0	4.0	0.0
3.0	3.0	91.0	4.0	1.0
3.0	3.0	92.0	2.0	0.0
3.0	3.0	93.0	4.0	1.0
3.0	3.0	94.0	4.0	1.0
3.0	3.0	95.0	4.0	0.0
3.0	3.0	96.0	0.0	0.0
3.0	3.0	97.0	4.0	0.0
3.0	3.0	98.0	4.0	0.0
3.0	3.0	99.0	2.0	1.0
3.0	3.0	100.0	4.0	1.0
3.0	3.0	101.0	2.0	0.0
3.0	3.0	102.0	2.0	1.0
3.0	3.0	103.0	0.0	0.0
3.0	3.0	104.0	2.0	0.0
3.0	3.0	105.0	4.0	0.0
3.0	3.0	106.0	2.0	0.0
3.0	3.0	107.0	6.0	0.0
3.0	3.0	108.0	4.0	0.0
3.0	3.0	109.0	4.0	1.0
3.0	3.0	110.0	4.0	0.0
3.0	3.0	111.0	4.0	1.0
3.0	3.0	112.0	4.0	0.0
3.0	3.0	113.0	4.0	0.0
3.0	3.0	114.0	2.0	1.0
3.0	3.0	115.0	2.0	0.0
3.0	3.0	116.0	6.0	2.0
3.0	3.0	117.0	4.0	1.0
3.0	3.0	118.0	2.0	0.0
3.0	3.0	119.0	2.0	0.0
3.0	3.0	120.0	0.0	0.0
3.0	3.0	121.0	4.0	1.0
3.0	3.0	122.0	2.0	0.0
3.0	3.0	123.0	0.0	0.0
3.0	3.0	124.0	4.0	1.0
3.0	3.0	125.0	0.0	0.0
3.0	3.0	126.0	2.0	0.0
3.0	3.0	127.0	2.0	0.0
3.0	3.0	128.0	2.0	0.0
3.0	3.0	129.0	2.0	0.0
3.0	3.0	130.0	4.0	0.0
3.0	3.0	131.0	0.0	0.0
3.0	3.0	132.0	2.0	0.0
3.0	3.0	133.0	4.0	2.0
3.0	3.0	134.0	4.0	1.0
3.0	3.0	135.0	6.0	1.0
3.0	3.0	136.0	2.0	0.0
3.0	3.0	137.0	6.0	0.0
3.0	3.0	138.0	4.0	1.0
3.0	3.0	139.0	4.0	0.0
3.0	3.0	140.0	4.0	0.0
3.0	3.0	141.0	4.0	0.0
3.0	3.0	142.0	0.0	0.0
3.0	3.0	143.0	4.0	0.0
3.0	3.0	144.0	4.0	0.0
3.0	3.0	145.0	2.0	0.0
3.0	3.0	146.0	2.0	0.0
3.0	3.0	147.0	4.0	0.0
3.0	3.0	148.0	2.0	0.0
3.0	3.0	149.0	2.0	0.0
3.0	3.0	150.0	0.0	0.0
3.0	3.0	151.0	2.0	0.0
3.0	3.0	152.0	4.0	0.0
3.0	3.0	153.0	6.0	0.0
3.0	3.0	154.0	0.0	0.0
3.0	3.0	155.0	8.0	1.0
3.0	3.0	156.0	2.0	1.0
3.0	3.0	157.0	2.0	0.0
3.0	3.0	158.0	4.0	3.0
3.0	3.0	159.0	2.0	1.0
3.0	3.0	160.0	4.0	0.0
3.0	3.0	161.0	4.0	1.0
3.0	3.0	162.0	2.0	0.0
3.0	3.0	163.0	2.0	1.0
3.0	3.0	164.0	2.0	0.0
3.0	3.0	165.0	4.0	1.0
3.0	3.0	166.0	4.0	0.0
3.0	3.0	167.0	2.0	0.0
3.0	3.0	168.0	2.0	0.0
3.0	3.0	169.0	4.0	0.0
3.0	3.0	170.0	2.0	1.0
3.0	3.0	171.0	0.0	0.0
3.0	3.0	172.0	0.0	0.0
3.0	3.0	173.0	2.0	0.0
3.0	3.0	174.0	0.0	0.0
3.0	3.0	175.0	6.0	1.0
3.0	3.0	176.0	0.0	0.0
3.0	3.0	177.0	0.0	0.0
3.0	3.0	178.0	4.0	0.0
3.0	3.0	179.0	0.0	0.0
3.0	3.0	180.0	4.0	1.0
3.0	3.0	181.0	4.0	0.0
3.0	3.0	182.0	0.0	0.0
3.0	3.0	183.0	0.0	0.0
3.0	3.0	184.0	2.0	2.0
3.0	3.0	185.0	4.0	2.0
3.0	3.0	186.0	0.0	0.0
3.0	3.0	187.0	2.0	1.0
3.0	3.0	188.0	2.0	1.0
3.0	3.0	189.0	2.0	0.0
3.0	3.0	190.0	4.0	0.0
3.0	3.0	191.0	4.0	2.0
3.0	3.0	192.0	2.0	0.0
3.0	3.0	193.0	6.0	0.0
3.0	3.0	194.0	2.0	1.0
3.0	3.0	195.0	4.0	0.0
3.0	3.0	196.0	4.0	1.0
3.0	3.0	197.0	4.0	0.0
3.0	3.0	198.0	4.0	2.0
3.0	3.0	199.0	4.0	0.0
3.0	3.0	200.0	4.0	1.0
3.0	3.0	201.0	2.0	0.0
3.0	3.0	202.0	4.0	0.0
3.0	3.0	203.0	2.0	0.0
3.0	3.0	204.0	2.0	0.0
3.0	3.0	205.0	4.0	1.0
3.0	3.0	206.0	4.0	0.0
3.0	3.0	207.0	0.0	0.0
3.0	3.0	208.0	0.0	0.0
3.0	3.0	209.0	2.0	1.0
3.0	3.0	210.0	6.0	1.0
3.0	3.0	211.0	4.0	1.0
3.0	3.0	212.0	4.0	0.0
3.0	3.0	213.0	2.0	0.0
3.0	3.0	214.0	4.0	0.0
3.0	3.0	215.0	2.0	0.0
3.0	3.0	216.0	4.0	1.0
3.0	3.0	217.0	4.0	0.0
3.0	3.0	218.0	6.0	1.0
3.0	3.0	219.0	4.0	1.0
3.0	3.0	220.0	4.0	0.0
3.0	3.0	221.0	2.0	0.0
3.0	3.0	222.0	2.0	0.0
3.0	3.0	223.0	4.0	0.0
3.0	3.0	224.0	4.0	1.0
3.0	3.0	225.0	0.0	0.0
3.0	3.0	226.0	0.0	0.0
3.0	3.0	227.0	2.0	0.0
3.0	3.0	228.0	4.0	0.0
3.0	3.0	229.0	6.0	0.0
3.0	3.0	230.0	0.0	0.0
3.0	3.0	231.0	8.0	1.0
3.0	3.0	232.0	2.0	0.0
3.0	3.0	233.0	4.0	0.0
3.0	3.0	234.0	2.0	1.0
3.0	3.0	235.0	2.0	0.0
3.0	3.0	236.0	2.0	0.0
3.0	3.0	237.0	6.0	0.0
3.0	3.0	238.0	4.0	0.0
3.0	3.0	239.0	6.0	0.0
3.0	3.0	240.0	2.0	0.0
3.0	3.0	241.0	2.0	0.0
3.0	3.0	242.0	2.0	0.0
3.0	3.0	243.0	0.0	0.0
3.0	3.0	244.0	2.0	0.0
3.0	3.0	245.0	2.0	0.0
3.0	3.0	246.0	0.0	0.0
3.0	3.0	247.0	2.0	0.0
3.0	3.0	248.0	2.0	1.0
3.0	3.0	249.0	4.0	0.0
3.0	3.0	250.0	0.0	0.0
3.0	3.0	251.0	6.0	1.0
3.0	3.0	252.0	2.0	0.0
3.0	3.0	253.0	2.0	0.0
3.0	3.0	254.0	2.0	0.0
3.0	3.0	255.0	2.0	0.0
3.0	3.0	256.0	4.0	0.0
3.0	3.0	257.0	2.0	0.0
3.0	3.0	258.0	2.0	0.0
3.0	3.0	259.0	4.0	1.0
3.0	3.0	260.0	4.0	0.0
3.0	3.0	261.0	6.0	0.0
3.0	3.0	262.0	4.0	1.0
3.0	3.0	263.0	6.0	1.0
3.0	3.0	264.0	2.0	0.0
3.0	3.0	265.0	2.0	0.0
3.0	3.0	266.0	0.0	0.0
3.0	3.0	267.0	4.0	0.0
3.0	3.0	268.0	2.0	0.0
3.0	3.0	269.0	2.0	0.0
3.0	3.0	270.0	2.0	0.0
3.0	3.0	271.0	0.0	0.0
3.0	3.0	272.0	4.0	2.0
3.0	3.0	273.0	0.0	0.0
3.0	3.0	274.0	0.0	0.0
3.0	3.0	275.0	0.0	0.0
3.0	3.0	276.0	0.0	0.0
3.0	3.0	277.0	0.0	0.0
3.0	3.0	278.0	2.0	1.0
3.0	3.0	279.0	4.0	0.0
3.0	3.0	280.0	2.0	1.0
3.0	3.0	281.0	4.0	1.0
3.0	3.0	282.0	0.0	0.0
3.0	3.0	283.0	2.0	0.0
3.0	3.0	284.0	2.0	0.0
3.0	3.0	285.0	2.0	1.0
3.0	3.0	286.0	6.0	0.0
3.0	3.0	287.0	2.0	0.0
3.0	3.0	288.0	0.0	0.0
3.0	3.0	289.0	4.0	0.0
3.0	3.0	290.0	2.0	0.0
3.0	3.0	291.0	2.0	0.0
3.0	3.0	292.0	6.0	0.0
3.0	3.0	293.0	2.0	0.0
3.0	3.0	294.0	4.0	1.0
3.0	3.0	295.0	4.0	0.0
3.0	3.0	296.0	2.0	0.0
3.0	3.0	297.0	4.0	1.0
3.0	3.0	298.0	0.0	0.0
3.0	3.0	299.0	2.0	1.0
3.0	3.0	300.0	2.0	0.0
3.0	3.0	301.0	2.0	0.0
3.0	3.0	302.0	2.0	1.0
3.0	3.0	303.0	4.0	0.0
3.0	3.0	304.0	2.0	0.0
3.0	3.0	305.0	4.0	1.0
3.0	3.0	306.0	2.0	1.0
3.0	3.0	307.0	2.0	0.0
3.0	3.0	308.0	2.0	0.0
3.0	3.0	309.0	2.0	0.0
3.0	3.0	310.0	2.0	0.0
3.0	3.0	311.0	0.0	0.0
3.0	3.0	312.0	2.0	0.0
3.0	3.0	313.0	2.0	1.0
3.0	3.0	314.0	2.0	0.0
3.0	3.0	315.0	2.0	0.0
3.0	3.0	316.0	4.0	1.0
3.0	3.0	317.0	4.0	0.0
3.0	3.0	318.0	2.0	0.0
3.0	3.0	319.0	4.0	0.0
3.0	3.0	320.0	0.0	0.0
3.0	3.0	321.0	4.0	0.0
3.0	3.0	322.0	2.0	0.0
3.0	3.0	323.0	2.0	1.0
3.0	3.0	324.0	2.0	0.0
3.0	3.0	325.0	2.0	0.0
3.0	3.0	326.0	4.0	0.0
3.0	3.0	327.0	6.0	2.0
3.0	3.0	328.0	4.0	0.0
3.0	3.0	329.0	0.0	0.0
3.0	3.0	330.0	2.0	0.0
3.0	3.0	331.0	2.0	1.0
3.0	3.0	332.0	4.0	1.0
3.0	3.0	333.0	4.0	1.0
3.0	3.0	334.0	4.0	1.0
3.0	3.0	335.0	0.0	0.0
3.0	3.0	336.0	2.0	1.0
3.0	3.0	337.0	4.0	2.0
3.0	3.0	338.0	4.0	1.0
3.0	3.0	339.0	2.0	0.0
3.0	3.0	340.0	2.0	0.0
3.0	3.0	341.0	0.0	0.0
3.0	3.0	342.0	0.0	0.0
3.0	3.0	343.0	2.0	1.0
3.0	3.0	344.0	4.0	1.0
3.0	3.0	345.0	2.0	0.0
3.0	3.0	346.0	4.0	1.0
3.0	3.0	347.0	2.0	0.0
3.0	3.0	348.0	4.0	0.0
3.0	3.0	349.0	4.0	1.0
3.0	3.0	350.0	2.0	0.0
3.0	3.0	351.0	2.0	0.0
3.0	3.0	352.0	4.0	1.0
3.0	3.0	353.0	0.0	0.0
3.0	3.0	354.0	4.0	0.0
3.0	3.0	355.0	0.0	0.0
3.0	3.0	356.0	6.0	1.0
3.0	3.0	357.0	4.0	0.0
3.0	3.0	358.0	2.0	0.0
3.0	3.0	359.0	6.0	1.0
3.0	3.0	360.0	4.0	0.0
3.0	3.0	361.0	2.0	1.0
3.0	3.0	362.0	4.0	2.0
3.0	3.0	363.0	2.0	0.0
3.0	3.0	364.0	4.0	0.0
3.0	3.0	365.0	2.0	0.0
3.0	3.0	366.0	4.0	0.0
3.0	3.0	367.0	2.0	0.0
3.0	3.0	368.0	6.0	1.0
3.0	3.0	369.0	2.0	0.0
3.0	3.0	370.0	2.0	0.0
3.0	3.0	371.0	4.0	0.0
3.0	3.0	372.0	4.0	1.0
3.0	3.0	373.0	0.0	0.0
3.0	3.0	374.0	2.0	0.0
3.0	3.0	375.0	2.0	0.0
3.0	3.0	376.0	2.0	0.0
3.0	3.0	377.0	2.0	1.0
3.0	3.0	378.0	2.0	0.0
3.0	3.0	379.0	0.0	0.0
3.0	3.0	380.0	2.0	2.0
3.0	3.0	381.0	4.0	0.0
3.0	3.0	382.0	0.0	0.0
3.0	3.0	383.0	4.0	1.0
3.0	3.0	384.0	2.0	0.0
3.0	3.0	385.0	0.0	0.0
3.0	3.0	386.0	4.0	1.0
3.0	3.0	387.0	4.0	0.0
3.0	3.0	388.0	4.0	2.0
3.0	3.0	389.0	2.0	0.0
3.0	3.0	390.0	4.0	1.0
3.0	3.0	391.0	4.0	1.0
3.0	3.0	392.0	0.0	0.0
3.0	3.0	393.0	2.0	0.0
3.0	3.0	394.0	2.0	0.0
3.0	3.0	395.0	4.0	1.0
3.0	3.0	396.0	2.0	0.0
3.0	3.0	397.0	4.0	1.0
3.0	3.0	398.0	6.0	1.0
3.0	3.0	399.0	4.0	1.0
3.0	3.0	400.0	0.0	0.0
3.0	3.0	401.0	4.0	0.0
3.0	3.0	402.0	6.0	1.0
3.0	3.0	403.0	0.0	0.0
3.0	3.0	404.0	2.0	0.0
3.0	3.0	405.0	0.0	0.0
3.0	3.0	406.0	2.0	1.0
3.0	3.0	407.0	0.0	0.0
3.0	3.0	408.0	0.0	0.0
3.0	3.0	409.0	0.0	0.0
3.0	3.0	410.0	2.0	0.0
3.0	3.0	411.0	2.0	1.0
3.0	3.0	412.0	4.0	0.0
3.0	3.0	413.0	4.0	0.0
3.0	3.0	414.0	2.0	1.0
3.0	3.0	415.0	4.0	0.0
3.0	3.0	416.0	4.0	1.0
3.0	3.0	417.0	0.0	0.0
3.0	3.0	418.0	2.0	0.0
3.0	3.0	419.0	4.0	0.0
3.0	3.0	420.0	2.0	1.0
3.0	3.0	421.0	4.0	1.0
3.0	3.0	422.0	4.0	0.0
3.0	3.0	423.0	2.0	0.0
3.0	3.0	424.0	4.0	0.0
3.0	3.0	425.0	2.0	0.0
3.0	3.0	426.0	4.0	1.0
3.0	3.0	427.0	2.0	1.0
3.0	3.0	428.0	0.0	0.0
3.0	3.0	429.0	4.0	0.0
3.0	3.0	430.0	4.0	0.0
3.0	3.0	431.0	2.0	0.0
3.0	3.0	432.0	2.0	0.0
3.0	3.0	433.0	2.0	0.0
3.0	3.0	434.0	4.0	1.0
3.0	3.0	435.0	2.0	0.0
3.0	3.0	436.0	6.0	2.0
3.0	3.0	437.0	4.0	1.0
3.0	3.0	438.0	2.0	0.0
3.0	3.0	439.0	6.0	1.0
3.0	3.0	440.0	2.0	0.0
3.0	3.0	441.0	6.0	0.0
3.0	3.0	442.0	2.0	0.0
3.0	3.0	443.0	6.0	1.0
3.0	3.0	444.0	4.0	0.0
3.0	3.0	445.0	2.0	0.0
3.0	3.0	446.0	4.0	0.0
3.0	3.0	447.0	2.0	1.0
3.0	3.0	448.0	4.0	1.0
3.0	3.0	449.0	6.0	2.0
3.0	3.0	450.0	6.0	1.0
3.0	3.0	451.0	2.0	0.0
3.0	3.0	452.0	4.0	0.0
3.0	3.0	453.0	2.0	0.0
3.0	3.0	454.0	2.0	0.0
3.0	3.0	455.0	2.0	0.0
3.0	3.0	456.0	4.0	0.0
3.0	3.0	457.0	2.0	0.0
3.0	3.0	458.0	2.0	0.0
3.0	3.0	459.0	0.0	0.0
3.0	3.0	460.0	2.0	1.0
3.0	3.0	461.0	0.0	0.0
3.0	3.0	462.0	4.0	0.0
3.0	3.0	463.0	0.0	0.0
3.0	3.0	464.0	4.0	2.0
3.0	3.0	465.0	4.0	0.0
3.0	3.0	466.0	4.0	0.0
3.0	3.0	467.0	6.0	2.0
3.0	3.0	468.0	4.0	0.0
3.0	3.0	469.0	4.0	1.0
3.0	3.0	470.0	4.0	1.0
3.0	3.0	471.0	4.0	1.0
3.0	3.0	472.0	4.0	0.0
3.0	3.0	473.0	4.0	1.0
3.0	3.0	474.0	2.0	0.0
3.0	3.0	475.0	4.0	0.0
3.0	3.0	476.0	4.0	0.0
3.0	3.0	477.0	2.0	0.0
3.0	3.0	478.0	6.0	1.0
3.0	3.0	479.0	2.0	1.0
3.0	3.0	480.0	0.0	0.0
3.0	3.0	481.0	6.0	0.0
3.0	3.0	482.0	2.0	0.0
3.0	3.0	483.0	2.0	0.0
3.0	3.0	484.0	2.0	0.0
3.0	3.0	485.0	6.0	2.0
3.0	3.0	486.0	6.0	1.0
3.0	3.0	487.0	4.0	0.0
3.0	3.0	488.0	2.0	1.0
3.0	3.0	489.0	0.0	0.0
3.0	3.0	490.0	4.0	0.0
3.0	3.0	491.0	4.0	0.0
3.0	3.0	492.0	2.0	0.0
3.0	3.0	493.0	2.0	1.0
3.0	3.0	494.0	2.0	0.0
3.0	3.0	495.0	2.0	0.0
3.0	3.0	496.0	4.0	1.0
3.0	3.0	497.0	2.0	0.0
3.0	3.0	498.0	4.0	2.0
3.0	3.0	499.0	2.0	0.0
3.0	3.0	500.0	4.0	1.0
3.0	4.0	1.0	6.0	0.0
3.0	4.0	2.0	6.0	0.0
3.0	4.0	3.0	4.0	0.0
3.0	4.0	4.0	4.0	0.0
3.0	4.0	5.0	4.0	0.0
3.0	4.0	6.0	6.0	1.0
3.0	4.0	7.0	8.0	1.0
3.0	4.0	8.0	4.0	0.0
3.0	4.0	9.0	2.0	0.0
3.0	4.0	10.0	0.0	0.0
3.0	4.0	11.0	6.0	0.0
3.0	4.0	12.0	6.0	0.0
3.0	4.0	13.0	4.0	0.0
3.0	4.0	14.0	2.0	0.0
3.0	4.0	15.0	2.0	0.0
3.0	4.0	16.0	2.0	0.0
3.0	4.0	17.0	6.0	1.0
3.0	4.0	18.0	4.0	1.0
3.0	4.0	19.0	8.0	0.0
3.0	4.0	20.0	6.0	1.0
3.0	4.0	21.0	4.0	0.0
3.0	4.0	22.0	6.0	0.0
3.0	4.0	23.0	6.0	2.0
3.0	4.0	24.0	6.0	0.0
3.0	4.0	25.0	8.0	0.0
3.0	4.0	26.0	4.0	0.0
3.0	4.0	27.0	2.0	0.0
3.0	4.0	28.0	2.0	0.0
3.0	4.0	29.0	2.0	0.0
3.0	4.0	30.0	2.0	0.0
3.0	4.0	31.0	4.0	0.0
3.0	4.0	32.0	2.0	0.0
3.0	4.0	33.0	6.0	0.0
3.0	4.0	34.0	2.0	0.0
3.0	4.0	35.0	2.0	0.0
3.0	4.0	36.0	6.0	1.0
3.0	4.0	37.0	6.0	0.0
3.0	4.0	38.0	6.0	1.0
3.0	4.0	39.0	4.0	0.0
3.0	4.0	40.0	6.0	0.0
3.0	4.0	41.0	6.0	0.0
3.0	4.0	42.0	4.0	0.0
3.0	4.0	43.0	8.0	1.0
3.0	4.0	44.0	6.0	0.0
3.0	4.0	45.0	4.0	0.0
3.0	4.0	46.0	6.0	0.0
3.0	4.0	47.0	0.0	0.0
3.0	4.0	48.0	6.0	0.0
3.0	4.0	49.0	4.0	0.0
3.0	4.0	50.0	6.0	2.0
3.0	4.0	51.0	2.0	0.0
3.0	4.0	52.0	4.0	1.0
3.0	4.0	53.0	6.0	0.0
3.0	4.0	54.0	4.0	1.0
3.0	4.0	55.0	2.0	0.0
3.0	4.0	56.0	8.0	1.0
3.0	4.0	57.0	6.0	0.0
3.0	4.0	58.0	6.0	0.0
3.0	4.0	59.0	0.0	0.0
3.0	4.0	60.0	0.0	0.0
3.0	4.0	61.0	4.0	0.0
3.0	4.0	62.0	4.0	0.0
3.0	4.0	63.0	6.0	0.0
3.0	4.0	64.0	2.0	0.0
3.0	4.0	65.0	2.0	1.0
3.0	4.0	66.0	6.0	0.0
3.0	4.0	67.0	6.0	1.0
3.0	4.0	68.0	2.0	0.0
3.0	4.0	69.0	8.0	0.0
3.0	4.0	70.0	2.0	0.0
3.0	4.0	71.0	4.0	0.0
3.0	4.0	72.0	6.0	0.0
3.0	4.0	73.0	4.0	1.0
3.0	4.0	74.0	4.0	0.0
3.0	4.0	75.0	2.0	0.0
3.0	4.0	76.0	2.0	0.0
3.0	4.0	77.0	4.0	0.0
3.0	4.0	78.0	4.0	1.0
3.0	4.0	79.0	2.0	0.0
3.0	4.0	80.0	2.0	0.0
3.0	4.0	81.0	2.0	0.0
3.0	4.0	82.0	6.0	1.0
3.0	4.0	83.0	4.0	0.0
3.0	4.0	84.0	4.0	1.0
3.0	4.0	85.0	4.0	0.0
3.0	4.0	86.0	4.0	0.0
3.0	4.0	87.0	2.0	0.0
3.0	4.0	88.0	6.0	0.0
3.0	4.0	89.0	6.0	1.0
3.0	4.0	90.0	4.0	1.0
3.0	4.0	91.0	4.0	0.0
3.0	4.0	92.0	2.0	0.0
3.0	4.0	93.0	4.0	0.0
3.0	4.0	94.0	2.0	0.0
3.0	4.0	95.0	0.0	0.0
3.0	4.0	96.0	4.0	0.0
3.0	4.0	97.0	4.0	0.0
3.0	4.0	98.0	4.0	2.0
3.0	4.0	99.0	4.0	0.0
3.0	4.0	100.0	10.0	3.0
3.0	4.0	101.0	4.0	0.0
3.0	4.0	102.0	0.0	0.0
3.0	4.0	103.0	2.0	0.0
3.0	4.0	104.0	6.0	0.0
3.0	4.0	105.0	2.0	0.0
3.0	4.0	106.0	2.0	0.0
3.0	4.0	107.0	2.0	0.0
3.0	4.0	108.0	6.0	0.0
3.0	4.0	109.0	2.0	0.0
3.0	4.0	110.0	2.0	0.0
3.0	4.0	111.0	4.0	0.0
3.0	4.0	112.0	2.0	0.0
3.0	4.0	113.0	8.0	1.0
3.0	4.0	114.0	2.0	0.0
3.0	4.0	115.0	4.0	0.0
3.0	4.0	116.0	4.0	0.0
3.0	4.0	117.0	4.0	0.0
3.0	4.0	118.0	8.0	0.0
3.0	4.0	119.0	6.0	0.0
3.0	4.0	120.0	0.0	0.0
3.0	4.0	121.0	2.0	0.0
3.0	4.0	122.0	6.0	0.0
3.0	4.0	123.0	2.0	0.0
3.0	4.0	124.0	4.0	0.0
3.0	4.0	125.0	4.0	0.0
3.0	4.0	126.0	6.0	0.0
3.0	4.0	127.0	6.0	0.0
3.0	4.0	128.0	4.0	0.0
3.0	4.0	129.0	2.0	0.0
3.0	4.0	130.0	6.0	1.0
3.0	4.0	131.0	4.0	1.0
3.0	4.0	132.0	4.0	0.0
3.0	4.0	133.0	8.0	0.0
3.0	4.0	134.0	2.0	0.0
3.0	4.0	135.0	4.0	0.0
3.0	4.0	136.0	2.0	0.0
3.0	4.0	137.0	4.0	0.0
3.0	4.0	138.0	6.0	0.0
3.0	4.0	139.0	6.0	1.0
3.0	4.0	140.0	6.0	1.0
3.0	4.0	141.0	4.0	0.0
3.0	4.0	142.0	4.0	0.0
3.0	4.0	143.0	2.0	0.0
3.0	4.0	144.0	4.0	0.0
3.0	4.0	145.0	6.0	1.0
3.0	4.0	146.0	6.0	0.0
3.0	4.0	147.0	4.0	0.0
3.0	4.0	148.0	4.0	0.0
3.0	4.0	149.0	2.0	0.0
3.0	4.0	150.0	2.0	0.0
3.0	4.0	151.0	4.0	2.0
3.0	4.0	152.0	4.0	1.0
3.0	4.0	153.0	2.0	0.0
3.0	4.0	154.0	4.0	0.0
3.0	4.0	155.0	10.0	0.0
3.0	4.0	156.0	8.0	0.0
3.0	4.0	157.0	4.0	0.0
3.0	4.0	158.0	2.0	0.0
3.0	4.0	159.0	0.0	0.0
3.0	4.0	160.0	4.0	0.0
3.0	4.0	161.0	4.0	0.0
3.0	4.0	162.0	4.0	0.0
3.0	4.0	163.0	2.0	0.0
3.0	4.0	164.0	4.0	0.0
3.0	4.0	165.0	6.0	1.0
3.0	4.0	166.0	8.0	2.0
3.0	4.0	167.0	8.0	1.0
3.0	4.0	168.0	4.0	0.0
3.0	4.0	169.0	8.0	1.0
3.0	4.0	170.0	2.0	0.0
3.0	4.0	171.0	4.0	0.0
3.0	4.0	172.0	6.0	0.0
3.0	4.0	173.0	4.0	0.0
3.0	4.0	174.0	0.0	0.0
3.0	4.0	175.0	8.0	0.0
3.0	4.0	176.0	2.0	0.0
3.0	4.0	177.0	4.0	0.0
3.0	4.0	178.0	10.0	0.0
3.0	4.0	179.0	8.0	1.0
3.0	4.0	180.0	4.0	0.0
3.0	4.0	181.0	4.0	0.0
3.0	4.0	182.0	2.0	0.0
3.0	4.0	183.0	4.0	1.0
3.0	4.0	184.0	6.0	1.0
3.0	4.0	185.0	6.0	0.0
3.0	4.0	186.0	0.0	0.0
3.0	4.0	187.0	8.0	0.0
3.0	4.0	188.0	4.0	1.0
3.0	4.0	189.0	6.0	0.0
3.0	4.0	190.0	0.0	0.0
3.0	4.0	191.0	2.0	0.0
3.0	4.0	192.0	6.0	0.0
3.0	4.0	193.0	6.0	0.0
3.0	4.0	194.0	2.0	0.0
3.0	4.0	195.0	2.0	0.0
3.0	4.0	196.0	2.0	0.0
3.0	4.0	197.0	6.0	1.0
3.0	4.0	198.0	4.0	0.0
3.0	4.0	199.0	4.0	0.0
3.0	4.0	200.0	4.0	1.0
3.0	4.0	201.0	4.0	0.0
3.0	4.0	202.0	4.0	0.0
3.0	4.0	203.0	4.0	0.0
3.0	4.0	204.0	2.0	0.0
3.0	4.0	205.0	6.0	0.0
3.0	4.0	206.0	10.0	0.0
3.0	4.0	207.0	2.0	0.0
3.0	4.0	208.0	2.0	0.0
3.0	4.0	209.0	2.0	0.0
3.0	4.0	210.0	2.0	0.0
3.0	4.0	211.0	4.0	2.0
3.0	4.0	212.0	0.0	0.0
3.0	4.0	213.0	2.0	1.0
3.0	4.0	214.0	2.0	0.0
3.0	4.0	215.0	8.0	0.0
3.0	4.0	216.0	0.0	0.0
3.0	4.0	217.0	2.0	1.0
3.0	4.0	218.0	4.0	0.0
3.0	4.0	219.0	8.0	1.0
3.0	4.0	220.0	2.0	0.0
3.0	4.0	221.0	4.0	0.0
3.0	4.0	222.0	6.0	0.0
3.0	4.0	223.0	6.0	0.0
3.0	4.0	224.0	0.0	0.0
3.0	4.0	225.0	2.0	0.0
3.0	4.0	226.0	6.0	0.0
3.0	4.0	227.0	2.0	0.0
3.0	4.0	228.0	2.0	0.0
3.0	4.0	229.0	2.0	0.0
3.0	4.0	230.0	6.0	0.0
3.0	4.0	231.0	4.0	1.0
3.0	4.0	232.0	2.0	0.0
3.0	4.0	233.0	6.0	0.0
3.0	4.0	234.0	4.0	1.0
3.0	4.0	235.0	4.0	0.0
3.0	4.0	236.0	4.0	0.0
3.0	4.0	237.0	8.0	0.0
3.0	4.0	238.0	8.0	1.0
3.0	4.0	239.0	8.0	0.0
3.0	4.0	240.0	0.0	0.0
3.0	4.0	241.0	4.0	1.0
3.0	4.0	242.0	8.0	0.0
3.0	4.0	243.0	6.0	2.0
3.0	4.0	244.0	6.0	0.0
3.0	4.0	245.0	6.0	0.0
3.0	4.0	246.0	4.0	0.0
3.0	4.0	247.0	4.0	0.0
3.0	4.0	248.0	2.0	0.0
3.0	4.0	249.0	6.0	0.0
3.0	4.0	250.0	2.0	0.0
3.0	4.0	251.0	4.0	0.0
3.0	4.0	252.0	4.0	0.0
3.0	4.0	253.0	4.0	2.0
3.0	4.0	254.0	6.0	1.0
3.0	4.0	255.0	0.0	0.0
3.0	4.0	256.0	4.0	0.0
3.0	4.0	257.0	8.0	1.0
3.0	4.0	258.0	4.0	0.0
3.0	4.0	259.0	4.0	1.0
3.0	4.0	260.0	0.0	0.0
3.0	4.0	261.0	6.0	0.0
3.0	4.0	262.0	8.0	2.0
3.0	4.0	263.0	2.0	0.0
3.0	4.0	264.0	4.0	0.0
3.0	4.0	265.0	2.0	0.0
3.0	4.0	266.0	2.0	0.0
3.0	4.0	267.0	8.0	0.0
3.0	4.0	268.0	4.0	0.0
3.0	4.0	269.0	2.0	1.0
3.0	4.0	270.0	6.0	0.0
3.0	4.0	271.0	2.0	0.0
3.0	4.0	272.0	0.0	0.0
3.0	4.0	273.0	6.0	0.0
3.0	4.0	274.0	6.0	0.0
3.0	4.0	275.0	0.0	0.0
3.0	4.0	276.0	6.0	0.0
3.0	4.0	277.0	8.0	2.0
3.0	4.0	278.0	6.0	0.0
3.0	4.0	279.0	4.0	0.0
3.0	4.0	280.0	4.0	0.0
3.0	4.0	281.0	6.0	1.0
3.0	4.0	282.0	6.0	0.0
3.0	4.0	283.0	4.0	0.0
3.0	4.0	284.0	2.0	0.0
3.0	4.0	285.0	4.0	0.0
3.0	4.0	286.0	2.0	0.0
3.0	4.0	287.0	8.0	0.0
3.0	4.0	288.0	4.0	1.0
3.0	4.0	289.0	2.0	0.0
3.0	4.0	290.0	4.0	0.0
3.0	4.0	291.0	4.0	0.0
3.0	4.0	292.0	4.0	0.0
3.0	4.0	293.0	0.0	0.0
3.0	4.0	294.0	6.0	1.0
3.0	4.0	295.0	6.0	1.0
3.0	4.0	296.0	2.0	0.0
3.0	4.0	297.0	4.0	0.0
3.0	4.0	298.0	0.0	0.0
3.0	4.0	299.0	4.0	0.0
3.0	4.0	300.0	4.0	0.0
3.0	4.0	301.0	4.0	0.0
3.0	4.0	302.0	2.0	0.0
3.0	4.0	303.0	6.0	0.0
3.0	4.0	304.0	2.0	0.0
3.0	4.0	305.0	2.0	0.0
3.0	4.0	306.0	8.0	0.0
3.0	4.0	307.0	4.0	0.0
3.0	4.0	308.0	0.0	0.0
3.0	4.0	309.0	6.0	2.0
3.0	4.0	310.0	8.0	1.0
3.0	4.0	311.0	6.0	0.0
3.0	4.0	312.0	6.0	1.0
3.0	4.0	313.0	4.0	2.0
3.0	4.0	314.0	4.0	0.0
3.0	4.0	315.0	6.0	1.0
3.0	4.0	316.0	2.0	1.0
3.0	4.0	317.0	6.0	2.0
3.0	4.0	318.0	8.0	2.0
3.0	4.0	319.0	0.0	0.0
3.0	4.0	320.0	6.0	0.0
3.0	4.0	321.0	6.0	0.0
3.0	4.0	322.0	0.0	0.0
3.0	4.0	323.0	2.0	0.0
3.0	4.0	324.0	4.0	0.0
3.0	4.0	325.0	4.0	1.0
3.0	4.0	326.0	2.0	0.0
3.0	4.0	327.0	2.0	0.0
3.0	4.0	328.0	2.0	0.0
3.0	4.0	329.0	6.0	0.0
3.0	4.0	330.0	4.0	0.0
3.0	4.0	331.0	2.0	1.0
3.0	4.0	332.0	6.0	1.0
3.0	4.0	333.0	4.0	1.0
3.0	4.0	334.0	2.0	0.0
3.0	4.0	335.0	6.0	0.0
3.0	4.0	336.0	4.0	0.0
3.0	4.0	337.0	6.0	0.0
3.0	4.0	338.0	4.0	0.0
3.0	4.0	339.0	0.0	0.0
3.0	4.0	340.0	4.0	1.0
3.0	4.0	341.0	2.0	0.0
3.0	4.0	342.0	2.0	0.0
3.0	4.0	343.0	0.0	0.0
3.0	4.0	344.0	6.0	0.0
3.0	4.0	345.0	4.0	0.0
3.0	4.0	346.0	2.0	0.0
3.0	4.0	347.0	4.0	0.0
3.0	4.0	348.0	0.0	0.0
3.0	4.0	349.0	4.0	0.0
3.0	4.0	350.0	4.0	0.0
3.0	4.0	351.0	4.0	0.0
3.0	4.0	352.0	4.0	1.0
3.0	4.0	353.0	6.0	0.0
3.0	4.0	354.0	4.0	0.0
3.0	4.0	355.0	0.0	0.0
3.0	4.0	356.0	6.0	0.0
3.0	4.0	357.0	2.0	0.0
3.0	4.0	358.0	6.0	0.0
3.0	4.0	359.0	6.0	0.0
3.0	4.0	360.0	2.0	1.0
3.0	4.0	361.0	8.0	3.0
3.0	4.0	362.0	6.0	2.0
3.0	4.0	363.0	4.0	0.0
3.0	4.0	364.0	4.0	2.0
3.0	4.0	365.0	2.0	0.0
3.0	4.0	366.0	8.0	1.0
3.0	4.0	367.0	4.0	0.0
3.0	4.0	368.0	6.0	0.0
3.0	4.0	369.0	4.0	0.0
3.0	4.0	370.0	2.0	0.0
3.0	4.0	371.0	2.0	0.0
3.0	4.0	372.0	4.0	0.0
3.0	4.0	373.0	2.0	0.0
3.0	4.0	374.0	6.0	0.0
3.0	4.0	375.0	2.0	0.0
3.0	4.0	376.0	6.0	0.0
3.0	4.0	377.0	4.0	0.0
3.0	4.0	378.0	0.0	0.0
3.0	4.0	379.0	8.0	0.0
3.0	4.0	380.0	2.0	0.0
3.0	4.0	381.0	8.0	1.0
3.0	4.0	382.0	4.0	0.0
3.0	4.0	383.0	2.0	0.0
3.0	4.0	384.0	8.0	0.0
3.0	4.0	385.0	2.0	0.0
3.0	4.0	386.0	8.0	1.0
3.0	4.0	387.0	2.0	0.0
3.0	4.0	388.0	4.0	0.0
3.0	4.0	389.0	4.0	0.0
3.0	4.0	390.0	2.0	0.0
3.0	4.0	391.0	4.0	0.0
3.0	4.0	392.0	2.0	0.0
3.0	4.0	393.0	0.0	0.0
3.0	4.0	394.0	4.0	0.0
3.0	4.0	395.0	2.0	0.0
3.0	4.0	396.0	2.0	0.0
3.0	4.0	397.0	4.0	0.0
3.0	4.0	398.0	4.0	0.0
3.0	4.0	399.0	6.0	0.0
3.0	4.0	400.0	4.0	0.0
3.0	4.0	401.0	6.0	0.0
3.0	4.0	402.0	4.0	1.0
3.0	4.0	403.0	4.0	1.0
3.0	4.0	404.0	4.0	0.0
3.0	4.0	405.0	6.0	0.0
3.0	4.0	406.0	4.0	1.0
3.0	4.0	407.0	4.0	0.0
3.0	4.0	408.0	4.0	0.0
3.0	4.0	409.0	6.0	1.0
3.0	4.0	410.0	2.0	0.0
3.0	4.0	411.0	6.0	0.0
3.0	4.0	412.0	6.0	0.0
3.0	4.0	413.0	6.0	1.0
3.0	4.0	414.0	4.0	0.0
3.0	4.0	415.0	2.0	0.0
3.0	4.0	416.0	6.0	0.0
3.0	4.0	417.0	8.0	0.0
3.0	4.0	418.0	4.0	0.0
3.0	4.0	419.0	4.0	1.0
3.0	4.0	420.0	4.0	0.0
3.0	4.0	421.0	0.0	0.0
3.0	4.0	422.0	2.0	0.0
3.0	4.0	423.0	4.0	0.0
3.0	4.0	424.0	2.0	0.0
3.0	4.0	425.0	4.0	0.0
3.0	4.0	426.0	6.0	0.0
3.0	4.0	427.0	2.0	0.0
3.0	4.0	428.0	6.0	0.0
3.0	4.0	429.0	6.0	0.0
3.0	4.0	430.0	2.0	0.0
3.0	4.0	431.0	6.0	0.0
3.0	4.0	432.0	6.0	1.0
3.0	4.0	433.0	6.0	1.0
3.0	4.0	434.0	2.0	0.0
3.0	4.0	435.0	4.0	0.0
3.0	4.0	436.0	0.0	0.0
3.0	4.0	437.0	6.0	0.0
3.0	4.0	438.0	2.0	0.0
3.0	4.0	439.0	2.0	0.0
3.0	4.0	440.0	6.0	0.0
3.0	4.0	441.0	6.0	1.0
3.0	4.0	442.0	4.0	0.0
3.0	4.0	443.0	2.0	0.0
3.0	4.0	444.0	2.0	0.0
3.0	4.0	445.0	4.0	1.0
3.0	4.0	446.0	4.0	0.0
3.0	4.0	447.0	4.0	0.0
3.0	4.0	448.0	4.0	0.0
3.0	4.0	449.0	2.0	1.0
3.0	4.0	450.0	2.0	1.0
3.0	4.0	451.0	6.0	0.0
3.0	4.0	452.0	6.0	0.0
3.0	4.0	453.0	4.0	0.0
3.0	4.0	454.0	6.0	0.0
3.0	4.0	455.0	4.0	0.0
3.0	4.0	456.0	4.0	0.0
3.0	4.0	457.0	4.0	0.0
3.0	4.0	458.0	4.0	0.0
3.0	4.0	459.0	8.0	0.0
3.0	4.0	460.0	4.0	0.0
3.0	4.0	461.0	8.0	1.0
3.0	4.0	462.0	2.0	0.0
3.0	4.0	463.0	10.0	0.0
3.0	4.0	464.0	8.0	0.0
3.0	4.0	465.0	8.0	0.0
3.0	4.0	466.0	2.0	0.0
3.0	4.0	467.0	4.0	0.0
3.0	4.0	468.0	6.0	0.0
3.0	4.0	469.0	4.0	0.0
3.0	4.0	470.0	4.0	0.0
3.0	4.0	471.0	6.0	2.0
3.0	4.0	472.0	6.0	1.0
3.0	4.0	473.0	6.0	1.0
3.0	4.0	474.0	8.0	2.0
3.0	4.0	475.0	2.0	2.0
3.0	4.0	476.0	2.0	0.0
3.0	4.0	477.0	4.0	0.0
3.0	4.0	478.0	2.0	0.0
3.0	4.0	479.0	4.0	0.0
3.0	4.0	480.0	6.0	1.0
3.0	4.0	481.0	8.0	2.0
3.0	4.0	482.0	6.0	0.0
3.0	4.0	483.0	6.0	0.0
3.0	4.0	484.0	0.0	0.0
3.0	4.0	485.0	8.0	0.0
3.0	4.0	486.0	6.0	1.0
3.0	4.0	487.0	2.0	0.0
3.0	4.0	488.0	8.0	0.0
3.0	4.0	489.0	4.0	0.0
3.0	4.0	490.0	6.0	1.0
3.0	4.0	491.0	2.0	0.0
3.0	4.0	492.0	4.0	0.0
3.0	4.0	493.0	2.0	0.0
3.0	4.0	494.0	6.0	0.0
3.0	4.0	495.0	4.0	0.0
3.0	4.0	496.0	2.0	0.0
3.0	4.0	497.0	2.0	0.0
3.0	4.0	498.0	4.0	0.0
3.0	4.0	499.0	6.0	0.0
3.0	4.0	500.0	6.0	0.0
3.0	5.0	1.0	6.0	0.0
3.0	5.0	2.0	4.0	0.0
3.0	5.0	3.0	6.0	0.0
3.0	5.0	4.0	8.0	0.0
3.0	5.0	5.0	2.0	0.0
3.0	5.0	6.0	8.0	0.0
3.0	5.0	7.0	10.0	0.0
3.0	5.0	8.0	8.0	0.0
3.0	5.0	9.0	8.0	0.0
3.0	5.0	10.0	4.0	0.0
3.0	5.0	11.0	6.0	0.0
3.0	5.0	12.0	4.0	0.0
3.0	5.0	13.0	6.0	0.0
3.0	5.0	14.0	8.0	0.0
3.0	5.0	15.0	6.0	0.0
3.0	5.0	16.0	2.0	0.0
3.0	5.0	17.0	6.0	0.0
3.0	5.0	18.0	4.0	0.0
3.0	5.0	19.0	6.0	0.0
3.0	5.0	20.0	4.0	0.0
3.0	5.0	21.0	4.0	0.0
3.0	5.0	22.0	2.0	1.0
3.0	5.0	23.0	2.0	0.0
3.0	5.0	24.0	6.0	0.0
3.0	5.0	25.0	4.0	0.0
3.0	5.0	26.0	8.0	0.0
3.0	5.0	27.0	2.0	0.0
3.0	5.0	28.0	8.0	0.0
3.0	5.0	29.0	4.0	0.0
3.0	5.0	30.0	8.0	0.0
3.0	5.0	31.0	6.0	0.0
3.0	5.0	32.0	4.0	0.0
3.0	5.0	33.0	8.0	0.0
3.0	5.0	34.0	6.0	0.0
3.0	5.0	35.0	6.0	0.0
3.0	5.0	36.0	6.0	0.0
3.0	5.0	37.0	2.0	0.0
3.0	5.0	38.0	12.0	0.0
3.0	5.0	39.0	6.0	0.0
3.0	5.0	40.0	12.0	0.0
3.0	5.0	41.0	8.0	0.0
3.0	5.0	42.0	4.0	0.0
3.0	5.0	43.0	4.0	0.0
3.0	5.0	44.0	6.0	0.0
3.0	5.0	45.0	4.0	1.0
3.0	5.0	46.0	6.0	0.0
3.0	5.0	47.0	4.0	0.0
3.0	5.0	48.0	2.0	0.0
3.0	5.0	49.0	6.0	0.0
3.0	5.0	50.0	6.0	2.0
3.0	5.0	51.0	6.0	0.0
3.0	5.0	52.0	8.0	0.0
3.0	5.0	53.0	6.0	0.0
3.0	5.0	54.0	6.0	0.0
3.0	5.0	55.0	2.0	0.0
3.0	5.0	56.0	6.0	0.0
3.0	5.0	57.0	2.0	0.0
3.0	5.0	58.0	6.0	1.0
3.0	5.0	59.0	2.0	0.0
3.0	5.0	60.0	4.0	0.0
3.0	5.0	61.0	4.0	0.0
3.0	5.0	62.0	4.0	0.0
3.0	5.0	63.0	8.0	0.0
3.0	5.0	64.0	2.0	0.0
3.0	5.0	65.0	12.0	1.0
3.0	5.0	66.0	10.0	0.0
3.0	5.0	67.0	4.0	0.0
3.0	5.0	68.0	10.0	0.0
3.0	5.0	69.0	8.0	0.0
3.0	5.0	70.0	6.0	0.0
3.0	5.0	71.0	4.0	0.0
3.0	5.0	72.0	2.0	0.0
3.0	5.0	73.0	4.0	0.0
3.0	5.0	74.0	8.0	0.0
3.0	5.0	75.0	10.0	1.0
3.0	5.0	76.0	10.0	0.0
3.0	5.0	77.0	2.0	0.0
3.0	5.0	78.0	6.0	0.0
3.0	5.0	79.0	4.0	0.0
3.0	5.0	80.0	0.0	0.0
3.0	5.0	81.0	6.0	0.0
3.0	5.0	82.0	2.0	0.0
3.0	5.0	83.0	6.0	1.0
3.0	5.0	84.0	2.0	0.0
3.0	5.0	85.0	6.0	1.0
3.0	5.0	86.0	4.0	0.0
3.0	5.0	87.0	4.0	0.0
3.0	5.0	88.0	6.0	0.0
3.0	5.0	89.0	2.0	0.0
3.0	5.0	90.0	4.0	0.0
3.0	5.0	91.0	6.0	0.0
3.0	5.0	92.0	4.0	0.0
3.0	5.0	93.0	6.0	0.0
3.0	5.0	94.0	2.0	0.0
3.0	5.0	95.0	12.0	0.0
3.0	5.0	96.0	8.0	0.0
3.0	5.0	97.0	2.0	0.0
3.0	5.0	98.0	8.0	0.0
3.0	5.0	99.0	6.0	0.0
3.0	5.0	100.0	6.0	0.0
3.0	5.0	101.0	2.0	0.0
3.0	5.0	102.0	6.0	0.0
3.0	5.0	103.0	8.0	0.0
3.0	5.0	104.0	6.0	0.0
3.0	5.0	105.0	8.0	0.0
3.0	5.0	106.0	0.0	0.0
3.0	5.0	107.0	6.0	0.0
3.0	5.0	108.0	8.0	0.0
3.0	5.0	109.0	4.0	0.0
3.0	5.0	110.0	8.0	0.0
3.0	5.0	111.0	4.0	0.0
3.0	5.0	112.0	2.0	0.0
3.0	5.0	113.0	8.0	0.0
3.0	5.0	114.0	4.0	0.0
3.0	5.0	115.0	12.0	2.0
3.0	5.0	116.0	8.0	0.0
3.0	5.0	117.0	4.0	0.0
3.0	5.0	118.0	4.0	0.0
3.0	5.0	119.0	6.0	1.0
3.0	5.0	120.0	4.0	2.0
3.0	5.0	121.0	8.0	0.0
3.0	5.0	122.0	8.0	0.0
3.0	5.0	123.0	8.0	0.0
3.0	5.0	124.0	4.0	0.0
3.0	5.0	125.0	12.0	0.0
3.0	5.0	126.0	6.0	2.0
3.0	5.0	127.0	4.0	0.0
3.0	5.0	128.0	8.0	0.0
3.0	5.0	129.0	2.0	0.0
3.0	5.0	130.0	8.0	0.0
3.0	5.0	131.0	6.0	0.0
3.0	5.0	132.0	4.0	0.0
3.0	5.0	133.0	2.0	0.0
3.0	5.0	134.0	14.0	0.0
3.0	5.0	135.0	2.0	0.0
3.0	5.0	136.0	4.0	0.0
3.0	5.0	137.0	8.0	0.0
3.0	5.0	138.0	4.0	1.0
3.0	5.0	139.0	8.0	1.0
3.0	5.0	140.0	6.0	1.0
3.0	5.0	141.0	8.0	0.0
3.0	5.0	142.0	6.0	0.0
3.0	5.0	143.0	4.0	0.0
3.0	5.0	144.0	10.0	0.0
3.0	5.0	145.0	6.0	0.0
3.0	5.0	146.0	4.0	0.0
3.0	5.0	147.0	4.0	0.0
3.0	5.0	148.0	2.0	0.0
3.0	5.0	149.0	14.0	1.0
3.0	5.0	150.0	8.0	0.0
3.0	5.0	151.0	6.0	1.0
3.0	5.0	152.0	6.0	0.0
3.0	5.0	153.0	6.0	0.0
3.0	5.0	154.0	8.0	0.0
3.0	5.0	155.0	8.0	0.0
3.0	5.0	156.0	6.0	0.0
3.0	5.0	157.0	2.0	1.0
3.0	5.0	158.0	4.0	0.0
3.0	5.0	159.0	2.0	0.0
3.0	5.0	160.0	2.0	0.0
3.0	5.0	161.0	2.0	0.0
3.0	5.0	162.0	0.0	0.0
3.0	5.0	163.0	2.0	0.0
3.0	5.0	164.0	4.0	0.0
3.0	5.0	165.0	10.0	0.0
3.0	5.0	166.0	8.0	0.0
3.0	5.0	167.0	4.0	0.0
3.0	5.0	168.0	10.0	0.0
3.0	5.0	169.0	6.0	0.0
3.0	5.0	170.0	6.0	1.0
3.0	5.0	171.0	4.0	0.0
3.0	5.0	172.0	6.0	0.0
3.0	5.0	173.0	4.0	0.0
3.0	5.0	174.0	6.0	0.0
3.0	5.0	175.0	6.0	1.0
3.0	5.0	176.0	8.0	0.0
3.0	5.0	177.0	6.0	0.0
3.0	5.0	178.0	8.0	0.0
3.0	5.0	179.0	6.0	0.0
3.0	5.0	180.0	12.0	0.0
3.0	5.0	181.0	6.0	0.0
3.0	5.0	182.0	8.0	0.0
3.0	5.0	183.0	4.0	0.0
3.0	5.0	184.0	6.0	0.0
3.0	5.0	185.0	10.0	0.0
3.0	5.0	186.0	4.0	0.0
3.0	5.0	187.0	6.0	0.0
3.0	5.0	188.0	6.0	0.0
3.0	5.0	189.0	10.0	1.0
3.0	5.0	190.0	6.0	0.0
3.0	5.0	191.0	8.0	0.0
3.0	5.0	192.0	8.0	0.0
3.0	5.0	193.0	4.0	0.0
3.0	5.0	194.0	0.0	0.0
3.0	5.0	195.0	8.0	0.0
3.0	5.0	196.0	8.0	1.0
3.0	5.0	197.0	2.0	0.0
3.0	5.0	198.0	6.0	1.0
3.0	5.0	199.0	8.0	0.0
3.0	5.0	200.0	8.0	0.0
3.0	5.0	201.0	12.0	0.0
3.0	5.0	202.0	0.0	0.0
3.0	5.0	203.0	4.0	0.0
3.0	5.0	204.0	10.0	1.0
3.0	5.0	205.0	6.0	0.0
3.0	5.0	206.0	2.0	0.0
3.0	5.0	207.0	6.0	0.0
3.0	5.0	208.0	4.0	0.0
3.0	5.0	209.0	8.0	0.0
3.0	5.0	210.0	4.0	0.0
3.0	5.0	211.0	2.0	0.0
3.0	5.0	212.0	8.0	0.0
3.0	5.0	213.0	2.0	0.0
3.0	5.0	214.0	10.0	0.0
3.0	5.0	215.0	6.0	0.0
3.0	5.0	216.0	4.0	0.0
3.0	5.0	217.0	8.0	1.0
3.0	5.0	218.0	4.0	0.0
3.0	5.0	219.0	14.0	1.0
3.0	5.0	220.0	8.0	0.0
3.0	5.0	221.0	10.0	0.0
3.0	5.0	222.0	2.0	0.0
3.0	5.0	223.0	4.0	0.0
3.0	5.0	224.0	4.0	0.0
3.0	5.0	225.0	4.0	0.0
3.0	5.0	226.0	4.0	0.0
3.0	5.0	227.0	10.0	0.0
3.0	5.0	228.0	4.0	0.0
3.0	5.0	229.0	6.0	0.0
3.0	5.0	230.0	6.0	0.0
3.0	5.0	231.0	8.0	0.0
3.0	5.0	232.0	4.0	0.0
3.0	5.0	233.0	6.0	0.0
3.0	5.0	234.0	6.0	0.0
3.0	5.0	235.0	4.0	0.0
3.0	5.0	236.0	8.0	1.0
3.0	5.0	237.0	10.0	2.0
3.0	5.0	238.0	2.0	0.0
3.0	5.0	239.0	2.0	0.0
3.0	5.0	240.0	8.0	0.0
3.0	5.0	241.0	4.0	0.0
3.0	5.0	242.0	8.0	0.0
3.0	5.0	243.0	4.0	0.0
3.0	5.0	244.0	4.0	0.0
3.0	5.0	245.0	12.0	0.0
3.0	5.0	246.0	6.0	1.0
3.0	5.0	247.0	4.0	0.0
3.0	5.0	248.0	4.0	0.0
3.0	5.0	249.0	6.0	0.0
3.0	5.0	250.0	4.0	0.0
3.0	5.0	251.0	4.0	0.0
3.0	5.0	252.0	2.0	0.0
3.0	5.0	253.0	6.0	0.0
3.0	5.0	254.0	8.0	0.0
3.0	5.0	255.0	8.0	0.0
3.0	5.0	256.0	8.0	0.0
3.0	5.0	257.0	8.0	1.0
3.0	5.0	258.0	2.0	0.0
3.0	5.0	259.0	10.0	0.0
3.0	5.0	260.0	2.0	0.0
3.0	5.0	261.0	6.0	0.0
3.0	5.0	262.0	6.0	0.0
3.0	5.0	263.0	4.0	0.0
3.0	5.0	264.0	2.0	0.0
3.0	5.0	265.0	6.0	0.0
3.0	5.0	266.0	8.0	0.0
3.0	5.0	267.0	6.0	0.0
3.0	5.0	268.0	6.0	0.0
3.0	5.0	269.0	0.0	0.0
3.0	5.0	270.0	4.0	0.0
3.0	5.0	271.0	6.0	0.0
3.0	5.0	272.0	4.0	0.0
3.0	5.0	273.0	4.0	0.0
3.0	5.0	274.0	8.0	2.0
3.0	5.0	275.0	10.0	0.0
3.0	5.0	276.0	4.0	0.0
3.0	5.0	277.0	2.0	0.0
3.0	5.0	278.0	6.0	0.0
3.0	5.0	279.0	2.0	0.0
3.0	5.0	280.0	10.0	0.0
3.0	5.0	281.0	6.0	0.0
3.0	5.0	282.0	4.0	0.0
3.0	5.0	283.0	12.0	1.0
3.0	5.0	284.0	4.0	0.0
3.0	5.0	285.0	4.0	0.0
3.0	5.0	286.0	2.0	0.0
3.0	5.0	287.0	8.0	1.0
3.0	5.0	288.0	8.0	0.0
3.0	5.0	289.0	4.0	0.0
3.0	5.0	290.0	0.0	0.0
3.0	5.0	291.0	2.0	0.0
3.0	5.0	292.0	10.0	0.0
3.0	5.0	293.0	4.0	0.0
3.0	5.0	294.0	4.0	0.0
3.0	5.0	295.0	6.0	0.0
3.0	5.0	296.0	4.0	0.0
3.0	5.0	297.0	2.0	0.0
3.0	5.0	298.0	12.0	0.0
3.0	5.0	299.0	4.0	0.0
3.0	5.0	300.0	6.0	0.0
3.0	5.0	301.0	4.0	0.0
3.0	5.0	302.0	8.0	0.0
3.0	5.0	303.0	4.0	1.0
3.0	5.0	304.0	0.0	0.0
3.0	5.0	305.0	4.0	0.0
3.0	5.0	306.0	4.0	0.0
3.0	5.0	307.0	4.0	0.0
3.0	5.0	308.0	4.0	0.0
3.0	5.0	309.0	8.0	0.0
3.0	5.0	310.0	8.0	0.0
3.0	5.0	311.0	12.0	0.0
3.0	5.0	312.0	4.0	0.0
3.0	5.0	313.0	10.0	1.0
3.0	5.0	314.0	8.0	0.0
3.0	5.0	315.0	10.0	0.0
3.0	5.0	316.0	10.0	1.0
3.0	5.0	317.0	2.0	1.0
3.0	5.0	318.0	12.0	0.0
3.0	5.0	319.0	10.0	1.0
3.0	5.0	320.0	6.0	1.0
3.0	5.0	321.0	6.0	0.0
3.0	5.0	322.0	6.0	1.0
3.0	5.0	323.0	8.0	1.0
3.0	5.0	324.0	6.0	0.0
3.0	5.0	325.0	6.0	0.0
3.0	5.0	326.0	6.0	0.0
3.0	5.0	327.0	4.0	0.0
3.0	5.0	328.0	8.0	0.0
3.0	5.0	329.0	8.0	0.0
3.0	5.0	330.0	8.0	1.0
3.0	5.0	331.0	4.0	0.0
3.0	5.0	332.0	2.0	0.0
3.0	5.0	333.0	0.0	0.0
3.0	5.0	334.0	6.0	1.0
3.0	5.0	335.0	4.0	0.0
3.0	5.0	336.0	2.0	0.0
3.0	5.0	337.0	8.0	0.0
3.0	5.0	338.0	4.0	0.0
3.0	5.0	339.0	8.0	1.0
3.0	5.0	340.0	6.0	0.0
3.0	5.0	341.0	0.0	0.0
3.0	5.0	342.0	6.0	0.0
3.0	5.0	343.0	4.0	0.0
3.0	5.0	344.0	6.0	1.0
3.0	5.0	345.0	4.0	0.0
3.0	5.0	346.0	8.0	0.0
3.0	5.0	347.0	6.0	0.0
3.0	5.0	348.0	6.0	0.0
3.0	5.0	349.0	8.0	0.0
3.0	5.0	350.0	6.0	0.0
3.0	5.0	351.0	4.0	0.0
3.0	5.0	352.0	10.0	0.0
3.0	5.0	353.0	6.0	0.0
3.0	5.0	354.0	2.0	0.0
3.0	5.0	355.0	6.0	0.0
3.0	5.0	356.0	10.0	0.0
3.0	5.0	357.0	10.0	0.0
3.0	5.0	358.0	4.0	0.0
3.0	5.0	359.0	4.0	0.0
3.0	5.0	360.0	6.0	0.0
3.0	5.0	361.0	6.0	0.0
3.0	5.0	362.0	8.0	1.0
3.0	5.0	363.0	4.0	0.0
3.0	5.0	364.0	8.0	0.0
3.0	5.0	365.0	4.0	0.0
3.0	5.0	366.0	8.0	0.0
3.0	5.0	367.0	2.0	0.0
3.0	5.0	368.0	6.0	0.0
3.0	5.0	369.0	6.0	0.0
3.0	5.0	370.0	10.0	0.0
3.0	5.0	371.0	4.0	0.0
3.0	5.0	372.0	4.0	0.0
3.0	5.0	373.0	2.0	0.0
3.0	5.0	374.0	2.0	0.0
3.0	5.0	375.0	6.0	1.0
3.0	5.0	376.0	8.0	0.0
3.0	5.0	377.0	14.0	0.0
3.0	5.0	378.0	2.0	0.0
3.0	5.0	379.0	10.0	1.0
3.0	5.0	380.0	6.0	0.0
3.0	5.0	381.0	6.0	0.0
3.0	5.0	382.0	6.0	0.0
3.0	5.0	383.0	6.0	0.0
3.0	5.0	384.0	6.0	0.0
3.0	5.0	385.0	6.0	0.0
3.0	5.0	386.0	4.0	0.0
3.0	5.0	387.0	8.0	0.0
3.0	5.0	388.0	6.0	0.0
3.0	5.0	389.0	4.0	0.0
3.0	5.0	390.0	8.0	0.0
3.0	5.0	391.0	6.0	0.0
3.0	5.0	392.0	6.0	0.0
3.0	5.0	393.0	10.0	1.0
3.0	5.0	394.0	6.0	0.0
3.0	5.0	395.0	10.0	2.0
3.0	5.0	396.0	4.0	0.0
3.0	5.0	397.0	0.0	0.0
3.0	5.0	398.0	8.0	0.0
3.0	5.0	399.0	6.0	1.0
3.0	5.0	400.0	4.0	0.0
3.0	5.0	401.0	6.0	0.0
3.0	5.0	402.0	6.0	0.0
3.0	5.0	403.0	6.0	0.0
3.0	5.0	404.0	10.0	0.0
3.0	5.0	405.0	8.0	0.0
3.0	5.0	406.0	12.0	0.0
3.0	5.0	407.0	0.0	0.0
3.0	5.0	408.0	4.0	0.0
3.0	5.0	409.0	6.0	0.0
3.0	5.0	410.0	6.0	0.0
3.0	5.0	411.0	10.0	0.0
3.0	5.0	412.0	8.0	0.0
3.0	5.0	413.0	6.0	0.0
3.0	5.0	414.0	4.0	0.0
3.0	5.0	415.0	4.0	0.0
3.0	5.0	416.0	2.0	0.0
3.0	5.0	417.0	0.0	0.0
3.0	5.0	418.0	10.0	1.0
3.0	5.0	419.0	2.0	0.0
3.0	5.0	420.0	8.0	0.0
3.0	5.0	421.0	6.0	0.0
3.0	5.0	422.0	8.0	0.0
3.0	5.0	423.0	6.0	0.0
3.0	5.0	424.0	4.0	0.0
3.0	5.0	425.0	8.0	0.0
3.0	5.0	426.0	6.0	0.0
3.0	5.0	427.0	10.0	2.0
3.0	5.0	428.0	2.0	0.0
3.0	5.0	429.0	4.0	0.0
3.0	5.0	430.0	2.0	0.0
3.0	5.0	431.0	10.0	0.0
3.0	5.0	432.0	8.0	0.0
3.0	5.0	433.0	2.0	0.0
3.0	5.0	434.0	4.0	0.0
3.0	5.0	435.0	8.0	2.0
3.0	5.0	436.0	6.0	0.0
3.0	5.0	437.0	12.0	0.0
3.0	5.0	438.0	2.0	0.0
3.0	5.0	439.0	4.0	1.0
3.0	5.0	440.0	6.0	0.0
3.0	5.0	441.0	6.0	0.0
3.0	5.0	442.0	6.0	0.0
3.0	5.0	443.0	4.0	0.0
3.0	5.0	444.0	14.0	0.0
3.0	5.0	445.0	6.0	1.0
3.0	5.0	446.0	4.0	0.0
3.0	5.0	447.0	6.0	0.0
3.0	5.0	448.0	4.0	0.0
3.0	5.0	449.0	4.0	0.0
3.0	5.0	450.0	2.0	0.0
3.0	5.0	451.0	6.0	0.0
3.0	5.0	452.0	4.0	0.0
3.0	5.0	453.0	4.0	0.0
3.0	5.0	454.0	6.0	1.0
3.0	5.0	455.0	4.0	1.0
3.0	5.0	456.0	8.0	0.0
3.0	5.0	457.0	6.0	0.0
3.0	5.0	458.0	6.0	0.0
3.0	5.0	459.0	2.0	0.0
3.0	5.0	460.0	2.0	0.0
3.0	5.0	461.0	10.0	0.0
3.0	5.0	462.0	0.0	0.0
3.0	5.0	463.0	8.0	0.0
3.0	5.0	464.0	4.0	0.0
3.0	5.0	465.0	6.0	0.0
3.0	5.0	466.0	4.0	0.0
3.0	5.0	467.0	10.0	3.0
3.0	5.0	468.0	6.0	0.0
3.0	5.0	469.0	4.0	0.0
3.0	5.0	470.0	8.0	0.0
3.0	5.0	471.0	4.0	0.0
3.0	5.0	472.0	8.0	0.0
3.0	5.0	473.0	4.0	0.0
3.0	5.0	474.0	6.0	2.0
3.0	5.0	475.0	8.0	0.0
3.0	5.0	476.0	2.0	0.0
3.0	5.0	477.0	4.0	0.0
3.0	5.0	478.0	4.0	0.0
3.0	5.0	479.0	6.0	0.0
3.0	5.0	480.0	6.0	0.0
3.0	5.0	481.0	8.0	0.0
3.0	5.0	482.0	8.0	0.0
3.0	5.0	483.0	0.0	0.0
3.0	5.0	484.0	6.0	0.0
3.0	5.0	485.0	0.0	0.0
3.0	5.0	486.0	8.0	0.0
3.0	5.0	487.0	8.0	0.0
3.0	5.0	488.0	12.0	0.0
3.0	5.0	489.0	8.0	0.0
3.0	5.0	490.0	4.0	0.0
3.0	5.0	491.0	0.0	0.0
3.0	5.0	492.0	4.0	0.0
3.0	5.0	493.0	4.0	0.0
3.0	5.0	494.0	4.0	0.0
3.0	5.0	495.0	4.0	1.0
3.0	5.0	496.0	6.0	0.0
3.0	5.0	497.0	4.0	0.0
3.0	5.0	498.0	8.0	0.0
3.0	5.0	499.0	8.0	0.0
3.0	5.0	500.0	6.0	1.0
4.0	3.0	1.0	7.0	0.0
4.0	3.0	2.0	5.0	1.0
4.0	3.0	3.0	1.0	0.0
4.0	3.0	4.0	3.0	1.0
4.0	3.0	5.0	5.0	0.0
4.0	3.0	6.0	5.0	2.0
4.0	3.0	7.0	1.0	0.0
4.0	3.0	8.0	5.0	1.0
4.0	3.0	9.0	5.0	0.0
4.0	3.0	10.0	1.0	0.0
4.0	3.0	11.0	5.0	0.0
4.0	3.0	12.0	5.0	0.0
4.0	3.0	13.0	7.0	1.0
4.0	3.0	14.0	7.0	1.0
4.0	3.0	15.0	5.0	2.0
4.0	3.0	16.0	7.0	0.0
4.0	3.0	17.0	7.0	1.0
4.0	3.0	18.0	9.0	0.0
4.0	3.0	19.0	5.0	0.0
4.0	3.0	20.0	3.0	0.0
4.0	3.0	21.0	5.0	1.0
4.0	3.0	22.0	5.0	2.0
4.0	3.0	23.0	3.0	0.0
4.0	3.0	24.0	1.0	0.0
4.0	3.0	25.0	5.0	1.0
4.0	3.0	26.0	9.0	0.0
4.0	3.0	27.0	7.0	1.0
4.0	3.0	28.0	1.0	0.0
4.0	3.0	29.0	7.0	2.0
4.0	3.0	30.0	5.0	1.0
4.0	3.0	31.0	9.0	0.0
4.0	3.0	32.0	3.0	0.0
4.0	3.0	33.0	5.0	2.0
4.0	3.0	34.0	3.0	0.0
4.0	3.0	35.0	5.0	0.0
4.0	3.0	36.0	1.0	0.0
4.0	3.0	37.0	3.0	1.0
4.0	3.0	38.0	3.0	1.0
4.0	3.0	39.0	3.0	0.0
4.0	3.0	40.0	1.0	1.0
4.0	3.0	41.0	5.0	0.0
4.0	3.0	42.0	3.0	0.0
4.0	3.0	43.0	1.0	0.0
4.0	3.0	44.0	5.0	2.0
4.0	3.0	45.0	5.0	1.0
4.0	3.0	46.0	5.0	0.0
4.0	3.0	47.0	5.0	0.0
4.0	3.0	48.0	7.0	0.0
4.0	3.0	49.0	5.0	0.0
4.0	3.0	50.0	5.0	0.0
4.0	3.0	51.0	5.0	1.0
4.0	3.0	52.0	3.0	1.0
4.0	3.0	53.0	3.0	0.0
4.0	3.0	54.0	5.0	0.0
4.0	3.0	55.0	1.0	0.0
4.0	3.0	56.0	7.0	0.0
4.0	3.0	57.0	7.0	2.0
4.0	3.0	58.0	5.0	1.0
4.0	3.0	59.0	5.0	0.0
4.0	3.0	60.0	5.0	0.0
4.0	3.0	61.0	5.0	0.0
4.0	3.0	62.0	9.0	2.0
4.0	3.0	63.0	1.0	0.0
4.0	3.0	64.0	1.0	0.0
4.0	3.0	65.0	7.0	0.0
4.0	3.0	66.0	3.0	0.0
4.0	3.0	67.0	3.0	0.0
4.0	3.0	68.0	3.0	1.0
4.0	3.0	69.0	3.0	0.0
4.0	3.0	70.0	3.0	0.0
4.0	3.0	71.0	7.0	2.0
4.0	3.0	72.0	7.0	1.0
4.0	3.0	73.0	7.0	0.0
4.0	3.0	74.0	9.0	0.0
4.0	3.0	75.0	1.0	0.0
4.0	3.0	76.0	7.0	0.0
4.0	3.0	77.0	9.0	0.0
4.0	3.0	78.0	7.0	1.0
4.0	3.0	79.0	5.0	0.0
4.0	3.0	80.0	7.0	1.0
4.0	3.0	81.0	5.0	0.0
4.0	3.0	82.0	7.0	0.0
4.0	3.0	83.0	5.0	0.0
4.0	3.0	84.0	9.0	0.0
4.0	3.0	85.0	7.0	2.0
4.0	3.0	86.0	9.0	2.0
4.0	3.0	87.0	5.0	0.0
4.0	3.0	88.0	7.0	0.0
4.0	3.0	89.0	5.0	0.0
4.0	3.0	90.0	5.0	0.0
4.0	3.0	91.0	7.0	1.0
4.0	3.0	92.0	7.0	0.0
4.0	3.0	93.0	3.0	0.0
4.0	3.0	94.0	9.0	2.0
4.0	3.0	95.0	3.0	1.0
4.0	3.0	96.0	7.0	0.0
4.0	3.0	97.0	5.0	2.0
4.0	3.0	98.0	5.0	0.0
4.0	3.0	99.0	5.0	0.0
4.0	3.0	100.0	7.0	0.0
4.0	3.0	101.0	3.0	0.0
4.0	3.0	102.0	3.0	0.0
4.0	3.0	103.0	3.0	0.0
4.0	3.0	104.0	5.0	0.0
4.0	3.0	105.0	7.0	0.0
4.0	3.0	106.0	3.0	0.0
4.0	3.0	107.0	7.0	1.0
4.0	3.0	108.0	5.0	0.0
4.0	3.0	109.0	3.0	1.0
4.0	3.0	110.0	3.0	0.0
4.0	3.0	111.0	3.0	1.0
4.0	3.0	112.0	11.0	2.0
4.0	3.0	113.0	3.0	0.0
4.0	3.0	114.0	1.0	0.0
4.0	3.0	115.0	5.0	0.0
4.0	3.0	116.0	5.0	1.0
4.0	3.0	117.0	3.0	0.0
4.0	3.0	118.0	7.0	0.0
4.0	3.0	119.0	5.0	0.0
4.0	3.0	120.0	5.0	0.0
4.0	3.0	121.0	3.0	0.0
4.0	3.0	122.0	1.0	0.0
4.0	3.0	123.0	5.0	2.0
4.0	3.0	124.0	7.0	0.0
4.0	3.0	125.0	7.0	2.0
4.0	3.0	126.0	7.0	0.0
4.0	3.0	127.0	3.0	0.0
4.0	3.0	128.0	3.0	0.0
4.0	3.0	129.0	7.0	3.0
4.0	3.0	130.0	5.0	0.0
4.0	3.0	131.0	5.0	0.0
4.0	3.0	132.0	3.0	0.0
4.0	3.0	133.0	7.0	2.0
4.0	3.0	134.0	7.0	0.0
4.0	3.0	135.0	5.0	1.0
4.0	3.0	136.0	3.0	0.0
4.0	3.0	137.0	5.0	0.0
4.0	3.0	138.0	3.0	0.0
4.0	3.0	139.0	5.0	2.0
4.0	3.0	140.0	3.0	0.0
4.0	3.0	141.0	5.0	0.0
4.0	3.0	142.0	9.0	0.0
4.0	3.0	143.0	5.0	3.0
4.0	3.0	144.0	7.0	0.0
4.0	3.0	145.0	3.0	1.0
4.0	3.0	146.0	3.0	0.0
4.0	3.0	147.0	5.0	0.0
4.0	3.0	148.0	7.0	1.0
4.0	3.0	149.0	7.0	1.0
4.0	3.0	150.0	5.0	0.0
4.0	3.0	151.0	5.0	2.0
4.0	3.0	152.0	7.0	0.0
4.0	3.0	153.0	7.0	0.0
4.0	3.0	154.0	1.0	0.0
4.0	3.0	155.0	3.0	1.0
4.0	3.0	156.0	5.0	0.0
4.0	3.0	157.0	3.0	0.0
4.0	3.0	158.0	3.0	0.0
4.0	3.0	159.0	7.0	3.0
4.0	3.0	160.0	3.0	1.0
4.0	3.0	161.0	5.0	0.0
4.0	3.0	162.0	11.0	2.0
4.0	3.0	163.0	5.0	3.0
4.0	3.0	164.0	9.0	3.0
4.0	3.0	165.0	9.0	0.0
4.0	3.0	166.0	5.0	0.0
4.0	3.0	167.0	7.0	0.0
4.0	3.0	168.0	7.0	0.0
4.0	3.0	169.0	5.0	2.0
4.0	3.0	170.0	5.0	2.0
4.0	3.0	171.0	9.0	0.0
4.0	3.0	172.0	7.0	3.0
4.0	3.0	173.0	5.0	0.0
4.0	3.0	174.0	5.0	2.0
4.0	3.0	175.0	5.0	0.0
4.0	3.0	176.0	3.0	1.0
4.0	3.0	177.0	5.0	1.0
4.0	3.0	178.0	5.0	0.0
4.0	3.0	179.0	7.0	1.0
4.0	3.0	180.0	7.0	1.0
4.0	3.0	181.0	7.0	0.0
4.0	3.0	182.0	5.0	1.0
4.0	3.0	183.0	5.0	1.0
4.0	3.0	184.0	5.0	1.0
4.0	3.0	185.0	7.0	1.0
4.0	3.0	186.0	5.0	1.0
4.0	3.0	187.0	5.0	0.0
4.0	3.0	188.0	5.0	1.0
4.0	3.0	189.0	5.0	0.0
4.0	3.0	190.0	5.0	0.0
4.0	3.0	191.0	7.0	1.0
4.0	3.0	192.0	3.0	0.0
4.0	3.0	193.0	7.0	0.0
4.0	3.0	194.0	7.0	1.0
4.0	3.0	195.0	7.0	1.0
4.0	3.0	196.0	4.0	1.0
4.0	3.0	197.0	3.0	0.0
4.0	3.0	198.0	3.0	0.0
4.0	3.0	199.0	3.0	0.0
4.0	3.0	200.0	7.0	0.0
4.0	3.0	201.0	3.0	0.0
4.0	3.0	202.0	1.0	0.0
4.0	3.0	203.0	1.0	0.0
4.0	3.0	204.0	3.0	1.0
4.0	3.0	205.0	9.0	2.0
4.0	3.0	206.0	7.0	2.0
4.0	3.0	207.0	5.0	1.0
4.0	3.0	208.0	11.0	1.0
4.0	3.0	209.0	5.0	1.0
4.0	3.0	210.0	5.0	0.0
4.0	3.0	211.0	3.0	0.0
4.0	3.0	212.0	9.0	2.0
4.0	3.0	213.0	7.0	0.0
4.0	3.0	214.0	7.0	1.0
4.0	3.0	215.0	7.0	2.0
4.0	3.0	216.0	3.0	2.0
4.0	3.0	217.0	13.0	0.0
4.0	3.0	218.0	5.0	0.0
4.0	3.0	219.0	5.0	0.0
4.0	3.0	220.0	5.0	0.0
4.0	3.0	221.0	5.0	0.0
4.0	3.0	222.0	1.0	0.0
4.0	3.0	223.0	3.0	0.0
4.0	3.0	224.0	5.0	1.0
4.0	3.0	225.0	1.0	0.0
4.0	3.0	226.0	3.0	1.0
4.0	3.0	227.0	3.0	0.0
4.0	3.0	228.0	7.0	0.0
4.0	3.0	229.0	7.0	2.0
4.0	3.0	230.0	5.0	3.0
4.0	3.0	231.0	5.0	0.0
4.0	3.0	232.0	5.0	0.0
4.0	3.0	233.0	5.0	3.0
4.0	3.0	234.0	3.0	0.0
4.0	3.0	235.0	5.0	2.0
4.0	3.0	236.0	3.0	1.0
4.0	3.0	237.0	5.0	0.0
4.0	3.0	238.0	3.0	2.0
4.0	3.0	239.0	3.0	0.0
4.0	3.0	240.0	7.0	1.0
4.0	3.0	241.0	5.0	1.0
4.0	3.0	242.0	7.0	1.0
4.0	3.0	243.0	7.0	0.0
4.0	3.0	244.0	1.0	0.0
4.0	3.0	245.0	5.0	0.0
4.0	3.0	246.0	3.0	0.0
4.0	3.0	247.0	5.0	0.0
4.0	3.0	248.0	5.0	1.0
4.0	3.0	249.0	5.0	0.0
4.0	3.0	250.0	11.0	0.0
4.0	3.0	251.0	1.0	0.0
4.0	3.0	252.0	5.0	0.0
4.0	3.0	253.0	7.0	0.0
4.0	3.0	254.0	9.0	0.0
4.0	3.0	255.0	1.0	0.0
4.0	3.0	256.0	5.0	1.0
4.0	3.0	257.0	5.0	0.0
4.0	3.0	258.0	3.0	1.0
4.0	3.0	259.0	3.0	0.0
4.0	3.0	260.0	7.0	1.0
4.0	3.0	261.0	3.0	0.0
4.0	3.0	262.0	3.0	0.0
4.0	3.0	263.0	7.0	1.0
4.0	3.0	264.0	5.0	1.0
4.0	3.0	265.0	13.0	2.0
4.0	3.0	266.0	5.0	0.0
4.0	3.0	267.0	5.0	0.0
4.0	3.0	268.0	11.0	0.0
4.0	3.0	269.0	7.0	2.0
4.0	3.0	270.0	9.0	0.0
4.0	3.0	271.0	7.0	1.0
4.0	3.0	272.0	5.0	1.0
4.0	3.0	273.0	11.0	2.0
4.0	3.0	274.0	11.0	3.0
4.0	3.0	275.0	3.0	0.0
4.0	3.0	276.0	3.0	0.0
4.0	3.0	277.0	3.0	0.0
4.0	3.0	278.0	7.0	0.0
4.0	3.0	279.0	3.0	2.0
4.0	3.0	280.0	7.0	2.0
4.0	3.0	281.0	7.0	0.0
4.0	3.0	282.0	3.0	0.0
4.0	3.0	283.0	5.0	1.0
4.0	3.0	284.0	7.0	1.0
4.0	3.0	285.0	3.0	0.0
4.0	3.0	286.0	1.0	1.0
4.0	3.0	287.0	7.0	1.0
4.0	3.0	288.0	3.0	0.0
4.0	3.0	289.0	5.0	1.0
4.0	3.0	290.0	11.0	1.0
4.0	3.0	291.0	3.0	1.0
4.0	3.0	292.0	7.0	1.0
4.0	3.0	293.0	3.0	0.0
4.0	3.0	294.0	7.0	0.0
4.0	3.0	295.0	5.0	1.0
4.0	3.0	296.0	7.0	2.0
4.0	3.0	297.0	7.0	0.0
4.0	3.0	298.0	3.0	0.0
4.0	3.0	299.0	9.0	0.0
4.0	3.0	300.0	7.0	0.0
4.0	3.0	301.0	5.0	1.0
4.0	3.0	302.0	5.0	0.0
4.0	3.0	303.0	9.0	2.0
4.0	3.0	304.0	5.0	1.0
4.0	3.0	305.0	5.0	1.0
4.0	3.0	306.0	1.0	0.0
4.0	3.0	307.0	9.0	2.0
4.0	3.0	308.0	7.0	1.0
4.0	3.0	309.0	3.0	0.0
4.0	3.0	310.0	5.0	0.0
4.0	3.0	311.0	3.0	1.0
4.0	3.0	312.0	3.0	0.0
4.0	3.0	313.0	5.0	2.0
4.0	3.0	314.0	7.0	1.0
4.0	3.0	315.0	5.0	0.0
4.0	3.0	316.0	11.0	3.0
4.0	3.0	317.0	5.0	1.0
4.0	3.0	318.0	5.0	1.0
4.0	3.0	319.0	7.0	2.0
4.0	3.0	320.0	5.0	0.0
4.0	3.0	321.0	3.0	0.0
4.0	3.0	322.0	7.0	0.0
4.0	3.0	323.0	5.0	0.0
4.0	3.0	324.0	3.0	1.0
4.0	3.0	325.0	5.0	1.0
4.0	3.0	326.0	3.0	1.0
4.0	3.0	327.0	3.0	1.0
4.0	3.0	328.0	3.0	0.0
4.0	3.0	329.0	3.0	0.0
4.0	3.0	330.0	9.0	1.0
4.0	3.0	331.0	9.0	1.0
4.0	3.0	332.0	7.0	0.0
4.0	3.0	333.0	7.0	1.0
4.0	3.0	334.0	5.0	0.0
4.0	3.0	335.0	5.0	2.0
4.0	3.0	336.0	3.0	0.0
4.0	3.0	337.0	9.0	1.0
4.0	3.0	338.0	3.0	0.0
4.0	3.0	339.0	3.0	0.0
4.0	3.0	340.0	5.0	2.0
4.0	3.0	341.0	3.0	0.0
4.0	3.0	342.0	7.0	1.0
4.0	3.0	343.0	3.0	0.0
4.0	3.0	344.0	3.0	0.0
4.0	3.0	345.0	3.0	0.0
4.0	3.0	346.0	5.0	0.0
4.0	3.0	347.0	5.0	2.0
4.0	3.0	348.0	5.0	0.0
4.0	3.0	349.0	5.0	1.0
4.0	3.0	350.0	5.0	0.0
4.0	3.0	351.0	7.0	1.0
4.0	3.0	352.0	7.0	0.0
4.0	3.0	353.0	3.0	0.0
4.0	3.0	354.0	3.0	0.0
4.0	3.0	355.0	5.0	0.0
4.0	3.0	356.0	7.0	0.0
4.0	3.0	357.0	5.0	0.0
4.0	3.0	358.0	7.0	1.0
4.0	3.0	359.0	3.0	0.0
4.0	3.0	360.0	7.0	2.0
4.0	3.0	361.0	3.0	1.0
4.0	3.0	362.0	7.0	0.0
4.0	3.0	363.0	5.0	0.0
4.0	3.0	364.0	5.0	0.0
4.0	3.0	365.0	3.0	2.0
4.0	3.0	366.0	7.0	0.0
4.0	3.0	367.0	5.0	0.0
4.0	3.0	368.0	1.0	0.0
4.0	3.0	369.0	3.0	1.0
4.0	3.0	370.0	3.0	0.0
4.0	3.0	371.0	9.0	0.0
4.0	3.0	372.0	5.0	0.0
4.0	3.0	373.0	3.0	0.0
4.0	3.0	374.0	7.0	1.0
4.0	3.0	375.0	3.0	0.0
4.0	3.0	376.0	7.0	0.0
4.0	3.0	377.0	1.0	0.0
4.0	3.0	378.0	3.0	0.0
4.0	3.0	379.0	7.0	0.0
4.0	3.0	380.0	7.0	3.0
4.0	3.0	381.0	7.0	0.0
4.0	3.0	382.0	5.0	3.0
4.0	3.0	383.0	5.0	2.0
4.0	3.0	384.0	5.0	1.0
4.0	3.0	385.0	9.0	0.0
4.0	3.0	386.0	3.0	0.0
4.0	3.0	387.0	9.0	0.0
4.0	3.0	388.0	7.0	1.0
4.0	3.0	389.0	7.0	1.0
4.0	3.0	390.0	5.0	2.0
4.0	3.0	391.0	7.0	0.0
4.0	3.0	392.0	5.0	0.0
4.0	3.0	393.0	3.0	0.0
4.0	3.0	394.0	3.0	1.0
4.0	3.0	395.0	7.0	0.0
4.0	3.0	396.0	11.0	1.0
4.0	3.0	397.0	5.0	0.0
4.0	3.0	398.0	7.0	3.0
4.0	3.0	399.0	11.0	1.0
4.0	3.0	400.0	9.0	2.0
4.0	3.0	401.0	3.0	0.0
4.0	3.0	402.0	3.0	0.0
4.0	3.0	403.0	3.0	0.0
4.0	3.0	404.0	3.0	1.0
4.0	3.0	405.0	3.0	0.0
4.0	3.0	406.0	5.0	0.0
4.0	3.0	407.0	3.0	0.0
4.0	3.0	408.0	3.0	0.0
4.0	3.0	409.0	5.0	1.0
4.0	3.0	410.0	5.0	2.0
4.0	3.0	411.0	5.0	0.0
4.0	3.0	412.0	7.0	1.0
4.0	3.0	413.0	9.0	2.0
4.0	3.0	414.0	5.0	1.0
4.0	3.0	415.0	3.0	0.0
4.0	3.0	416.0	5.0	0.0
4.0	3.0	417.0	9.0	0.0
4.0	3.0	418.0	7.0	0.0
4.0	3.0	419.0	5.0	0.0
4.0	3.0	420.0	3.0	0.0
4.0	3.0	421.0	9.0	4.0
4.0	3.0	422.0	5.0	1.0
4.0	3.0	423.0	9.0	1.0
4.0	3.0	424.0	7.0	1.0
4.0	3.0	425.0	3.0	0.0
4.0	3.0	426.0	9.0	1.0
4.0	3.0	427.0	7.0	0.0
4.0	3.0	428.0	9.0	2.0
4.0	3.0	429.0	5.0	0.0
4.0	3.0	430.0	3.0	0.0
4.0	3.0	431.0	11.0	3.0
4.0	3.0	432.0	1.0	1.0
4.0	3.0	433.0	7.0	0.0
4.0	3.0	434.0	5.0	1.0
4.0	3.0	435.0	3.0	0.0
4.0	3.0	436.0	5.0	2.0
4.0	3.0	437.0	5.0	3.0
4.0	3.0	438.0	3.0	0.0
4.0	3.0	439.0	1.0	0.0
4.0	3.0	440.0	5.0	0.0
4.0	3.0	441.0	9.0	5.0
4.0	3.0	442.0	3.0	0.0
4.0	3.0	443.0	7.0	1.0
4.0	3.0	444.0	3.0	0.0
4.0	3.0	445.0	11.0	2.0
4.0	3.0	446.0	9.0	2.0
4.0	3.0	447.0	5.0	0.0
4.0	3.0	448.0	5.0	0.0
4.0	3.0	449.0	5.0	0.0
4.0	3.0	450.0	7.0	1.0
4.0	3.0	451.0	3.0	0.0
4.0	3.0	452.0	5.0	0.0
4.0	3.0	453.0	5.0	0.0
4.0	3.0	454.0	3.0	0.0
4.0	3.0	455.0	3.0	2.0
4.0	3.0	456.0	7.0	0.0
4.0	3.0	457.0	3.0	0.0
4.0	3.0	458.0	5.0	1.0
4.0	3.0	459.0	7.0	2.0
4.0	3.0	460.0	5.0	0.0
4.0	3.0	461.0	7.0	2.0
4.0	3.0	462.0	9.0	0.0
4.0	3.0	463.0	3.0	0.0
4.0	3.0	464.0	7.0	0.0
4.0	3.0	465.0	3.0	1.0
4.0	3.0	466.0	9.0	0.0
4.0	3.0	467.0	7.0	2.0
4.0	3.0	468.0	7.0	0.0
4.0	3.0	469.0	5.0	1.0
4.0	3.0	470.0	7.0	0.0
4.0	3.0	471.0	7.0	1.0
4.0	3.0	472.0	5.0	0.0
4.0	3.0	473.0	1.0	0.0
4.0	3.0	474.0	5.0	0.0
4.0	3.0	475.0	5.0	0.0
4.0	3.0	476.0	3.0	0.0
4.0	3.0	477.0	7.0	1.0
4.0	3.0	478.0	5.0	1.0
4.0	3.0	479.0	5.0	0.0
4.0	3.0	480.0	5.0	0.0
4.0	3.0	481.0	5.0	1.0
4.0	3.0	482.0	5.0	1.0
4.0	3.0	483.0	1.0	0.0
4.0	3.0	484.0	7.0	0.0
4.0	3.0	485.0	3.0	1.0
4.0	3.0	486.0	5.0	0.0
4.0	3.0	487.0	5.0	0.0
4.0	3.0	488.0	5.0	0.0
4.0	3.0	489.0	3.0	0.0
4.0	3.0	490.0	3.0	0.0
4.0	3.0	491.0	3.0	1.0
4.0	3.0	492.0	1.0	0.0
4.0	3.0	493.0	3.0	0.0
4.0	3.0	494.0	5.0	0.0
4.0	3.0	495.0	5.0	0.0
4.0	3.0	496.0	9.0	0.0
4.0	3.0	497.0	11.0	2.0
4.0	3.0	498.0	5.0	1.0
4.0	3.0	499.0	7.0	1.0
4.0	3.0	500.0	3.0	1.0
4.0	4.0	1.0	5.0	3.0
4.0	4.0	2.0	15.0	0.0
4.0	4.0	3.0	13.0	2.0
4.0	4.0	4.0	11.0	1.0
4.0	4.0	5.0	5.0	0.0
4.0	4.0	6.0	7.0	0.0
4.0	4.0	7.0	9.0	1.0
4.0	4.0	8.0	5.0	0.0
4.0	4.0	9.0	5.0	0.0
4.0	4.0	10.0	11.0	2.0
4.0	4.0	11.0	5.0	0.0
4.0	4.0	12.0	7.0	1.0
4.0	4.0	13.0	9.0	1.0
4.0	4.0	14.0	9.0	0.0
4.0	4.0	15.0	5.0	0.0
4.0	4.0	16.0	13.0	1.0
4.0	4.0	17.0	7.0	0.0
4.0	4.0	18.0	13.0	1.0
4.0	4.0	19.0	5.0	0.0
4.0	4.0	20.0	11.0	0.0
4.0	4.0	21.0	9.0	3.0
4.0	4.0	22.0	17.0	0.0
4.0	4.0	23.0	13.0	0.0
4.0	4.0	24.0	9.0	0.0
4.0	4.0	25.0	9.0	0.0
4.0	4.0	26.0	3.0	0.0
4.0	4.0	27.0	7.0	3.0
4.0	4.0	28.0	11.0	2.0
4.0	4.0	29.0	11.0	1.0
4.0	4.0	30.0	9.0	0.0
4.0	4.0	31.0	7.0	1.0
4.0	4.0	32.0	9.0	0.0
4.0	4.0	33.0	3.0	0.0
4.0	4.0	34.0	5.0	0.0
4.0	4.0	35.0	7.0	0.0
4.0	4.0	36.0	9.0	1.0
4.0	4.0	37.0	13.0	0.0
4.0	4.0	38.0	13.0	2.0
4.0	4.0	39.0	7.0	0.0
4.0	4.0	40.0	7.0	0.0
4.0	4.0	41.0	7.0	0.0
4.0	4.0	42.0	11.0	0.0
4.0	4.0	43.0	17.0	1.0
4.0	4.0	44.0	11.0	0.0
4.0	4.0	45.0	11.0	0.0
4.0	4.0	46.0	13.0	0.0
4.0	4.0	47.0	9.0	0.0
4.0	4.0	48.0	5.0	0.0
4.0	4.0	49.0	9.0	0.0
4.0	4.0	50.0	17.0	0.0
4.0	4.0	51.0	9.0	0.0
4.0	4.0	52.0	7.0	0.0
4.0	4.0	53.0	11.0	0.0
4.0	4.0	54.0	11.0	1.0
4.0	4.0	55.0	15.0	1.0
4.0	4.0	56.0	7.0	1.0
4.0	4.0	57.0	3.0	0.0
4.0	4.0	58.0	5.0	0.0
4.0	4.0	59.0	9.0	0.0
4.0	4.0	60.0	9.0	0.0
4.0	4.0	61.0	3.0	0.0
4.0	4.0	62.0	11.0	1.0
4.0	4.0	63.0	7.0	1.0
4.0	4.0	64.0	13.0	0.0
4.0	4.0	65.0	3.0	0.0
4.0	4.0	66.0	13.0	2.0
4.0	4.0	67.0	5.0	0.0
4.0	4.0	68.0	9.0	2.0
4.0	4.0	69.0	7.0	0.0
4.0	4.0	70.0	7.0	0.0
4.0	4.0	71.0	5.0	1.0
4.0	4.0	72.0	13.0	0.0
4.0	4.0	73.0	7.0	0.0
4.0	4.0	74.0	9.0	1.0
4.0	4.0	75.0	7.0	0.0
4.0	4.0	76.0	11.0	0.0
4.0	4.0	77.0	13.0	2.0
4.0	4.0	78.0	5.0	0.0
4.0	4.0	79.0	5.0	0.0
4.0	4.0	80.0	13.0	0.0
4.0	4.0	81.0	9.0	0.0
4.0	4.0	82.0	13.0	2.0
4.0	4.0	83.0	9.0	0.0
4.0	4.0	84.0	11.0	0.0
4.0	4.0	85.0	13.0	1.0
4.0	4.0	86.0	13.0	1.0
4.0	4.0	87.0	11.0	0.0
4.0	4.0	88.0	9.0	0.0
4.0	4.0	89.0	5.0	1.0
4.0	4.0	90.0	9.0	0.0
4.0	4.0	91.0	13.0	0.0
4.0	4.0	92.0	9.0	0.0
4.0	4.0	93.0	13.0	1.0
4.0	4.0	94.0	7.0	1.0
4.0	4.0	95.0	5.0	1.0
4.0	4.0	96.0	7.0	1.0
4.0	4.0	97.0	9.0	1.0
4.0	4.0	98.0	5.0	0.0
4.0	4.0	99.0	11.0	0.0
4.0	4.0	100.0	11.0	0.0
4.0	4.0	101.0	13.0	1.0
4.0	4.0	102.0	13.0	2.0
4.0	4.0	103.0	13.0	0.0
4.0	4.0	104.0	9.0	2.0
4.0	4.0	105.0	7.0	0.0
4.0	4.0	106.0	13.0	1.0
4.0	4.0	107.0	9.0	0.0
4.0	4.0	108.0	9.0	1.0
4.0	4.0	109.0	15.0	1.0
4.0	4.0	110.0	9.0	4.0
4.0	4.0	111.0	7.0	0.0
4.0	4.0	112.0	7.0	0.0
4.0	4.0	113.0	5.0	0.0
4.0	4.0	114.0	15.0	3.0
4.0	4.0	115.0	7.0	0.0
4.0	4.0	116.0	5.0	0.0
4.0	4.0	117.0	7.0	0.0
4.0	4.0	118.0	9.0	1.0
4.0	4.0	119.0	5.0	1.0
4.0	4.0	120.0	7.0	0.0
4.0	4.0	121.0	9.0	1.0
4.0	4.0	122.0	7.0	0.0
4.0	4.0	123.0	7.0	0.0
4.0	4.0	124.0	11.0	0.0
4.0	4.0	125.0	9.0	0.0
4.0	4.0	126.0	9.0	1.0
4.0	4.0	127.0	11.0	1.0
4.0	4.0	128.0	5.0	1.0
4.0	4.0	129.0	5.0	0.0
4.0	4.0	130.0	5.0	1.0
4.0	4.0	131.0	5.0	0.0
4.0	4.0	132.0	9.0	0.0
4.0	4.0	133.0	9.0	0.0
4.0	4.0	134.0	11.0	1.0
4.0	4.0	135.0	11.0	1.0
4.0	4.0	136.0	7.0	0.0
4.0	4.0	137.0	11.0	0.0
4.0	4.0	138.0	11.0	0.0
4.0	4.0	139.0	7.0	1.0
4.0	4.0	140.0	13.0	1.0
4.0	4.0	141.0	5.0	0.0
4.0	4.0	142.0	7.0	0.0
4.0	4.0	143.0	7.0	0.0
4.0	4.0	144.0	9.0	2.0
4.0	4.0	145.0	13.0	2.0
4.0	4.0	146.0	5.0	0.0
4.0	4.0	147.0	1.0	0.0
4.0	4.0	148.0	9.0	1.0
4.0	4.0	149.0	11.0	0.0
4.0	4.0	150.0	9.0	0.0
4.0	4.0	151.0	9.0	1.0
4.0	4.0	152.0	11.0	0.0
4.0	4.0	153.0	9.0	0.0
4.0	4.0	154.0	5.0	0.0
4.0	4.0	155.0	3.0	0.0
4.0	4.0	156.0	11.0	2.0
4.0	4.0	157.0	11.0	0.0
4.0	4.0	158.0	13.0	0.0
4.0	4.0	159.0	5.0	0.0
4.0	4.0	160.0	9.0	0.0
4.0	4.0	161.0	11.0	0.0
4.0	4.0	162.0	9.0	1.0
4.0	4.0	163.0	11.0	1.0
4.0	4.0	164.0	7.0	0.0
4.0	4.0	165.0	7.0	3.0
4.0	4.0	166.0	11.0	1.0
4.0	4.0	167.0	7.0	0.0
4.0	4.0	168.0	9.0	0.0
4.0	4.0	169.0	7.0	0.0
4.0	4.0	170.0	7.0	2.0
4.0	4.0	171.0	3.0	0.0
4.0	4.0	172.0	3.0	0.0
4.0	4.0	173.0	13.0	0.0
4.0	4.0	174.0	7.0	1.0
4.0	4.0	175.0	11.0	2.0
4.0	4.0	176.0	13.0	2.0
4.0	4.0	177.0	9.0	0.0
4.0	4.0	178.0	7.0	0.0
4.0	4.0	179.0	9.0	0.0
4.0	4.0	180.0	9.0	0.0
4.0	4.0	181.0	5.0	0.0
4.0	4.0	182.0	7.0	2.0
4.0	4.0	183.0	5.0	0.0
4.0	4.0	184.0	11.0	1.0
4.0	4.0	185.0	19.0	1.0
4.0	4.0	186.0	13.0	0.0
4.0	4.0	187.0	7.0	0.0
4.0	4.0	188.0	17.0	0.0
4.0	4.0	189.0	13.0	2.0
4.0	4.0	190.0	3.0	0.0
4.0	4.0	191.0	13.0	1.0
4.0	4.0	192.0	5.0	0.0
4.0	4.0	193.0	5.0	1.0
4.0	4.0	194.0	3.0	0.0
4.0	4.0	195.0	7.0	0.0
4.0	4.0	196.0	11.0	2.0
4.0	4.0	197.0	11.0	2.0
4.0	4.0	198.0	9.0	0.0
4.0	4.0	199.0	13.0	2.0
4.0	4.0	200.0	11.0	0.0
4.0	4.0	201.0	3.0	1.0
4.0	4.0	202.0	5.0	0.0
4.0	4.0	203.0	9.0	0.0
4.0	4.0	204.0	7.0	0.0
4.0	4.0	205.0	13.0	2.0
4.0	4.0	206.0	7.0	1.0
4.0	4.0	207.0	9.0	0.0
4.0	4.0	208.0	7.0	2.0
4.0	4.0	209.0	13.0	0.0
4.0	4.0	210.0	11.0	1.0
4.0	4.0	211.0	13.0	0.0
4.0	4.0	212.0	7.0	1.0
4.0	4.0	213.0	5.0	0.0
4.0	4.0	214.0	13.0	2.0
4.0	4.0	215.0	11.0	0.0
4.0	4.0	216.0	15.0	1.0
4.0	4.0	217.0	11.0	0.0
4.0	4.0	218.0	7.0	0.0
4.0	4.0	219.0	5.0	0.0
4.0	4.0	220.0	7.0	0.0
4.0	4.0	221.0	7.0	1.0
4.0	4.0	222.0	9.0	0.0
4.0	4.0	223.0	11.0	1.0
4.0	4.0	224.0	15.0	2.0
4.0	4.0	225.0	1.0	0.0
4.0	4.0	226.0	9.0	0.0
4.0	4.0	227.0	9.0	0.0
4.0	4.0	228.0	7.0	0.0
4.0	4.0	229.0	7.0	1.0
4.0	4.0	230.0	9.0	0.0
4.0	4.0	231.0	5.0	0.0
4.0	4.0	232.0	11.0	0.0
4.0	4.0	233.0	3.0	0.0
4.0	4.0	234.0	5.0	0.0
4.0	4.0	235.0	9.0	0.0
4.0	4.0	236.0	11.0	0.0
4.0	4.0	237.0	13.0	1.0
4.0	4.0	238.0	3.0	0.0
4.0	4.0	239.0	5.0	0.0
4.0	4.0	240.0	11.0	0.0
4.0	4.0	241.0	11.0	1.0
4.0	4.0	242.0	13.0	1.0
4.0	4.0	243.0	11.0	0.0
4.0	4.0	244.0	5.0	0.0
4.0	4.0	245.0	9.0	0.0
4.0	4.0	246.0	9.0	2.0
4.0	4.0	247.0	3.0	0.0
4.0	4.0	248.0	11.0	1.0
4.0	4.0	249.0	5.0	0.0
4.0	4.0	250.0	9.0	0.0
4.0	4.0	251.0	7.0	0.0
4.0	4.0	252.0	9.0	1.0
4.0	4.0	253.0	9.0	1.0
4.0	4.0	254.0	11.0	1.0
4.0	4.0	255.0	13.0	0.0
4.0	4.0	256.0	3.0	0.0
4.0	4.0	257.0	7.0	1.0
4.0	4.0	258.0	3.0	1.0
4.0	4.0	259.0	9.0	1.0
4.0	4.0	260.0	15.0	1.0
4.0	4.0	261.0	9.0	0.0
4.0	4.0	262.0	11.0	2.0
4.0	4.0	263.0	13.0	2.0
4.0	4.0	264.0	15.0	2.0
4.0	4.0	265.0	5.0	0.0
4.0	4.0	266.0	5.0	0.0
4.0	4.0	267.0	13.0	1.0
4.0	4.0	268.0	11.0	0.0
4.0	4.0	269.0	5.0	0.0
4.0	4.0	270.0	13.0	1.0
4.0	4.0	271.0	9.0	0.0
4.0	4.0	272.0	15.0	0.0
4.0	4.0	273.0	13.0	0.0
4.0	4.0	274.0	7.0	0.0
4.0	4.0	275.0	5.0	0.0
4.0	4.0	276.0	15.0	1.0
4.0	4.0	277.0	15.0	1.0
4.0	4.0	278.0	11.0	0.0
4.0	4.0	279.0	19.0	2.0
4.0	4.0	280.0	13.0	2.0
4.0	4.0	281.0	13.0	1.0
4.0	4.0	282.0	5.0	0.0
4.0	4.0	283.0	9.0	0.0
4.0	4.0	284.0	7.0	0.0
4.0	4.0	285.0	7.0	0.0
4.0	4.0	286.0	7.0	0.0
4.0	4.0	287.0	3.0	2.0
4.0	4.0	288.0	7.0	0.0
4.0	4.0	289.0	3.0	0.0
4.0	4.0	290.0	5.0	0.0
4.0	4.0	291.0	7.0	0.0
4.0	4.0	292.0	7.0	0.0
4.0	4.0	293.0	9.0	1.0
4.0	4.0	294.0	5.0	1.0
4.0	4.0	295.0	9.0	1.0
4.0	4.0	296.0	7.0	1.0
4.0	4.0	297.0	7.0	0.0
4.0	4.0	298.0	7.0	0.0
4.0	4.0	299.0	5.0	1.0
4.0	4.0	300.0	5.0	1.0
4.0	4.0	301.0	7.0	0.0
4.0	4.0	302.0	9.0	0.0
4.0	4.0	303.0	5.0	1.0
4.0	4.0	304.0	9.0	1.0
4.0	4.0	305.0	7.0	0.0
4.0	4.0	306.0	5.0	0.0
4.0	4.0	307.0	9.0	0.0
4.0	4.0	308.0	11.0	1.0
4.0	4.0	309.0	11.0	0.0
4.0	4.0	310.0	7.0	0.0
4.0	4.0	311.0	7.0	0.0
4.0	4.0	312.0	9.0	0.0
4.0	4.0	313.0	5.0	0.0
4.0	4.0	314.0	7.0	0.0
4.0	4.0	315.0	9.0	0.0
4.0	4.0	316.0	9.0	0.0
4.0	4.0	317.0	9.0	1.0
4.0	4.0	318.0	11.0	0.0
4.0	4.0	319.0	8.0	0.0
4.0	4.0	320.0	7.0	0.0
4.0	4.0	321.0	13.0	0.0
4.0	4.0	322.0	7.0	0.0
4.0	4.0	323.0	11.0	2.0
4.0	4.0	324.0	15.0	0.0
4.0	4.0	325.0	13.0	0.0
4.0	4.0	326.0	11.0	0.0
4.0	4.0	327.0	3.0	1.0
4.0	4.0	328.0	13.0	0.0
4.0	4.0	329.0	9.0	0.0
4.0	4.0	330.0	9.0	0.0
4.0	4.0	331.0	13.0	1.0
4.0	4.0	332.0	7.0	0.0
4.0	4.0	333.0	9.0	0.0
4.0	4.0	334.0	13.0	0.0
4.0	4.0	335.0	5.0	0.0
4.0	4.0	336.0	7.0	0.0
4.0	4.0	337.0	9.0	1.0
4.0	4.0	338.0	7.0	1.0
4.0	4.0	339.0	11.0	0.0
4.0	4.0	340.0	9.0	2.0
4.0	4.0	341.0	9.0	0.0
4.0	4.0	342.0	7.0	1.0
4.0	4.0	343.0	3.0	0.0
4.0	4.0	344.0	9.0	0.0
4.0	4.0	345.0	11.0	0.0
4.0	4.0	346.0	7.0	0.0
4.0	4.0	347.0	11.0	1.0
4.0	4.0	348.0	11.0	1.0
4.0	4.0	349.0	7.0	0.0
4.0	4.0	350.0	13.0	0.0
4.0	4.0	351.0	15.0	2.0
4.0	4.0	352.0	7.0	0.0
4.0	4.0	353.0	7.0	1.0
4.0	4.0	354.0	7.0	0.0
4.0	4.0	355.0	11.0	3.0
4.0	4.0	356.0	9.0	0.0
4.0	4.0	357.0	5.0	0.0
4.0	4.0	358.0	7.0	0.0
4.0	4.0	359.0	11.0	0.0
4.0	4.0	360.0	11.0	0.0
4.0	4.0	361.0	9.0	0.0
4.0	4.0	362.0	15.0	0.0
4.0	4.0	363.0	11.0	1.0
4.0	4.0	364.0	9.0	0.0
4.0	4.0	365.0	5.0	1.0
4.0	4.0	366.0	9.0	1.0
4.0	4.0	367.0	7.0	0.0
4.0	4.0	368.0	9.0	0.0
4.0	4.0	369.0	7.0	2.0
4.0	4.0	370.0	7.0	0.0
4.0	4.0	371.0	5.0	0.0
4.0	4.0	372.0	9.0	0.0
4.0	4.0	373.0	9.0	0.0
4.0	4.0	374.0	3.0	0.0
4.0	4.0	375.0	9.0	0.0
4.0	4.0	376.0	5.0	1.0
4.0	4.0	377.0	7.0	1.0
4.0	4.0	378.0	9.0	0.0
4.0	4.0	379.0	9.0	0.0
4.0	4.0	380.0	7.0	1.0
4.0	4.0	381.0	1.0	0.0
4.0	4.0	382.0	7.0	0.0
4.0	4.0	383.0	11.0	0.0
4.0	4.0	384.0	7.0	1.0
4.0	4.0	385.0	9.0	2.0
4.0	4.0	386.0	15.0	3.0
4.0	4.0	387.0	9.0	0.0
4.0	4.0	388.0	11.0	0.0
4.0	4.0	389.0	7.0	1.0
4.0	4.0	390.0	11.0	0.0
4.0	4.0	391.0	13.0	1.0
4.0	4.0	392.0	7.0	1.0
4.0	4.0	393.0	7.0	2.0
4.0	4.0	394.0	9.0	1.0
4.0	4.0	395.0	13.0	1.0
4.0	4.0	396.0	9.0	0.0
4.0	4.0	397.0	13.0	1.0
4.0	4.0	398.0	3.0	0.0
4.0	4.0	399.0	7.0	0.0
4.0	4.0	400.0	11.0	0.0
4.0	4.0	401.0	13.0	1.0
4.0	4.0	402.0	7.0	0.0
4.0	4.0	403.0	7.0	0.0
4.0	4.0	404.0	11.0	1.0
4.0	4.0	405.0	9.0	1.0
4.0	4.0	406.0	9.0	0.0
4.0	4.0	407.0	7.0	0.0
4.0	4.0	408.0	11.0	0.0
4.0	4.0	409.0	5.0	0.0
4.0	4.0	410.0	9.0	0.0
4.0	4.0	411.0	7.0	0.0
4.0	4.0	412.0	7.0	0.0
4.0	4.0	413.0	7.0	2.0
4.0	4.0	414.0	5.0	1.0
4.0	4.0	415.0	11.0	0.0
4.0	4.0	416.0	11.0	0.0
4.0	4.0	417.0	11.0	1.0
4.0	4.0	418.0	13.0	1.0
4.0	4.0	419.0	9.0	1.0
4.0	4.0	420.0	17.0	3.0
4.0	4.0	421.0	13.0	0.0
4.0	4.0	422.0	9.0	0.0
4.0	4.0	423.0	5.0	0.0
4.0	4.0	424.0	9.0	0.0
4.0	4.0	425.0	11.0	1.0
4.0	4.0	426.0	3.0	0.0
4.0	4.0	427.0	11.0	0.0
4.0	4.0	428.0	7.0	1.0
4.0	4.0	429.0	11.0	0.0
4.0	4.0	430.0	9.0	0.0
4.0	4.0	431.0	11.0	0.0
4.0	4.0	432.0	11.0	2.0
4.0	4.0	433.0	13.0	1.0
4.0	4.0	434.0	7.0	0.0
4.0	4.0	435.0	11.0	1.0
4.0	4.0	436.0	13.0	0.0
4.0	4.0	437.0	5.0	0.0
4.0	4.0	438.0	5.0	0.0
4.0	4.0	439.0	19.0	3.0
4.0	4.0	440.0	7.0	0.0
4.0	4.0	441.0	11.0	2.0
4.0	4.0	442.0	9.0	1.0
4.0	4.0	443.0	7.0	0.0
4.0	4.0	444.0	5.0	0.0
4.0	4.0	445.0	11.0	0.0
4.0	4.0	446.0	9.0	0.0
4.0	4.0	447.0	13.0	0.0
4.0	4.0	448.0	7.0	1.0
4.0	4.0	449.0	13.0	1.0
4.0	4.0	450.0	13.0	0.0
4.0	4.0	451.0	15.0	0.0
4.0	4.0	452.0	9.0	0.0
4.0	4.0	453.0	13.0	0.0
4.0	4.0	454.0	9.0	0.0
4.0	4.0	455.0	7.0	0.0
4.0	4.0	456.0	11.0	0.0
4.0	4.0	457.0	7.0	0.0
4.0	4.0	458.0	17.0	1.0
4.0	4.0	459.0	11.0	2.0
4.0	4.0	460.0	15.0	1.0
4.0	4.0	461.0	11.0	3.0
4.0	4.0	462.0	13.0	3.0
4.0	4.0	463.0	9.0	0.0
4.0	4.0	464.0	5.0	0.0
4.0	4.0	465.0	11.0	1.0
4.0	4.0	466.0	9.0	0.0
4.0	4.0	467.0	11.0	0.0
4.0	4.0	468.0	5.0	0.0
4.0	4.0	469.0	9.0	0.0
4.0	4.0	470.0	9.0	2.0
4.0	4.0	471.0	11.0	0.0
4.0	4.0	472.0	7.0	0.0
4.0	4.0	473.0	3.0	0.0
4.0	4.0	474.0	13.0	1.0
4.0	4.0	475.0	13.0	0.0
4.0	4.0	476.0	5.0	1.0
4.0	4.0	477.0	7.0	2.0
4.0	4.0	478.0	7.0	0.0
4.0	4.0	479.0	11.0	0.0
4.0	4.0	480.0	9.0	0.0
4.0	4.0	481.0	7.0	0.0
4.0	4.0	482.0	9.0	0.0
4.0	4.0	483.0	9.0	1.0
4.0	4.0	484.0	11.0	0.0
4.0	4.0	485.0	9.0	3.0
4.0	4.0	486.0	9.0	0.0
4.0	4.0	487.0	9.0	0.0
4.0	4.0	488.0	5.0	1.0
4.0	4.0	489.0	9.0	0.0
4.0	4.0	490.0	9.0	0.0
4.0	4.0	491.0	7.0	1.0
4.0	4.0	492.0	11.0	0.0
4.0	4.0	493.0	7.0	0.0
4.0	4.0	494.0	7.0	0.0
4.0	4.0	495.0	9.0	1.0
4.0	4.0	496.0	5.0	0.0
4.0	4.0	497.0	5.0	0.0
4.0	4.0	498.0	13.0	0.0
4.0	4.0	499.0	7.0	0.0
4.0	4.0	500.0	5.0	0.0
4.0	5.0	1.0	9.0	0.0
4.0	5.0	2.0	19.0	1.0
4.0	5.0	3.0	27.0	1.0
4.0	5.0	4.0	25.0	0.0
4.0	5.0	5.0	21.0	2.0
4.0	5.0	6.0	7.0	0.0
4.0	5.0	7.0	15.0	1.0
4.0	5.0	8.0	13.0	0.0
4.0	5.0	9.0	13.0	0.0
4.0	5.0	10.0	5.0	1.0
4.0	5.0	11.0	21.0	0.0
4.0	5.0	12.0	19.0	0.0
4.0	5.0	13.0	15.0	1.0
4.0	5.0	14.0	13.0	1.0
4.0	5.0	15.0	7.0	0.0
4.0	5.0	16.0	15.0	1.0
4.0	5.0	17.0	11.0	0.0
4.0	5.0	18.0	13.0	0.0
4.0	5.0	19.0	17.0	0.0
4.0	5.0	20.0	17.0	0.0
4.0	5.0	21.0	17.0	1.0
4.0	5.0	22.0	19.0	0.0
4.0	5.0	23.0	17.0	0.0
4.0	5.0	24.0	11.0	1.0
4.0	5.0	25.0	15.0	1.0
4.0	5.0	26.0	11.0	0.0
4.0	5.0	27.0	25.0	0.0
4.0	5.0	28.0	11.0	1.0
4.0	5.0	29.0	17.0	0.0
4.0	5.0	30.0	21.0	0.0
4.0	5.0	31.0	17.0	0.0
4.0	5.0	32.0	9.0	0.0
4.0	5.0	33.0	17.0	0.0
4.0	5.0	34.0	11.0	0.0
4.0	5.0	35.0	13.0	0.0
4.0	5.0	36.0	11.0	1.0
4.0	5.0	37.0	13.0	0.0
4.0	5.0	38.0	15.0	0.0
4.0	5.0	39.0	21.0	0.0
4.0	5.0	40.0	23.0	0.0
4.0	5.0	41.0	15.0	1.0
4.0	5.0	42.0	17.0	2.0
4.0	5.0	43.0	13.0	0.0
4.0	5.0	44.0	11.0	2.0
4.0	5.0	45.0	11.0	0.0
4.0	5.0	46.0	21.0	0.0
4.0	5.0	47.0	3.0	0.0
4.0	5.0	48.0	13.0	0.0
4.0	5.0	49.0	23.0	5.0
4.0	5.0	50.0	11.0	1.0
4.0	5.0	51.0	17.0	0.0
4.0	5.0	52.0	11.0	0.0
4.0	5.0	53.0	21.0	0.0
4.0	5.0	54.0	17.0	1.0
4.0	5.0	55.0	17.0	0.0
4.0	5.0	56.0	21.0	0.0
4.0	5.0	57.0	13.0	0.0
4.0	5.0	58.0	29.0	1.0
4.0	5.0	59.0	17.0	0.0
4.0	5.0	60.0	17.0	1.0
4.0	5.0	61.0	19.0	2.0
4.0	5.0	62.0	17.0	0.0
4.0	5.0	63.0	5.0	1.0
4.0	5.0	64.0	15.0	0.0
4.0	5.0	65.0	19.0	1.0
4.0	5.0	66.0	15.0	0.0
4.0	5.0	67.0	25.0	0.0
4.0	5.0	68.0	15.0	0.0
4.0	5.0	69.0	21.0	0.0
4.0	5.0	70.0	11.0	0.0
4.0	5.0	71.0	11.0	2.0
4.0	5.0	72.0	21.0	0.0
4.0	5.0	73.0	19.0	1.0
4.0	5.0	74.0	15.0	1.0
4.0	5.0	75.0	17.0	0.0
4.0	5.0	76.0	7.0	0.0
4.0	5.0	77.0	15.0	0.0
4.0	5.0	78.0	17.0	1.0
4.0	5.0	79.0	23.0	3.0
4.0	5.0	80.0	17.0	2.0
4.0	5.0	81.0	21.0	1.0
4.0	5.0	82.0	23.0	0.0
4.0	5.0	83.0	11.0	1.0
4.0	5.0	84.0	7.0	0.0
4.0	5.0	85.0	19.0	0.0
4.0	5.0	86.0	13.0	0.0
4.0	5.0	87.0	13.0	0.0
4.0	5.0	88.0	19.0	1.0
4.0	5.0	89.0	21.0	0.0
4.0	5.0	90.0	9.0	1.0
4.0	5.0	91.0	17.0	1.0
4.0	5.0	92.0	13.0	0.0
4.0	5.0	93.0	17.0	1.0
4.0	5.0	94.0	17.0	0.0
4.0	5.0	95.0	5.0	0.0
4.0	5.0	96.0	21.0	0.0
4.0	5.0	97.0	15.0	2.0
4.0	5.0	98.0	17.0	0.0
4.0	5.0	99.0	15.0	0.0
4.0	5.0	100.0	19.0	0.0
4.0	5.0	101.0	13.0	0.0
4.0	5.0	102.0	9.0	0.0
4.0	5.0	103.0	11.0	0.0
4.0	5.0	104.0	15.0	0.0
4.0	5.0	105.0	15.0	0.0
4.0	5.0	106.0	15.0	0.0
4.0	5.0	107.0	15.0	1.0
4.0	5.0	108.0	17.0	1.0
4.0	5.0	109.0	25.0	1.0
4.0	5.0	110.0	25.0	1.0
4.0	5.0	111.0	7.0	0.0
4.0	5.0	112.0	15.0	0.0
4.0	5.0	113.0	11.0	1.0
4.0	5.0	114.0	11.0	0.0
4.0	5.0	115.0	7.0	0.0
4.0	5.0	116.0	11.0	1.0
4.0	5.0	117.0	15.0	1.0
4.0	5.0	118.0	11.0	1.0
4.0	5.0	119.0	19.0	1.0
4.0	5.0	120.0	13.0	0.0
4.0	5.0	121.0	9.0	0.0
4.0	5.0	122.0	15.0	0.0
4.0	5.0	123.0	23.0	1.0
4.0	5.0	124.0	7.0	0.0
4.0	5.0	125.0	19.0	3.0
4.0	5.0	126.0	17.0	2.0
4.0	5.0	127.0	23.0	1.0
4.0	5.0	128.0	21.0	0.0
4.0	5.0	129.0	11.0	0.0
4.0	5.0	130.0	15.0	1.0
4.0	5.0	131.0	13.0	0.0
4.0	5.0	132.0	19.0	0.0
4.0	5.0	133.0	17.0	0.0
4.0	5.0	134.0	15.0	0.0
4.0	5.0	135.0	15.0	0.0
4.0	5.0	136.0	17.0	0.0
4.0	5.0	137.0	21.0	0.0
4.0	5.0	138.0	15.0	0.0
4.0	5.0	139.0	13.0	0.0
4.0	5.0	140.0	23.0	0.0
4.0	5.0	141.0	11.0	0.0
4.0	5.0	142.0	15.0	0.0
4.0	5.0	143.0	17.0	0.0
4.0	5.0	144.0	13.0	0.0
4.0	5.0	145.0	17.0	3.0
4.0	5.0	146.0	11.0	0.0
4.0	5.0	147.0	15.0	2.0
4.0	5.0	148.0	19.0	0.0
4.0	5.0	149.0	15.0	3.0
4.0	5.0	150.0	19.0	0.0
4.0	5.0	151.0	9.0	0.0
4.0	5.0	152.0	13.0	0.0
4.0	5.0	153.0	3.0	0.0
4.0	5.0	154.0	13.0	1.0
4.0	5.0	155.0	25.0	0.0
4.0	5.0	156.0	15.0	0.0
4.0	5.0	157.0	17.0	1.0
4.0	5.0	158.0	15.0	0.0
4.0	5.0	159.0	9.0	0.0
4.0	5.0	160.0	9.0	0.0
4.0	5.0	161.0	17.0	0.0
4.0	5.0	162.0	17.0	0.0
4.0	5.0	163.0	15.0	0.0
4.0	5.0	164.0	17.0	0.0
4.0	5.0	165.0	9.0	0.0
4.0	5.0	166.0	15.0	2.0
4.0	5.0	167.0	13.0	0.0
4.0	5.0	168.0	13.0	0.0
4.0	5.0	169.0	15.0	0.0
4.0	5.0	170.0	17.0	0.0
4.0	5.0	171.0	19.0	1.0
4.0	5.0	172.0	5.0	0.0
4.0	5.0	173.0	21.0	0.0
4.0	5.0	174.0	15.0	0.0
4.0	5.0	175.0	7.0	0.0
4.0	5.0	176.0	9.0	2.0
4.0	5.0	177.0	9.0	0.0
4.0	5.0	178.0	25.0	0.0
4.0	5.0	179.0	15.0	2.0
4.0	5.0	180.0	21.0	1.0
4.0	5.0	181.0	19.0	0.0
4.0	5.0	182.0	19.0	0.0
4.0	5.0	183.0	15.0	2.0
4.0	5.0	184.0	17.0	0.0
4.0	5.0	185.0	5.0	0.0
4.0	5.0	186.0	13.0	0.0
4.0	5.0	187.0	15.0	1.0
4.0	5.0	188.0	17.0	0.0
4.0	5.0	189.0	11.0	1.0
4.0	5.0	190.0	7.0	1.0
4.0	5.0	191.0	7.0	0.0
4.0	5.0	192.0	13.0	0.0
4.0	5.0	193.0	13.0	0.0
4.0	5.0	194.0	7.0	0.0
4.0	5.0	195.0	9.0	1.0
4.0	5.0	196.0	19.0	0.0
4.0	5.0	197.0	13.0	3.0
4.0	5.0	198.0	5.0	0.0
4.0	5.0	199.0	13.0	0.0
4.0	5.0	200.0	15.0	0.0
4.0	5.0	201.0	17.0	0.0
4.0	5.0	202.0	7.0	1.0
4.0	5.0	203.0	17.0	0.0
4.0	5.0	204.0	19.0	1.0
4.0	5.0	205.0	23.0	0.0
4.0	5.0	206.0	15.0	0.0
4.0	5.0	207.0	13.0	0.0
4.0	5.0	208.0	19.0	0.0
4.0	5.0	209.0	17.0	1.0
4.0	5.0	210.0	17.0	1.0
4.0	5.0	211.0	13.0	0.0
4.0	5.0	212.0	11.0	0.0
4.0	5.0	213.0	9.0	0.0
4.0	5.0	214.0	15.0	2.0
4.0	5.0	215.0	17.0	0.0
4.0	5.0	216.0	17.0	0.0
4.0	5.0	217.0	15.0	0.0
4.0	5.0	218.0	17.0	1.0
4.0	5.0	219.0	21.0	1.0
4.0	5.0	220.0	15.0	2.0
4.0	5.0	221.0	17.0	0.0
4.0	5.0	222.0	9.0	2.0
4.0	5.0	223.0	17.0	0.0
4.0	5.0	224.0	13.0	0.0
4.0	5.0	225.0	13.0	0.0
4.0	5.0	226.0	9.0	0.0
4.0	5.0	227.0	13.0	0.0
4.0	5.0	228.0	7.0	0.0
4.0	5.0	229.0	17.0	0.0
4.0	5.0	230.0	21.0	2.0
4.0	5.0	231.0	15.0	0.0
4.0	5.0	232.0	23.0	2.0
4.0	5.0	233.0	7.0	0.0
4.0	5.0	234.0	19.0	0.0
4.0	5.0	235.0	23.0	0.0
4.0	5.0	236.0	15.0	0.0
4.0	5.0	237.0	9.0	0.0
4.0	5.0	238.0	19.0	1.0
4.0	5.0	239.0	15.0	0.0
4.0	5.0	240.0	5.0	0.0
4.0	5.0	241.0	19.0	1.0
4.0	5.0	242.0	15.0	0.0
4.0	5.0	243.0	11.0	0.0
4.0	5.0	244.0	21.0	0.0
4.0	5.0	245.0	19.0	0.0
4.0	5.0	246.0	21.0	0.0
4.0	5.0	247.0	19.0	1.0
4.0	5.0	248.0	13.0	1.0
4.0	5.0	249.0	9.0	1.0
4.0	5.0	250.0	3.0	1.0
4.0	5.0	251.0	9.0	0.0
4.0	5.0	252.0	19.0	1.0
4.0	5.0	253.0	15.0	0.0
4.0	5.0	254.0	21.0	0.0
4.0	5.0	255.0	11.0	0.0
4.0	5.0	256.0	9.0	0.0
4.0	5.0	257.0	11.0	1.0
4.0	5.0	258.0	19.0	1.0
4.0	5.0	259.0	19.0	1.0
4.0	5.0	260.0	19.0	0.0
4.0	5.0	261.0	13.0	1.0
4.0	5.0	262.0	21.0	1.0
4.0	5.0	263.0	9.0	1.0
4.0	5.0	264.0	11.0	1.0
4.0	5.0	265.0	13.0	4.0
4.0	5.0	266.0	25.0	0.0
4.0	5.0	267.0	17.0	0.0
4.0	5.0	268.0	25.0	2.0
4.0	5.0	269.0	15.0	2.0
4.0	5.0	270.0	7.0	1.0
4.0	5.0	271.0	23.0	2.0
4.0	5.0	272.0	15.0	0.0
4.0	5.0	273.0	23.0	1.0
4.0	5.0	274.0	11.0	0.0
4.0	5.0	275.0	13.0	1.0
4.0	5.0	276.0	5.0	0.0
4.0	5.0	277.0	17.0	0.0
4.0	5.0	278.0	17.0	0.0
4.0	5.0	279.0	17.0	0.0
4.0	5.0	280.0	17.0	0.0
4.0	5.0	281.0	17.0	0.0
4.0	5.0	282.0	15.0	0.0
4.0	5.0	283.0	7.0	0.0
4.0	5.0	284.0	13.0	0.0
4.0	5.0	285.0	19.0	3.0
4.0	5.0	286.0	19.0	2.0
4.0	5.0	287.0	15.0	0.0
4.0	5.0	288.0	11.0	0.0
4.0	5.0	289.0	9.0	0.0
4.0	5.0	290.0	25.0	0.0
4.0	5.0	291.0	17.0	0.0
4.0	5.0	292.0	19.0	2.0
4.0	5.0	293.0	19.0	3.0
4.0	5.0	294.0	13.0	0.0
4.0	5.0	295.0	35.0	2.0
4.0	5.0	296.0	11.0	0.0
4.0	5.0	297.0	15.0	0.0
4.0	5.0	298.0	19.0	1.0
4.0	5.0	299.0	11.0	0.0
4.0	5.0	300.0	17.0	0.0
4.0	5.0	301.0	17.0	0.0
4.0	5.0	302.0	13.0	0.0
4.0	5.0	303.0	15.0	0.0
4.0	5.0	304.0	17.0	0.0
4.0	5.0	305.0	19.0	1.0
4.0	5.0	306.0	15.0	1.0
4.0	5.0	307.0	13.0	1.0
4.0	5.0	308.0	19.0	3.0
4.0	5.0	309.0	17.0	0.0
4.0	5.0	310.0	9.0	1.0
4.0	5.0	311.0	17.0	1.0
4.0	5.0	312.0	17.0	0.0
4.0	5.0	313.0	5.0	0.0
4.0	5.0	314.0	15.0	0.0
4.0	5.0	315.0	17.0	1.0
4.0	5.0	316.0	23.0	1.0
4.0	5.0	317.0	9.0	0.0
4.0	5.0	318.0	11.0	0.0
4.0	5.0	319.0	15.0	0.0
4.0	5.0	320.0	23.0	2.0
4.0	5.0	321.0	15.0	0.0
4.0	5.0	322.0	19.0	1.0
4.0	5.0	323.0	23.0	0.0
4.0	5.0	324.0	23.0	0.0
4.0	5.0	325.0	21.0	0.0
4.0	5.0	326.0	23.0	2.0
4.0	5.0	327.0	7.0	0.0
4.0	5.0	328.0	17.0	0.0
4.0	5.0	329.0	23.0	0.0
4.0	5.0	330.0	21.0	0.0
4.0	5.0	331.0	17.0	0.0
4.0	5.0	332.0	7.0	0.0
4.0	5.0	333.0	19.0	0.0
4.0	5.0	334.0	21.0	1.0
4.0	5.0	335.0	17.0	0.0
4.0	5.0	336.0	15.0	2.0
4.0	5.0	337.0	9.0	0.0
4.0	5.0	338.0	21.0	1.0
4.0	5.0	339.0	13.0	0.0
4.0	5.0	340.0	15.0	2.0
4.0	5.0	341.0	19.0	2.0
4.0	5.0	342.0	9.0	2.0
4.0	5.0	343.0	15.0	0.0
4.0	5.0	344.0	15.0	1.0
4.0	5.0	345.0	15.0	2.0
4.0	5.0	346.0	21.0	0.0
4.0	5.0	347.0	7.0	0.0
4.0	5.0	348.0	15.0	1.0
4.0	5.0	349.0	11.0	1.0
4.0	5.0	350.0	17.0	1.0
4.0	5.0	351.0	9.0	1.0
4.0	5.0	352.0	17.0	0.0
4.0	5.0	353.0	23.0	2.0
4.0	5.0	354.0	19.0	1.0
4.0	5.0	355.0	9.0	0.0
4.0	5.0	356.0	17.0	0.0
4.0	5.0	357.0	25.0	0.0
4.0	5.0	358.0	21.0	2.0
4.0	5.0	359.0	11.0	0.0
4.0	5.0	360.0	13.0	0.0
4.0	5.0	361.0	17.0	0.0
4.0	5.0	362.0	19.0	2.0
4.0	5.0	363.0	21.0	1.0
4.0	5.0	364.0	11.0	0.0
4.0	5.0	365.0	23.0	1.0
4.0	5.0	366.0	9.0	0.0
4.0	5.0	367.0	21.0	0.0
4.0	5.0	368.0	17.0	1.0
4.0	5.0	369.0	13.0	0.0
4.0	5.0	370.0	15.0	0.0
4.0	5.0	371.0	17.0	1.0
4.0	5.0	372.0	19.0	0.0
4.0	5.0	373.0	15.0	0.0
4.0	5.0	374.0	13.0	0.0
4.0	5.0	375.0	17.0	0.0
4.0	5.0	376.0	19.0	1.0
4.0	5.0	377.0	23.0	0.0
4.0	5.0	378.0	11.0	0.0
4.0	5.0	379.0	9.0	0.0
4.0	5.0	380.0	9.0	0.0
4.0	5.0	381.0	11.0	0.0
4.0	5.0	382.0	13.0	0.0
4.0	5.0	383.0	11.0	0.0
4.0	5.0	384.0	15.0	0.0
4.0	5.0	385.0	9.0	0.0
4.0	5.0	386.0	17.0	0.0
4.0	5.0	387.0	13.0	0.0
4.0	5.0	388.0	15.0	0.0
4.0	5.0	389.0	13.0	0.0
4.0	5.0	390.0	19.0	4.0
4.0	5.0	391.0	19.0	0.0
4.0	5.0	392.0	21.0	0.0
4.0	5.0	393.0	9.0	0.0
4.0	5.0	394.0	19.0	0.0
4.0	5.0	395.0	11.0	0.0
4.0	5.0	396.0	21.0	0.0
4.0	5.0	397.0	15.0	0.0
4.0	5.0	398.0	21.0	2.0
4.0	5.0	399.0	19.0	0.0
4.0	5.0	400.0	23.0	0.0
4.0	5.0	401.0	7.0	0.0
4.0	5.0	402.0	17.0	1.0
4.0	5.0	403.0	23.0	0.0
4.0	5.0	404.0	15.0	0.0
4.0	5.0	405.0	23.0	2.0
4.0	5.0	406.0	13.0	0.0
4.0	5.0	407.0	15.0	0.0
4.0	5.0	408.0	17.0	2.0
4.0	5.0	409.0	19.0	0.0
4.0	5.0	410.0	13.0	0.0
4.0	5.0	411.0	13.0	1.0
4.0	5.0	412.0	17.0	1.0
4.0	5.0	413.0	23.0	0.0
4.0	5.0	414.0	19.0	0.0
4.0	5.0	415.0	13.0	0.0
4.0	5.0	416.0	15.0	2.0
4.0	5.0	417.0	19.0	1.0
4.0	5.0	418.0	17.0	1.0
4.0	5.0	419.0	23.0	0.0
4.0	5.0	420.0	15.0	0.0
4.0	5.0	421.0	7.0	0.0
4.0	5.0	422.0	17.0	0.0
4.0	5.0	423.0	17.0	0.0
4.0	5.0	424.0	23.0	2.0
4.0	5.0	425.0	13.0	1.0
4.0	5.0	426.0	11.0	0.0
4.0	5.0	427.0	11.0	0.0
4.0	5.0	428.0	29.0	1.0
4.0	5.0	429.0	23.0	1.0
4.0	5.0	430.0	11.0	0.0
4.0	5.0	431.0	23.0	0.0
4.0	5.0	432.0	17.0	0.0
4.0	5.0	433.0	15.0	0.0
4.0	5.0	434.0	11.0	0.0
4.0	5.0	435.0	15.0	0.0
4.0	5.0	436.0	17.0	0.0
4.0	5.0	437.0	15.0	0.0
4.0	5.0	438.0	21.0	0.0
4.0	5.0	439.0	15.0	0.0
4.0	5.0	440.0	17.0	0.0
4.0	5.0	441.0	21.0	1.0
4.0	5.0	442.0	11.0	0.0
4.0	5.0	443.0	17.0	1.0
4.0	5.0	444.0	23.0	0.0
4.0	5.0	445.0	13.0	0.0
4.0	5.0	446.0	23.0	0.0
4.0	5.0	447.0	11.0	0.0
4.0	5.0	448.0	11.0	0.0
4.0	5.0	449.0	17.0	1.0
4.0	5.0	450.0	15.0	1.0
4.0	5.0	451.0	15.0	0.0
4.0	5.0	452.0	11.0	0.0
4.0	5.0	453.0	19.0	0.0
4.0	5.0	454.0	23.0	2.0
4.0	5.0	455.0	15.0	0.0
4.0	5.0	456.0	21.0	1.0
4.0	5.0	457.0	13.0	0.0
4.0	5.0	458.0	15.0	0.0
4.0	5.0	459.0	21.0	0.0
4.0	5.0	460.0	23.0	1.0
4.0	5.0	461.0	23.0	2.0
4.0	5.0	462.0	11.0	1.0
4.0	5.0	463.0	13.0	0.0
4.0	5.0	464.0	15.0	0.0
4.0	5.0	465.0	25.0	1.0
4.0	5.0	466.0	23.0	1.0
4.0	5.0	467.0	17.0	0.0
4.0	5.0	468.0	9.0	0.0
4.0	5.0	469.0	11.0	0.0
4.0	5.0	470.0	13.0	0.0
4.0	5.0	471.0	19.0	0.0
4.0	5.0	472.0	15.0	0.0
4.0	5.0	473.0	15.0	0.0
4.0	5.0	474.0	9.0	0.0
4.0	5.0	475.0	15.0	0.0
4.0	5.0	476.0	19.0	0.0
4.0	5.0	477.0	15.0	1.0
4.0	5.0	478.0	13.0	0.0
4.0	5.0	479.0	21.0	2.0
4.0	5.0	480.0	13.0	1.0
4.0	5.0	481.0	15.0	0.0
4.0	5.0	482.0	19.0	1.0
4.0	5.0	483.0	9.0	0.0
4.0	5.0	484.0	17.0	0.0
4.0	5.0	485.0	13.0	0.0
4.0	5.0	486.0	9.0	0.0
4.0	5.0	487.0	17.0	0.0
4.0	5.0	488.0	13.0	0.0
4.0	5.0	489.0	21.0	1.0
4.0	5.0	490.0	13.0	1.0
4.0	5.0	491.0	15.0	1.0
4.0	5.0	492.0	17.0	1.0
4.0	5.0	493.0	21.0	1.0
4.0	5.0	494.0	15.0	0.0
4.0	5.0	495.0	11.0	0.0
4.0	5.0	496.0	15.0	0.0
4.0	5.0	497.0	7.0	0.0
4.0	5.0	498.0	9.0	0.0
4.0	5.0	499.0	21.0	0.0
4.0	5.0	500.0	23.0	0.0
