0.0	0.0	0.0	0.0	0.0	0.0
1.0	2.0	1.0	1.0	0.0	1.0
1.0	2.0	2.0	1.0	0.0	1.0
1.0	2.0	3.0	1.0	0.0	1.0
1.0	2.0	4.0	1.0	0.0	1.0
1.0	2.0	5.0	1.0	1.0	0.8685681200020666
1.0	2.0	6.0	1.0	0.0	1.0
1.0	2.0	7.0	1.0	0.0	1.0
1.0	2.0	8.0	1.0	0.0	1.0
1.0	2.0	9.0	1.0	0.0	1.0
1.0	2.0	10.0	1.0	0.0	1.0
1.0	2.0	11.0	1.0	0.0	1.0
1.0	2.0	12.0	1.0	1.0	0.0843548271474941
1.0	2.0	13.0	1.0	1.0	0.03816881052628078
1.0	2.0	14.0	1.0	1.0	0.5882419172066917
1.0	2.0	15.0	1.0	0.0	1.0
1.0	2.0	16.0	1.0	1.0	1.1834428628543845
1.0	2.0	17.0	1.0	1.0	-0.2798667341715724
1.0	2.0	18.0	1.0	0.0	1.0
1.0	2.0	19.0	1.0	1.0	1.4304077172083007
1.0	2.0	20.0	1.0	0.0	1.0
1.0	2.0	21.0	1.0	0.0	1.0
1.0	2.0	22.0	1.0	0.0	1.0
1.0	2.0	23.0	1.0	0.0	1.0
1.0	2.0	24.0	1.0	1.0	1.8693859764706608
1.0	2.0	25.0	1.0	0.0	1.0
1.0	2.0	26.0	1.0	0.0	1.0
1.0	2.0	27.0	1.0	0.0	1.0
1.0	2.0	28.0	1.0	0.0	1.0
1.0	2.0	29.0	1.0	0.0	1.0
1.0	2.0	30.0	1.0	1.0	-0.3202918172481417
1.0	2.0	31.0	1.0	0.0	1.0
1.0	2.0	32.0	1.0	0.0	1.0
1.0	2.0	33.0	1.0	1.0	0.10213943676131454
1.0	2.0	34.0	1.0	0.0	1.0
1.0	2.0	35.0	1.0	0.0	1.0
1.0	2.0	36.0	1.0	0.0	1.0
1.0	2.0	37.0	1.0	1.0	1.6762372816536
1.0	2.0	38.0	1.0	0.0	1.0
1.0	2.0	39.0	1.0	0.0	1.0
1.0	2.0	40.0	1.0	0.0	1.0
1.0	2.0	41.0	1.0	0.0	1.0
1.0	2.0	42.0	1.0	1.0	1.3796901088624347
1.0	2.0	43.0	1.0	0.0	1.0
1.0	2.0	44.0	1.0	0.0	1.0
1.0	2.0	45.0	1.0	1.0	1.7888870289967196
1.0	2.0	46.0	1.0	0.0	1.0
1.0	2.0	47.0	1.0	0.0	1.0
1.0	2.0	48.0	1.0	0.0	1.0
1.0	2.0	49.0	1.0	1.0	0.6842659060822945
1.0	2.0	50.0	1.0	1.0	0.11683079804983976
1.0	2.0	51.0	1.0	1.0	1.052572246360533
1.0	2.0	52.0	1.0	1.0	-0.17164554515237984
1.0	2.0	53.0	1.0	0.0	1.0
1.0	2.0	54.0	1.0	0.0	1.0
1.0	2.0	55.0	1.0	0.0	1.0
1.0	2.0	56.0	1.0	0.0	1.0
1.0	2.0	57.0	1.0	1.0	1.0715590257849346
1.0	2.0	58.0	1.0	0.0	1.0
1.0	2.0	59.0	1.0	0.0	1.0
1.0	2.0	60.0	1.0	1.0	0.03299816710199277
1.0	2.0	61.0	1.0	0.0	1.0
1.0	2.0	62.0	1.0	0.0	1.0
1.0	2.0	63.0	1.0	0.0	1.0
1.0	2.0	64.0	1.0	0.0	1.0
1.0	2.0	65.0	1.0	0.0	1.0
1.0	2.0	66.0	1.0	1.0	0.597527602551148
1.0	2.0	67.0	1.0	1.0	-0.06460193812482243
1.0	2.0	68.0	1.0	0.0	1.0
1.0	2.0	69.0	1.0	0.0	1.0
1.0	2.0	70.0	1.0	0.0	1.0
1.0	2.0	71.0	1.0	0.0	1.0
1.0	2.0	72.0	1.0	0.0	1.0
1.0	2.0	73.0	1.0	0.0	1.0
1.0	2.0	74.0	1.0	0.0	1.0
1.0	2.0	75.0	1.0	0.0	1.0
1.0	2.0	76.0	1.0	0.0	1.0
1.0	2.0	77.0	1.0	0.0	1.0
1.0	2.0	78.0	1.0	1.0	0.8540825910550646
1.0	2.0	79.0	1.0	0.0	1.0
1.0	2.0	80.0	1.0	0.0	1.0
1.0	2.0	81.0	1.0	0.0	1.0
1.0	2.0	82.0	1.0	0.0	1.0
1.0	2.0	83.0	1.0	1.0	1.15009228463115
1.0	2.0	84.0	1.0	0.0	1.0
1.0	2.0	85.0	1.0	1.0	1.0933724932109992
1.0	2.0	86.0	1.0	0.0	1.0
1.0	2.0	87.0	1.0	0.0	1.0
1.0	2.0	88.0	1.0	0.0	1.0
1.0	2.0	89.0	1.0	0.0	1.0
1.0	2.0	90.0	1.0	0.0	1.0
1.0	2.0	91.0	1.0	0.0	1.0
1.0	2.0	92.0	1.0	0.0	1.0
1.0	2.0	93.0	1.0	0.0	1.0
1.0	2.0	94.0	1.0	1.0	1.7388885146597344
1.0	2.0	95.0	1.0	0.0	1.0
1.0	2.0	96.0	1.0	0.0	1.0
1.0	2.0	97.0	1.0	1.0	0.5328913019959642
1.0	2.0	98.0	1.0	0.0	1.0
1.0	2.0	99.0	1.0	1.0	0.2460136318392443
1.0	2.0	100.0	1.0	0.0	1.0
1.0	3.0	1.0	1.0	0.0	1.0
1.0	3.0	2.0	1.0	0.0	1.0
1.0	3.0	3.0	1.0	0.0	1.0
1.0	3.0	4.0	1.0	0.0	1.0
1.0	3.0	5.0	1.0	0.0	1.0
1.0	3.0	6.0	1.0	0.0	1.0
1.0	3.0	7.0	1.0	0.0	1.0
1.0	3.0	8.0	1.0	0.0	1.0
1.0	3.0	9.0	1.0	0.0	1.0
1.0	3.0	10.0	1.0	0.0	1.0
1.0	3.0	11.0	1.0	0.0	1.0
1.0	3.0	12.0	1.0	0.0	1.0
1.0	3.0	13.0	1.0	0.0	1.0
1.0	3.0	14.0	1.0	0.0	1.0
1.0	3.0	15.0	1.0	0.0	1.0
1.0	3.0	16.0	1.0	0.0	1.0
1.0	3.0	17.0	1.0	0.0	1.0
1.0	3.0	18.0	1.0	0.0	1.0
1.0	3.0	19.0	1.0	0.0	1.0
1.0	3.0	20.0	1.0	0.0	1.0
1.0	3.0	21.0	1.0	0.0	1.0
1.0	3.0	22.0	1.0	1.0	1.2457831460112598
1.0	3.0	23.0	1.0	0.0	1.0
1.0	3.0	24.0	1.0	0.0	1.0
1.0	3.0	25.0	1.0	0.0	1.0
1.0	3.0	26.0	1.0	1.0	1.3030703674278243
1.0	3.0	27.0	1.0	0.0	1.0
1.0	3.0	28.0	1.0	0.0	1.0
1.0	3.0	29.0	1.0	0.0	1.0
1.0	3.0	30.0	1.0	0.0	1.0
1.0	3.0	31.0	1.0	0.0	1.0
1.0	3.0	32.0	1.0	0.0	1.0
1.0	3.0	33.0	1.0	0.0	1.0
1.0	3.0	34.0	1.0	0.0	1.0
1.0	3.0	35.0	1.0	0.0	1.0
1.0	3.0	36.0	1.0	0.0	1.0
1.0	3.0	37.0	1.0	0.0	1.0
1.0	3.0	38.0	1.0	0.0	1.0
1.0	3.0	39.0	0.0	0.0	1.0
1.0	3.0	40.0	1.0	0.0	1.0
1.0	3.0	41.0	1.0	0.0	1.0
1.0	3.0	42.0	1.0	0.0	1.0
1.0	3.0	43.0	1.0	0.0	1.0
1.0	3.0	44.0	1.0	0.0	1.0
1.0	3.0	45.0	1.0	0.0	1.0
1.0	3.0	46.0	1.0	0.0	1.0
1.0	3.0	47.0	1.0	1.0	0.17243935818370895
1.0	3.0	48.0	1.0	1.0	0.4618944535246108
1.0	3.0	49.0	1.0	0.0	1.0
1.0	3.0	50.0	1.0	0.0	1.0
1.0	3.0	51.0	1.0	0.0	1.0
1.0	3.0	52.0	1.0	0.0	1.0
1.0	3.0	53.0	1.0	0.0	1.0
1.0	3.0	54.0	1.0	1.0	1.7559012167734545
1.0	3.0	55.0	1.0	0.0	1.0
1.0	3.0	56.0	1.0	0.0	1.0
1.0	3.0	57.0	1.0	0.0	1.0
1.0	3.0	58.0	1.0	0.0	1.0
1.0	3.0	59.0	1.0	0.0	1.0
1.0	3.0	60.0	1.0	0.0	1.0
1.0	3.0	61.0	1.0	0.0	1.0
1.0	3.0	62.0	1.0	0.0	1.0
1.0	3.0	63.0	1.0	0.0	1.0
1.0	3.0	64.0	1.0	0.0	1.0
1.0	3.0	65.0	1.0	0.0	1.0
1.0	3.0	66.0	1.0	0.0	1.0
1.0	3.0	67.0	1.0	0.0	1.0
1.0	3.0	68.0	1.0	0.0	1.0
1.0	3.0	69.0	1.0	1.0	1.334714288683619
1.0	3.0	70.0	1.0	0.0	1.0
1.0	3.0	71.0	1.0	0.0	1.0
1.0	3.0	72.0	1.0	0.0	1.0
1.0	3.0	73.0	1.0	1.0	0.8372373338125829
1.0	3.0	74.0	1.0	0.0	1.0
1.0	3.0	75.0	1.0	1.0	1.7981178303361798
1.0	3.0	76.0	1.0	0.0	1.0
1.0	3.0	77.0	1.0	0.0	1.0
1.0	3.0	78.0	1.0	0.0	1.0
1.0	3.0	79.0	1.0	0.0	1.0
1.0	3.0	80.0	1.0	0.0	1.0
1.0	3.0	81.0	1.0	0.0	1.0
1.0	3.0	82.0	1.0	0.0	1.0
1.0	3.0	83.0	1.0	0.0	1.0
1.0	3.0	84.0	1.0	0.0	1.0
1.0	3.0	85.0	1.0	0.0	1.0
1.0	3.0	86.0	1.0	0.0	1.0
1.0	3.0	87.0	1.0	0.0	1.0
1.0	3.0	88.0	1.0	0.0	1.0
1.0	3.0	89.0	1.0	0.0	1.0
1.0	3.0	90.0	1.0	0.0	1.0
1.0	3.0	91.0	1.0	0.0	1.0
1.0	3.0	92.0	1.0	0.0	1.0
1.0	3.0	93.0	1.0	0.0	1.0
1.0	3.0	94.0	1.0	0.0	1.0
1.0	3.0	95.0	1.0	0.0	1.0
1.0	3.0	96.0	1.0	0.0	1.0
1.0	3.0	97.0	1.0	0.0	1.0
1.0	3.0	98.0	1.0	0.0	1.0
1.0	3.0	99.0	1.0	1.0	0.024740630514759776
1.0	3.0	100.0	1.0	0.0	1.0
1.0	4.0	1.0	1.0	0.0	1.0
1.0	4.0	2.0	1.0	0.0	1.0
1.0	4.0	3.0	1.0	0.0	1.0
1.0	4.0	4.0	1.0	0.0	1.0
1.0	4.0	5.0	1.0	0.0	1.0
1.0	4.0	6.0	1.0	0.0	1.0
1.0	4.0	7.0	1.0	0.0	1.0
1.0	4.0	8.0	1.0	0.0	1.0
1.0	4.0	9.0	1.0	1.0	1.2429853219127625
1.0	4.0	10.0	1.0	0.0	1.0
1.0	4.0	11.0	1.0	0.0	1.0
1.0	4.0	12.0	1.0	0.0	1.0
1.0	4.0	13.0	1.0	0.0	1.0
1.0	4.0	14.0	1.0	0.0	1.0
1.0	4.0	15.0	1.0	0.0	1.0
1.0	4.0	16.0	1.0	0.0	1.0
1.0	4.0	17.0	1.0	0.0	1.0
1.0	4.0	18.0	1.0	1.0	1.5731488434795025
1.0	4.0	19.0	1.0	0.0	1.0
1.0	4.0	20.0	1.0	0.0	1.0
1.0	4.0	21.0	1.0	0.0	1.0
1.0	4.0	22.0	1.0	0.0	1.0
1.0	4.0	23.0	1.0	0.0	1.0
1.0	4.0	24.0	1.0	0.0	1.0
1.0	4.0	25.0	1.0	0.0	1.0
1.0	4.0	26.0	1.0	0.0	1.0
1.0	4.0	27.0	1.0	0.0	1.0
1.0	4.0	28.0	1.0	0.0	1.0
1.0	4.0	29.0	1.0	0.0	1.0
1.0	4.0	30.0	1.0	0.0	1.0
1.0	4.0	31.0	1.0	0.0	1.0
1.0	4.0	32.0	1.0	0.0	1.0
1.0	4.0	33.0	1.0	0.0	1.0
1.0	4.0	34.0	1.0	0.0	1.0
1.0	4.0	35.0	1.0	0.0	1.0
1.0	4.0	36.0	1.0	0.0	1.0
1.0	4.0	37.0	1.0	0.0	1.0
1.0	4.0	38.0	1.0	0.0	1.0
1.0	4.0	39.0	1.0	0.0	1.0
1.0	4.0	40.0	1.0	0.0	1.0
1.0	4.0	41.0	1.0	0.0	1.0
1.0	4.0	42.0	1.0	0.0	1.0
1.0	4.0	43.0	1.0	0.0	1.0
1.0	4.0	44.0	1.0	0.0	1.0
1.0	4.0	45.0	1.0	0.0	1.0
1.0	4.0	46.0	1.0	0.0	1.0
1.0	4.0	47.0	1.0	0.0	1.0
1.0	4.0	48.0	1.0	0.0	1.0
1.0	4.0	49.0	1.0	0.0	1.0
1.0	4.0	50.0	1.0	0.0	1.0
1.0	4.0	51.0	1.0	0.0	1.0
1.0	4.0	52.0	1.0	0.0	1.0
1.0	4.0	53.0	1.0	0.0	1.0
1.0	4.0	54.0	1.0	0.0	1.0
1.0	4.0	55.0	1.0	0.0	1.0
1.0	4.0	56.0	1.0	0.0	1.0
1.0	4.0	57.0	1.0	0.0	1.0
1.0	4.0	58.0	1.0	0.0	1.0
1.0	4.0	59.0	1.0	0.0	1.0
1.0	4.0	60.0	1.0	0.0	1.0
1.0	4.0	61.0	1.0	0.0	1.0
1.0	4.0	62.0	1.0	0.0	1.0
1.0	4.0	63.0	1.0	0.0	1.0
1.0	4.0	64.0	1.0	1.0	0.8253262072566057
1.0	4.0	65.0	1.0	0.0	1.0
1.0	4.0	66.0	1.0	0.0	1.0
1.0	4.0	67.0	1.0	0.0	1.0
1.0	4.0	68.0	1.0	0.0	1.0
1.0	4.0	69.0	1.0	0.0	1.0
1.0	4.0	70.0	1.0	0.0	1.0
1.0	4.0	71.0	1.0	0.0	1.0
1.0	4.0	72.0	1.0	0.0	1.0
1.0	4.0	73.0	1.0	1.0	1.670454224970937
1.0	4.0	74.0	1.0	0.0	1.0
1.0	4.0	75.0	1.0	0.0	1.0
1.0	4.0	76.0	1.0	0.0	1.0
1.0	4.0	77.0	1.0	1.0	0.8410037670565877
1.0	4.0	78.0	1.0	0.0	1.0
1.0	4.0	79.0	1.0	0.0	1.0
1.0	4.0	80.0	1.0	0.0	1.0
1.0	4.0	81.0	1.0	0.0	1.0
1.0	4.0	82.0	1.0	0.0	1.0
1.0	4.0	83.0	1.0	0.0	1.0
1.0	4.0	84.0	1.0	0.0	1.0
1.0	4.0	85.0	1.0	0.0	1.0
1.0	4.0	86.0	1.0	0.0	1.0
1.0	4.0	87.0	1.0	0.0	1.0
1.0	4.0	88.0	1.0	0.0	1.0
1.0	4.0	89.0	1.0	0.0	1.0
1.0	4.0	90.0	1.0	0.0	1.0
1.0	4.0	91.0	1.0	0.0	1.0
1.0	4.0	92.0	1.0	0.0	1.0
1.0	4.0	93.0	1.0	0.0	1.0
1.0	4.0	94.0	1.0	0.0	1.0
1.0	4.0	95.0	1.0	0.0	1.0
1.0	4.0	96.0	1.0	0.0	1.0
1.0	4.0	97.0	1.0	0.0	1.0
1.0	4.0	98.0	1.0	0.0	1.0
1.0	4.0	99.0	1.0	0.0	1.0
1.0	4.0	100.0	1.0	1.0	0.5618084411535761
1.0	5.0	1.0	1.0	0.0	1.0
1.0	5.0	2.0	1.0	0.0	1.0
1.0	5.0	3.0	1.0	0.0	1.0
1.0	5.0	4.0	1.0	0.0	1.0
1.0	5.0	5.0	1.0	1.0	1.7816808181362749
1.0	5.0	6.0	1.0	0.0	1.0
1.0	5.0	7.0	1.0	0.0	1.0
1.0	5.0	8.0	1.0	0.0	1.0
1.0	5.0	9.0	1.0	0.0	1.0
1.0	5.0	10.0	1.0	0.0	1.0
1.0	5.0	11.0	1.0	0.0	1.0
1.0	5.0	12.0	1.0	0.0	1.0
1.0	5.0	13.0	1.0	0.0	1.0
1.0	5.0	14.0	1.0	0.0	1.0
1.0	5.0	15.0	1.0	0.0	1.0
1.0	5.0	16.0	1.0	0.0	1.0
1.0	5.0	17.0	1.0	0.0	1.0
1.0	5.0	18.0	1.0	1.0	2.629108855023911
1.0	5.0	19.0	1.0	0.0	1.0
1.0	5.0	20.0	1.0	0.0	1.0
1.0	5.0	21.0	1.0	1.0	2.943117534795875
1.0	5.0	22.0	1.0	0.0	1.0
1.0	5.0	23.0	1.0	0.0	1.0
1.0	5.0	24.0	1.0	0.0	1.0
1.0	5.0	25.0	1.0	0.0	1.0
1.0	5.0	26.0	1.0	0.0	1.0
1.0	5.0	27.0	1.0	0.0	1.0
1.0	5.0	28.0	1.0	0.0	1.0
1.0	5.0	29.0	1.0	0.0	1.0
1.0	5.0	30.0	1.0	0.0	1.0
1.0	5.0	31.0	1.0	0.0	1.0
1.0	5.0	32.0	1.0	0.0	1.0
1.0	5.0	33.0	1.0	0.0	1.0
1.0	5.0	34.0	1.0	0.0	1.0
1.0	5.0	35.0	1.0	0.0	1.0
1.0	5.0	36.0	1.0	0.0	1.0
1.0	5.0	37.0	1.0	0.0	1.0
1.0	5.0	38.0	1.0	0.0	1.0
1.0	5.0	39.0	1.0	0.0	1.0
1.0	5.0	40.0	1.0	0.0	1.0
1.0	5.0	41.0	1.0	0.0	1.0
1.0	5.0	42.0	1.0	0.0	1.0
1.0	5.0	43.0	1.0	0.0	1.0
1.0	5.0	44.0	1.0	0.0	1.0
1.0	5.0	45.0	1.0	0.0	1.0
1.0	5.0	46.0	1.0	0.0	1.0
1.0	5.0	47.0	1.0	0.0	1.0
1.0	5.0	48.0	1.0	0.0	1.0
1.0	5.0	49.0	1.0	0.0	1.0
1.0	5.0	50.0	1.0	0.0	1.0
1.0	5.0	51.0	1.0	0.0	1.0
1.0	5.0	52.0	1.0	0.0	1.0
1.0	5.0	53.0	1.0	0.0	1.0
1.0	5.0	54.0	1.0	0.0	1.0
1.0	5.0	55.0	1.0	0.0	1.0
1.0	5.0	56.0	1.0	0.0	1.0
1.0	5.0	57.0	1.0	0.0	1.0
1.0	5.0	58.0	1.0	0.0	1.0
1.0	5.0	59.0	1.0	0.0	1.0
1.0	5.0	60.0	1.0	0.0	1.0
1.0	5.0	61.0	1.0	0.0	1.0
1.0	5.0	62.0	1.0	1.0	1.9754592401241506
1.0	5.0	63.0	1.0	0.0	1.0
1.0	5.0	64.0	1.0	0.0	1.0
1.0	5.0	65.0	1.0	0.0	1.0
1.0	5.0	66.0	1.0	0.0	1.0
1.0	5.0	67.0	1.0	0.0	1.0
1.0	5.0	68.0	1.0	0.0	1.0
1.0	5.0	69.0	1.0	0.0	1.0
1.0	5.0	70.0	1.0	0.0	1.0
1.0	5.0	71.0	1.0	0.0	1.0
1.0	5.0	72.0	1.0	0.0	1.0
1.0	5.0	73.0	1.0	0.0	1.0
1.0	5.0	74.0	1.0	0.0	1.0
1.0	5.0	75.0	1.0	0.0	1.0
1.0	5.0	76.0	1.0	0.0	1.0
1.0	5.0	77.0	1.0	0.0	1.0
1.0	5.0	78.0	1.0	0.0	1.0
1.0	5.0	79.0	1.0	0.0	1.0
1.0	5.0	80.0	1.0	0.0	1.0
1.0	5.0	81.0	1.0	0.0	1.0
1.0	5.0	82.0	1.0	0.0	1.0
1.0	5.0	83.0	1.0	0.0	1.0
1.0	5.0	84.0	1.0	0.0	1.0
1.0	5.0	85.0	1.0	0.0	1.0
1.0	5.0	86.0	1.0	0.0	1.0
1.0	5.0	87.0	1.0	0.0	1.0
1.0	5.0	88.0	1.0	0.0	1.0
1.0	5.0	89.0	1.0	0.0	1.0
1.0	5.0	90.0	1.0	0.0	1.0
1.0	5.0	91.0	1.0	0.0	1.0
1.0	5.0	92.0	1.0	0.0	1.0
1.0	5.0	93.0	1.0	0.0	1.0
1.0	5.0	94.0	1.0	0.0	1.0
1.0	5.0	95.0	1.0	0.0	1.0
1.0	5.0	96.0	1.0	0.0	1.0
1.0	5.0	97.0	1.0	0.0	1.0
1.0	5.0	98.0	1.0	0.0	1.0
1.0	5.0	99.0	1.0	0.0	1.0
1.0	5.0	100.0	1.0	0.0	1.0
2.0	2.0	1.0	2.0	1.0	-1.0774268489393015
2.0	2.0	2.0	4.0	2.0	1.5527391340835761
2.0	2.0	2.0	4.0	2.0	4.799200329241821
2.0	2.0	3.0	2.0	0.0	1.0
2.0	2.0	4.0	0.0	0.0	1.0
2.0	2.0	5.0	2.0	1.0	2.8524114017300715
2.0	2.0	6.0	0.0	0.0	1.0
2.0	2.0	7.0	2.0	1.0	1.2167083088412556
2.0	2.0	8.0	2.0	1.0	3.8589675216202624
2.0	2.0	9.0	2.0	1.0	0.8496209548255055
2.0	2.0	10.0	2.0	0.0	1.0
2.0	2.0	11.0	2.0	1.0	0.5884015542172047
2.0	2.0	12.0	4.0	1.0	5.962562746550783
2.0	2.0	13.0	2.0	1.0	5.78623632147786
2.0	2.0	14.0	2.0	1.0	-1.4238827115387411
2.0	2.0	15.0	2.0	1.0	2.9363644447219333
2.0	2.0	16.0	2.0	1.0	14.342975351651802
2.0	2.0	17.0	4.0	1.0	-4.879154980602067
2.0	2.0	18.0	2.0	0.0	1.0
2.0	2.0	19.0	0.0	0.0	1.0
2.0	2.0	20.0	2.0	1.0	-0.7615014001372757
2.0	2.0	21.0	4.0	1.0	6.287591509437774
2.0	2.0	22.0	4.0	0.0	1.0
2.0	2.0	23.0	2.0	0.0	1.0
2.0	2.0	24.0	0.0	0.0	1.0
2.0	2.0	25.0	2.0	0.0	1.0
2.0	2.0	26.0	2.0	1.0	-2.0115078905733723
2.0	2.0	27.0	4.0	0.0	1.0
2.0	2.0	28.0	2.0	1.0	5.334548226870222
2.0	2.0	29.0	2.0	1.0	-4.402413509594055
2.0	2.0	30.0	2.0	2.0	-1.1607897229273605
2.0	2.0	30.0	2.0	2.0	1.6283816253949506
2.0	2.0	31.0	4.0	1.0	-0.4186428020767376
2.0	2.0	32.0	2.0	0.0	1.0
2.0	2.0	33.0	2.0	1.0	1.3017272694859887
2.0	2.0	34.0	0.0	0.0	1.0
2.0	2.0	35.0	2.0	1.0	2.439490826708991
2.0	2.0	36.0	4.0	2.0	1.2058034177886172
2.0	2.0	36.0	4.0	2.0	3.412863054751092
2.0	2.0	37.0	2.0	0.0	1.0
2.0	2.0	38.0	4.0	1.0	-1.9610059961380568
2.0	2.0	39.0	2.0	1.0	1.5266230657870166
2.0	2.0	40.0	2.0	0.0	1.0
2.0	2.0	41.0	0.0	0.0	1.0
2.0	2.0	42.0	2.0	0.0	1.0
2.0	2.0	43.0	2.0	1.0	-1.2062156718855128
2.0	2.0	44.0	0.0	0.0	1.0
2.0	2.0	45.0	4.0	1.0	2.692192116485413
2.0	2.0	46.0	4.0	1.0	9.891589629625825
2.0	2.0	47.0	2.0	0.0	1.0
2.0	2.0	48.0	0.0	0.0	1.0
2.0	2.0	49.0	0.0	0.0	1.0
2.0	2.0	50.0	0.0	0.0	1.0
2.0	2.0	51.0	2.0	0.0	1.0
2.0	2.0	52.0	2.0	0.0	1.0
2.0	2.0	53.0	4.0	1.0	-4.421093605026343
2.0	2.0	54.0	0.0	0.0	1.0
2.0	2.0	55.0	2.0	0.0	1.0
2.0	2.0	56.0	2.0	1.0	1.584640909878926
2.0	2.0	57.0	4.0	1.0	-2.1601560587219506
2.0	2.0	58.0	2.0	0.0	1.0
2.0	2.0	59.0	0.0	0.0	1.0
2.0	2.0	60.0	2.0	1.0	-2.354752968732286
2.0	2.0	61.0	0.0	0.0	1.0
2.0	2.0	62.0	2.0	0.0	1.0
2.0	2.0	63.0	2.0	1.0	2.8435711344605124
2.0	2.0	64.0	2.0	0.0	1.0
2.0	2.0	65.0	2.0	0.0	1.0
2.0	2.0	66.0	2.0	1.0	-1.2657313405601816
2.0	2.0	67.0	0.0	0.0	1.0
2.0	2.0	68.0	0.0	0.0	1.0
2.0	2.0	69.0	2.0	1.0	1.3468894476227478
2.0	2.0	70.0	0.0	0.0	1.0
2.0	2.0	71.0	0.0	0.0	1.0
2.0	2.0	72.0	0.0	0.0	1.0
2.0	2.0	73.0	2.0	0.0	1.0
2.0	2.0	74.0	2.0	0.0	1.0
2.0	2.0	75.0	2.0	1.0	1.3778840628258073
2.0	2.0	76.0	2.0	1.0	1.5009876608064014
2.0	2.0	77.0	2.0	0.0	1.0
2.0	2.0	78.0	4.0	1.0	2.5399460227111534
2.0	2.0	79.0	2.0	1.0	8.215584159072078
2.0	2.0	80.0	2.0	0.0	1.0
2.0	2.0	81.0	4.0	0.0	1.0
2.0	2.0	82.0	2.0	1.0	0.2930777071301068
2.0	2.0	83.0	0.0	0.0	1.0
2.0	2.0	84.0	2.0	0.0	1.0
2.0	2.0	85.0	0.0	0.0	1.0
2.0	2.0	86.0	2.0	0.0	1.0
2.0	2.0	87.0	2.0	0.0	1.0
2.0	2.0	88.0	2.0	0.0	1.0
2.0	2.0	89.0	0.0	0.0	1.0
2.0	2.0	90.0	4.0	2.0	36.34570558945765
2.0	2.0	90.0	4.0	2.0	3.1517147131749015
2.0	2.0	91.0	2.0	0.0	1.0
2.0	2.0	92.0	2.0	0.0	1.0
2.0	2.0	93.0	4.0	1.0	6.414664022687765
2.0	2.0	94.0	2.0	1.0	0.11020466225254497
2.0	2.0	95.0	0.0	0.0	1.0
2.0	2.0	96.0	2.0	0.0	1.0
2.0	2.0	97.0	0.0	0.0	1.0
2.0	2.0	98.0	4.0	0.0	1.0
2.0	2.0	99.0	2.0	0.0	1.0
2.0	2.0	100.0	2.0	0.0	1.0
2.0	3.0	1.0	2.0	0.0	1.0
2.0	3.0	2.0	2.0	0.0	1.0
2.0	3.0	3.0	4.0	0.0	1.0
2.0	3.0	4.0	2.0	0.0	1.0
2.0	3.0	5.0	6.0	0.0	1.0
2.0	3.0	6.0	4.0	0.0	1.0
2.0	3.0	7.0	0.0	0.0	1.0
2.0	3.0	8.0	6.0	1.0	8.108578225810163
2.0	3.0	9.0	6.0	0.0	1.0
2.0	3.0	10.0	2.0	0.0	1.0
2.0	3.0	11.0	0.0	0.0	1.0
2.0	3.0	12.0	4.0	1.0	2.1931140932693176
2.0	3.0	13.0	4.0	1.0	2.20312547925963
2.0	3.0	14.0	6.0	0.0	1.0
2.0	3.0	15.0	2.0	0.0	1.0
2.0	3.0	16.0	2.0	0.0	1.0
2.0	3.0	17.0	6.0	0.0	1.0
2.0	3.0	18.0	0.0	0.0	1.0
2.0	3.0	19.0	2.0	0.0	1.0
2.0	3.0	20.0	4.0	0.0	1.0
2.0	3.0	21.0	2.0	1.0	3.8123096517244646
2.0	3.0	22.0	4.0	0.0	1.0
2.0	3.0	23.0	2.0	0.0	1.0
2.0	3.0	24.0	8.0	0.0	1.0
2.0	3.0	25.0	8.0	2.0	2.179596722881946
2.0	3.0	25.0	8.0	2.0	1.3787655237590686
2.0	3.0	26.0	4.0	1.0	3.947233913751413
2.0	3.0	27.0	6.0	0.0	1.0
2.0	3.0	28.0	4.0	1.0	3.8941466478627156
2.0	3.0	29.0	2.0	0.0	1.0
2.0	3.0	30.0	4.0	0.0	1.0
2.0	3.0	31.0	0.0	0.0	1.0
2.0	3.0	32.0	4.0	0.0	1.0
2.0	3.0	33.0	4.0	0.0	1.0
2.0	3.0	34.0	2.0	0.0	1.0
2.0	3.0	35.0	6.0	0.0	1.0
2.0	3.0	36.0	2.0	0.0	1.0
2.0	3.0	37.0	2.0	0.0	1.0
2.0	3.0	38.0	2.0	0.0	1.0
2.0	3.0	39.0	4.0	0.0	1.0
2.0	3.0	40.0	2.0	1.0	9.076324394935977
2.0	3.0	41.0	4.0	0.0	1.0
2.0	3.0	42.0	4.0	0.0	1.0
2.0	3.0	43.0	2.0	0.0	1.0
2.0	3.0	44.0	6.0	0.0	1.0
2.0	3.0	45.0	6.0	0.0	1.0
2.0	3.0	46.0	4.0	0.0	1.0
2.0	3.0	47.0	4.0	0.0	1.0
2.0	3.0	48.0	0.0	0.0	1.0
2.0	3.0	49.0	0.0	0.0	1.0
2.0	3.0	50.0	4.0	0.0	1.0
2.0	3.0	51.0	2.0	0.0	1.0
2.0	3.0	52.0	0.0	0.0	1.0
2.0	3.0	53.0	0.0	0.0	1.0
2.0	3.0	54.0	0.0	0.0	1.0
2.0	3.0	55.0	6.0	0.0	1.0
2.0	3.0	56.0	6.0	2.0	6.399304244359049
2.0	3.0	56.0	6.0	2.0	20.181806479229472
2.0	3.0	57.0	0.0	0.0	1.0
2.0	3.0	58.0	2.0	0.0	1.0
2.0	3.0	59.0	2.0	0.0	1.0
2.0	3.0	60.0	0.0	0.0	1.0
2.0	3.0	61.0	6.0	0.0	1.0
2.0	3.0	62.0	0.0	0.0	1.0
2.0	3.0	63.0	0.0	0.0	1.0
2.0	3.0	64.0	4.0	0.0	1.0
2.0	3.0	65.0	2.0	0.0	1.0
2.0	3.0	66.0	0.0	0.0	1.0
2.0	3.0	67.0	6.0	0.0	1.0
2.0	3.0	68.0	4.0	0.0	1.0
2.0	3.0	69.0	4.0	2.0	13.38264158915492
2.0	3.0	69.0	4.0	2.0	10.42670109710305
2.0	3.0	70.0	2.0	0.0	1.0
2.0	3.0	71.0	4.0	1.0	9.16854086127217
2.0	3.0	72.0	4.0	0.0	1.0
2.0	3.0	73.0	0.0	0.0	1.0
2.0	3.0	74.0	2.0	0.0	1.0
2.0	3.0	75.0	4.0	1.0	2.7637712451821983
2.0	3.0	76.0	2.0	0.0	1.0
2.0	3.0	77.0	4.0	0.0	1.0
2.0	3.0	78.0	2.0	1.0	3.291393238472718
2.0	3.0	79.0	2.0	0.0	1.0
2.0	3.0	80.0	2.0	0.0	1.0
2.0	3.0	81.0	0.0	0.0	1.0
2.0	3.0	82.0	2.0	0.0	1.0
2.0	3.0	83.0	2.0	1.0	3.1793693082445262
2.0	3.0	84.0	2.0	0.0	1.0
2.0	3.0	85.0	6.0	0.0	1.0
2.0	3.0	86.0	4.0	1.0	8.006765037075546
2.0	3.0	87.0	2.0	0.0	1.0
2.0	3.0	88.0	0.0	0.0	1.0
2.0	3.0	89.0	4.0	1.0	0.9837594198663557
2.0	3.0	90.0	4.0	2.0	9.703341019377248
2.0	3.0	90.0	4.0	2.0	63.25381220635606
2.0	3.0	91.0	2.0	0.0	1.0
2.0	3.0	92.0	4.0	0.0	1.0
2.0	3.0	93.0	4.0	0.0	1.0
2.0	3.0	94.0	2.0	0.0	1.0
2.0	3.0	95.0	4.0	1.0	-1.4840377667776243
2.0	3.0	96.0	2.0	0.0	1.0
2.0	3.0	97.0	2.0	0.0	1.0
2.0	3.0	98.0	2.0	0.0	1.0
2.0	3.0	99.0	4.0	0.0	1.0
2.0	3.0	100.0	2.0	0.0	1.0
2.0	4.0	1.0	4.0	0.0	1.0
2.0	4.0	2.0	2.0	0.0	1.0
2.0	4.0	3.0	8.0	0.0	1.0
2.0	4.0	4.0	0.0	0.0	1.0
2.0	4.0	5.0	2.0	0.0	1.0
2.0	4.0	6.0	6.0	0.0	1.0
2.0	4.0	7.0	2.0	0.0	1.0
2.0	4.0	8.0	2.0	1.0	8.248341096984017
2.0	4.0	9.0	2.0	0.0	1.0
2.0	4.0	10.0	4.0	0.0	1.0
2.0	4.0	11.0	2.0	0.0	1.0
2.0	4.0	12.0	0.0	0.0	1.0
2.0	4.0	13.0	2.0	0.0	1.0
2.0	4.0	14.0	4.0	1.0	4.188296836951969
2.0	4.0	15.0	6.0	0.0	1.0
2.0	4.0	16.0	2.0	0.0	1.0
2.0	4.0	17.0	4.0	0.0	1.0
2.0	4.0	18.0	4.0	2.0	3.3018387920546632
2.0	4.0	18.0	4.0	2.0	-0.5463254293671169
2.0	4.0	19.0	4.0	0.0	1.0
2.0	4.0	20.0	4.0	0.0	1.0
2.0	4.0	21.0	2.0	0.0	1.0
2.0	4.0	22.0	6.0	1.0	3.5372737672932564
2.0	4.0	23.0	6.0	1.0	5.3446810274964385
2.0	4.0	24.0	4.0	1.0	4.873522455189077
2.0	4.0	25.0	2.0	0.0	1.0
2.0	4.0	26.0	6.0	0.0	1.0
2.0	4.0	27.0	4.0	0.0	1.0
2.0	4.0	28.0	6.0	1.0	6.666413642848261
2.0	4.0	29.0	6.0	0.0	1.0
2.0	4.0	30.0	6.0	0.0	1.0
2.0	4.0	31.0	4.0	0.0	1.0
2.0	4.0	32.0	4.0	0.0	1.0
2.0	4.0	33.0	4.0	1.0	10.168718466899692
2.0	4.0	34.0	4.0	0.0	1.0
2.0	4.0	35.0	4.0	1.0	1.879563618270628
2.0	4.0	36.0	6.0	0.0	1.0
2.0	4.0	37.0	6.0	0.0	1.0
2.0	4.0	38.0	4.0	0.0	1.0
2.0	4.0	39.0	0.0	0.0	1.0
2.0	4.0	40.0	2.0	0.0	1.0
2.0	4.0	41.0	2.0	0.0	1.0
2.0	4.0	42.0	4.0	0.0	1.0
2.0	4.0	43.0	2.0	0.0	1.0
2.0	4.0	44.0	8.0	0.0	1.0
2.0	4.0	45.0	4.0	0.0	1.0
2.0	4.0	46.0	4.0	0.0	1.0
2.0	4.0	47.0	4.0	0.0	1.0
2.0	4.0	48.0	6.0	0.0	1.0
2.0	4.0	49.0	4.0	1.0	3.3584626702101645
2.0	4.0	50.0	8.0	0.0	1.0
2.0	4.0	51.0	6.0	1.0	0.08937144918196399
2.0	4.0	52.0	6.0	0.0	1.0
2.0	4.0	53.0	2.0	0.0	1.0
2.0	4.0	54.0	4.0	0.0	1.0
2.0	4.0	55.0	8.0	0.0	1.0
2.0	4.0	56.0	4.0	1.0	30.604464065433238
2.0	4.0	57.0	2.0	0.0	1.0
2.0	4.0	58.0	8.0	0.0	1.0
2.0	4.0	59.0	2.0	0.0	1.0
2.0	4.0	60.0	4.0	0.0	1.0
2.0	4.0	61.0	4.0	1.0	4.559009661425196
2.0	4.0	62.0	2.0	0.0	1.0
2.0	4.0	63.0	4.0	0.0	1.0
2.0	4.0	64.0	4.0	1.0	2.2425502338706256
2.0	4.0	65.0	2.0	0.0	1.0
2.0	4.0	66.0	2.0	0.0	1.0
2.0	4.0	67.0	6.0	1.0	3.512651625077434
2.0	4.0	68.0	4.0	0.0	1.0
2.0	4.0	69.0	2.0	0.0	1.0
2.0	4.0	70.0	6.0	0.0	1.0
2.0	4.0	71.0	2.0	0.0	1.0
2.0	4.0	72.0	2.0	0.0	1.0
2.0	4.0	73.0	8.0	1.0	21.063477597154336
2.0	4.0	74.0	4.0	1.0	36.891345084785534
2.0	4.0	75.0	6.0	1.0	16.96667036868999
2.0	4.0	76.0	4.0	0.0	1.0
2.0	4.0	77.0	6.0	0.0	1.0
2.0	4.0	78.0	2.0	0.0	1.0
2.0	4.0	79.0	0.0	0.0	1.0
2.0	4.0	80.0	4.0	1.0	5.355547496004815
2.0	4.0	81.0	6.0	0.0	1.0
2.0	4.0	82.0	6.0	0.0	1.0
2.0	4.0	83.0	4.0	0.0	1.0
2.0	4.0	84.0	0.0	0.0	1.0
2.0	4.0	85.0	2.0	0.0	1.0
2.0	4.0	86.0	6.0	0.0	1.0
2.0	4.0	87.0	8.0	0.0	1.0
2.0	4.0	88.0	6.0	0.0	1.0
2.0	4.0	89.0	6.0	0.0	1.0
2.0	4.0	90.0	6.0	0.0	1.0
2.0	4.0	91.0	6.0	1.0	5.289129436565576
2.0	4.0	92.0	4.0	0.0	1.0
2.0	4.0	93.0	2.0	0.0	1.0
2.0	4.0	94.0	2.0	0.0	1.0
2.0	4.0	95.0	4.0	1.0	-1.6177052928629636
2.0	4.0	96.0	8.0	0.0	1.0
2.0	4.0	97.0	6.0	1.0	16.18785694597266
2.0	4.0	98.0	2.0	0.0	1.0
2.0	4.0	99.0	4.0	0.0	1.0
2.0	4.0	100.0	6.0	1.0	2.344643350260402
2.0	5.0	1.0	4.0	0.0	1.0
2.0	5.0	2.0	2.0	0.0	1.0
2.0	5.0	3.0	6.0	0.0	1.0
2.0	5.0	4.0	4.0	0.0	1.0
2.0	5.0	5.0	8.0	0.0	1.0
2.0	5.0	6.0	2.0	0.0	1.0
2.0	5.0	7.0	4.0	0.0	1.0
2.0	5.0	8.0	6.0	0.0	1.0
2.0	5.0	9.0	8.0	1.0	2.5330982714330785
2.0	5.0	10.0	10.0	0.0	1.0
2.0	5.0	11.0	6.0	0.0	1.0
2.0	5.0	12.0	8.0	0.0	1.0
2.0	5.0	13.0	6.0	0.0	1.0
2.0	5.0	14.0	10.0	0.0	1.0
2.0	5.0	15.0	4.0	0.0	1.0
2.0	5.0	16.0	2.0	0.0	1.0
2.0	5.0	17.0	6.0	0.0	1.0
2.0	5.0	18.0	6.0	0.0	1.0
2.0	5.0	19.0	6.0	0.0	1.0
2.0	5.0	20.0	6.0	0.0	1.0
2.0	5.0	21.0	4.0	0.0	1.0
2.0	5.0	22.0	8.0	0.0	1.0
2.0	5.0	23.0	10.0	0.0	1.0
2.0	5.0	24.0	2.0	0.0	1.0
2.0	5.0	25.0	0.0	0.0	1.0
2.0	5.0	26.0	4.0	0.0	1.0
2.0	5.0	27.0	4.0	0.0	1.0
2.0	5.0	28.0	6.0	0.0	1.0
2.0	5.0	29.0	4.0	0.0	1.0
2.0	5.0	30.0	8.0	0.0	1.0
2.0	5.0	31.0	2.0	0.0	1.0
2.0	5.0	32.0	8.0	0.0	1.0
2.0	5.0	33.0	2.0	0.0	1.0
2.0	5.0	34.0	4.0	0.0	1.0
2.0	5.0	35.0	10.0	0.0	1.0
2.0	5.0	36.0	10.0	0.0	1.0
2.0	5.0	37.0	6.0	0.0	1.0
2.0	5.0	38.0	2.0	0.0	1.0
2.0	5.0	39.0	8.0	0.0	1.0
2.0	5.0	40.0	4.0	0.0	1.0
2.0	5.0	41.0	6.0	0.0	1.0
2.0	5.0	42.0	8.0	0.0	1.0
2.0	5.0	43.0	10.0	0.0	1.0
2.0	5.0	44.0	4.0	0.0	1.0
2.0	5.0	45.0	4.0	0.0	1.0
2.0	5.0	46.0	2.0	0.0	1.0
2.0	5.0	47.0	2.0	0.0	1.0
2.0	5.0	48.0	8.0	1.0	5.904337894206479
2.0	5.0	49.0	12.0	0.0	1.0
2.0	5.0	50.0	0.0	0.0	1.0
2.0	5.0	51.0	4.0	0.0	1.0
2.0	5.0	52.0	4.0	0.0	1.0
2.0	5.0	53.0	0.0	0.0	1.0
2.0	5.0	54.0	4.0	0.0	1.0
2.0	5.0	55.0	8.0	0.0	1.0
2.0	5.0	56.0	6.0	0.0	1.0
2.0	5.0	57.0	4.0	0.0	1.0
2.0	5.0	58.0	8.0	1.0	4.068373725212097
2.0	5.0	59.0	4.0	0.0	1.0
2.0	5.0	60.0	6.0	0.0	1.0
2.0	5.0	61.0	4.0	0.0	1.0
2.0	5.0	62.0	4.0	0.0	1.0
2.0	5.0	63.0	6.0	0.0	1.0
2.0	5.0	64.0	2.0	0.0	1.0
2.0	5.0	65.0	4.0	0.0	1.0
2.0	5.0	66.0	2.0	0.0	1.0
2.0	5.0	67.0	2.0	0.0	1.0
2.0	5.0	68.0	8.0	0.0	1.0
2.0	5.0	69.0	10.0	1.0	40.820757910646016
2.0	5.0	70.0	6.0	0.0	1.0
2.0	5.0	71.0	6.0	0.0	1.0
2.0	5.0	72.0	6.0	0.0	1.0
2.0	5.0	73.0	6.0	0.0	1.0
2.0	5.0	74.0	2.0	0.0	1.0
2.0	5.0	75.0	8.0	0.0	1.0
2.0	5.0	76.0	10.0	0.0	1.0
2.0	5.0	77.0	8.0	0.0	1.0
2.0	5.0	78.0	6.0	0.0	1.0
2.0	5.0	79.0	8.0	0.0	1.0
2.0	5.0	80.0	4.0	0.0	1.0
2.0	5.0	81.0	6.0	0.0	1.0
2.0	5.0	82.0	6.0	0.0	1.0
2.0	5.0	83.0	0.0	0.0	1.0
2.0	5.0	84.0	2.0	0.0	1.0
2.0	5.0	85.0	8.0	0.0	1.0
2.0	5.0	86.0	4.0	0.0	1.0
2.0	5.0	87.0	8.0	0.0	1.0
2.0	5.0	88.0	6.0	0.0	1.0
2.0	5.0	89.0	4.0	0.0	1.0
2.0	5.0	90.0	10.0	0.0	1.0
2.0	5.0	91.0	6.0	0.0	1.0
2.0	5.0	92.0	8.0	0.0	1.0
2.0	5.0	93.0	4.0	0.0	1.0
2.0	5.0	94.0	4.0	0.0	1.0
2.0	5.0	95.0	4.0	0.0	1.0
2.0	5.0	96.0	2.0	0.0	1.0
2.0	5.0	97.0	10.0	1.0	5.857863089761283
2.0	5.0	98.0	2.0	0.0	1.0
2.0	5.0	99.0	4.0	0.0	1.0
2.0	5.0	100.0	6.0	0.0	1.0
3.0	2.0	1.0	3.0	1.0	32.13826094369763
3.0	2.0	2.0	3.0	0.0	1.0
3.0	2.0	3.0	3.0	1.0	15.45600339599957
3.0	2.0	4.0	5.0	1.0	1.038793436943941
3.0	2.0	5.0	3.0	1.0	2.6597686255096624
3.0	2.0	6.0	1.0	1.0	3.1618742233571786
3.0	2.0	7.0	3.0	0.0	1.0
3.0	2.0	8.0	3.0	1.0	4.679245993484496
3.0	2.0	9.0	3.0	0.0	1.0
3.0	2.0	10.0	3.0	0.0	1.0
3.0	2.0	11.0	5.0	0.0	1.0
3.0	2.0	12.0	3.0	1.0	-1.4389559188581003
3.0	2.0	13.0	3.0	1.0	-3.7565564906480904
3.0	2.0	14.0	5.0	1.0	10.182571257437823
3.0	2.0	15.0	3.0	0.0	1.0
3.0	2.0	16.0	1.0	0.0	1.0
3.0	2.0	17.0	3.0	1.0	4.444825162955289
3.0	2.0	18.0	1.0	0.0	1.0
3.0	2.0	19.0	5.0	2.0	66874.7001901083
3.0	2.0	19.0	5.0	2.0	-39.274233029627794
3.0	2.0	20.0	1.0	1.0	3.836685343704115
3.0	2.0	21.0	3.0	0.0	1.0
3.0	2.0	22.0	3.0	0.0	1.0
3.0	2.0	23.0	1.0	1.0	-3.0244764613289954
3.0	2.0	24.0	3.0	0.0	1.0
3.0	2.0	25.0	3.0	1.0	4.803144040389979
3.0	2.0	26.0	3.0	0.0	1.0
3.0	2.0	27.0	3.0	1.0	5.129501595166257
3.0	2.0	28.0	3.0	0.0	1.0
3.0	2.0	29.0	5.0	2.0	3.4728898497664096
3.0	2.0	29.0	5.0	2.0	12.586363972485941
3.0	2.0	30.0	1.0	0.0	1.0
3.0	2.0	31.0	5.0	1.0	8.010462264915569
3.0	2.0	32.0	3.0	0.0	1.0
3.0	2.0	33.0	3.0	1.0	19.172300410262736
3.0	2.0	34.0	1.0	0.0	1.0
3.0	2.0	35.0	5.0	1.0	4608.945729647618
3.0	2.0	36.0	5.0	1.0	1.6547395817268602
3.0	2.0	37.0	1.0	0.0	1.0
3.0	2.0	38.0	5.0	1.0	5.178664602514036
3.0	2.0	39.0	1.0	0.0	1.0
3.0	2.0	40.0	3.0	1.0	1.0198915235444705
3.0	2.0	41.0	1.0	1.0	1.4779654843158658
3.0	2.0	42.0	3.0	1.0	-3.2713275751186686
3.0	2.0	43.0	3.0	0.0	1.0
3.0	2.0	44.0	3.0	1.0	-5.276462440156273
3.0	2.0	45.0	7.0	2.0	7.715909224853081
3.0	2.0	45.0	7.0	2.0	8.833229053680606
3.0	2.0	46.0	1.0	0.0	1.0
3.0	2.0	47.0	5.0	2.0	5.4598644221019725
3.0	2.0	47.0	5.0	2.0	-359.4131714073883
3.0	2.0	48.0	9.0	3.0	-1.9638034256379218
3.0	2.0	48.0	9.0	3.0	0.6535051616891633
3.0	2.0	48.0	9.0	3.0	-1.0452251622264142
3.0	2.0	49.0	1.0	1.0	17.268328992234267
3.0	2.0	50.0	3.0	1.0	1.3270762070547586
3.0	2.0	51.0	3.0	0.0	1.0
3.0	2.0	52.0	3.0	1.0	1792.3856515157095
3.0	2.0	53.0	3.0	1.0	-6.294306607253893
3.0	2.0	54.0	1.0	0.0	1.0
3.0	2.0	55.0	5.0	2.0	6.227447595397028
3.0	2.0	55.0	5.0	2.0	38.47028668181456
3.0	2.0	56.0	3.0	0.0	1.0
3.0	2.0	57.0	3.0	1.0	-0.8949066577213651
3.0	2.0	58.0	1.0	0.0	1.0
3.0	2.0	59.0	1.0	0.0	1.0
3.0	2.0	60.0	1.0	1.0	6483.875602011214
3.0	2.0	61.0	1.0	0.0	1.0
3.0	2.0	62.0	3.0	1.0	63.85982524501438
3.0	2.0	63.0	3.0	0.0	1.0
3.0	2.0	64.0	3.0	0.0	1.0
3.0	2.0	65.0	7.0	1.0	6.560057025532938
3.0	2.0	66.0	1.0	0.0	1.0
3.0	2.0	67.0	5.0	0.0	1.0
3.0	2.0	68.0	3.0	1.0	1.5068728203292003
3.0	2.0	69.0	3.0	1.0	1.547694411488794
3.0	2.0	70.0	1.0	0.0	1.0
3.0	2.0	71.0	3.0	1.0	-4.058305296095697
3.0	2.0	72.0	3.0	1.0	9.024612585502965
3.0	2.0	73.0	1.0	0.0	1.0
3.0	2.0	74.0	1.0	0.0	1.0
3.0	2.0	75.0	3.0	1.0	4.758846876572682
3.0	2.0	76.0	3.0	0.0	1.0
3.0	2.0	77.0	1.0	0.0	1.0
3.0	2.0	78.0	1.0	0.0	1.0
3.0	2.0	79.0	5.0	0.0	1.0
3.0	2.0	80.0	1.0	0.0	1.0
3.0	2.0	81.0	1.0	0.0	1.0
3.0	2.0	82.0	3.0	2.0	3.9946929481903664
3.0	2.0	82.0	3.0	2.0	31.83949808573574
3.0	2.0	83.0	1.0	0.0	1.0
3.0	2.0	84.0	3.0	0.0	1.0
3.0	2.0	85.0	1.0	0.0	1.0
3.0	2.0	86.0	3.0	1.0	11.992559277104306
3.0	2.0	87.0	3.0	0.0	1.0
3.0	2.0	88.0	5.0	1.0	2.1474916737255545
3.0	2.0	89.0	3.0	1.0	2.0847638736342273
3.0	2.0	90.0	3.0	0.0	1.0
3.0	2.0	91.0	1.0	0.0	1.0
3.0	2.0	92.0	3.0	1.0	6.668938789336631
3.0	2.0	93.0	3.0	1.0	4.107858772863025
3.0	2.0	94.0	3.0	1.0	1.1584835267134315
3.0	2.0	95.0	5.0	1.0	91.20448940574532
3.0	2.0	96.0	3.0	0.0	1.0
3.0	2.0	97.0	3.0	0.0	1.0
3.0	2.0	98.0	3.0	0.0	1.0
3.0	2.0	99.0	3.0	2.0	5.637383493180803
3.0	2.0	99.0	3.0	2.0	10.271740660868893
3.0	2.0	100.0	3.0	1.0	5.965548976111465
3.0	3.0	1.0	5.0	1.0	-0.5418844659443132
3.0	3.0	2.0	5.0	1.0	0.2086764792929138
3.0	3.0	3.0	5.0	0.0	1.0
3.0	3.0	4.0	3.0	2.0	7.545596051256364
3.0	3.0	4.0	3.0	2.0	4.7575705914120565
3.0	3.0	5.0	7.0	2.0	11244.03715960816
3.0	3.0	5.0	7.0	2.0	18.031459318144044
3.0	3.0	6.0	1.0	0.0	1.0
3.0	3.0	7.0	3.0	1.0	3.1047595960075913
3.0	3.0	8.0	3.0	0.0	1.0
3.0	3.0	9.0	7.0	1.0	38.163260043567185
3.0	3.0	10.0	7.0	1.0	269.3853540679248
3.0	3.0	11.0	3.0	0.0	1.0
3.0	3.0	12.0	5.0	0.0	1.0
3.0	3.0	13.0	3.0	0.0	1.0
3.0	3.0	14.0	5.0	0.0	1.0
3.0	3.0	15.0	3.0	0.0	1.0
3.0	3.0	16.0	9.0	1.0	6.562739807130128
3.0	3.0	17.0	1.0	0.0	1.0
3.0	3.0	18.0	7.0	1.0	3.208360903697277
3.0	3.0	19.0	3.0	0.0	1.0
3.0	3.0	20.0	3.0	2.0	2.5781143019503823
3.0	3.0	20.0	3.0	2.0	2.119884593864773
3.0	3.0	21.0	3.0	0.0	1.0
3.0	3.0	22.0	3.0	0.0	1.0
3.0	3.0	23.0	5.0	1.0	1.1697740850923324
3.0	3.0	24.0	3.0	1.0	9.64246841052454
3.0	3.0	25.0	3.0	1.0	229.94140743484905
3.0	3.0	26.0	5.0	2.0	0.25385269238771246
3.0	3.0	26.0	5.0	2.0	5.9359975323855645
3.0	3.0	27.0	3.0	0.0	1.0
3.0	3.0	28.0	5.0	1.0	9.292576147833266
3.0	3.0	29.0	3.0	0.0	1.0
3.0	3.0	30.0	7.0	1.0	-7.1709693802604795
3.0	3.0	31.0	5.0	1.0	5.457198152973583
3.0	3.0	32.0	5.0	1.0	1424.3497018900605
3.0	3.0	33.0	9.0	3.0	9.229009730019557
3.0	3.0	33.0	9.0	3.0	632.3988896455968
3.0	3.0	33.0	9.0	3.0	85.04855658315577
3.0	3.0	34.0	5.0	1.0	2.203775843658275
3.0	3.0	35.0	7.0	0.0	1.0
3.0	3.0	36.0	3.0	1.0	12.72193221135353
3.0	3.0	37.0	3.0	2.0	-1.6972408874366385
3.0	3.0	37.0	3.0	2.0	12.541595705459805
3.0	3.0	38.0	9.0	1.0	2.634395914276519
3.0	3.0	39.0	9.0	1.0	1.2177025021060843
3.0	3.0	40.0	3.0	1.0	10.807055516078698
3.0	3.0	41.0	5.0	0.0	1.0
3.0	3.0	42.0	9.0	1.0	0.3149199566442953
3.0	3.0	43.0	9.0	0.0	1.0
3.0	3.0	44.0	3.0	0.0	1.0
3.0	3.0	45.0	3.0	0.0	1.0
3.0	3.0	46.0	3.0	0.0	1.0
3.0	3.0	47.0	5.0	0.0	1.0
3.0	3.0	48.0	7.0	0.0	1.0
3.0	3.0	49.0	7.0	1.0	8.4040473387537
3.0	3.0	50.0	5.0	2.0	9.007915554805805
3.0	3.0	50.0	5.0	2.0	11.56792189047943
3.0	3.0	51.0	5.0	1.0	-1.1910982058343436
3.0	3.0	52.0	9.0	1.0	11.518080827670552
3.0	3.0	53.0	5.0	1.0	-3.147310992075606
3.0	3.0	54.0	5.0	2.0	93.11612643912126
3.0	3.0	54.0	5.0	2.0	60.44705224208613
3.0	3.0	55.0	5.0	1.0	11.862113871261327
3.0	3.0	56.0	7.0	2.0	11.04029524082451
3.0	3.0	56.0	7.0	2.0	2.2115250914323648
3.0	3.0	57.0	3.0	1.0	101.57785351872941
3.0	3.0	58.0	7.0	1.0	-1.1412599427881376
3.0	3.0	59.0	7.0	0.0	1.0
3.0	3.0	60.0	3.0	1.0	0.5591121755324077
3.0	3.0	61.0	5.0	1.0	1.6463538775542332
3.0	3.0	62.0	5.0	2.0	7.841732822209503
3.0	3.0	62.0	5.0	2.0	863.3534414242711
3.0	3.0	63.0	7.0	0.0	1.0
3.0	3.0	64.0	3.0	1.0	13.377658587026243
3.0	3.0	65.0	3.0	1.0	3.9380112555673845
3.0	3.0	66.0	9.0	3.0	16.977951210343925
3.0	3.0	66.0	9.0	3.0	39.532024474877325
3.0	3.0	66.0	9.0	3.0	3.8728753923686625
3.0	3.0	67.0	5.0	0.0	1.0
3.0	3.0	68.0	9.0	1.0	25.912746596803988
3.0	3.0	69.0	3.0	0.0	1.0
3.0	3.0	70.0	5.0	2.0	8.056614106604354
3.0	3.0	70.0	5.0	2.0	7.97990952705703
3.0	3.0	71.0	3.0	0.0	1.0
3.0	3.0	72.0	3.0	0.0	1.0
3.0	3.0	73.0	7.0	2.0	3481.920734861528
3.0	3.0	73.0	7.0	2.0	4.087320250829726
3.0	3.0	74.0	5.0	0.0	1.0
3.0	3.0	75.0	9.0	0.0	1.0
3.0	3.0	76.0	9.0	4.0	7.779446141756168
3.0	3.0	76.0	9.0	4.0	25.824149268537553
3.0	3.0	76.0	9.0	4.0	793.9580772811189
3.0	3.0	76.0	9.0	4.0	10.341219233096147
3.0	3.0	77.0	3.0	0.0	1.0
3.0	3.0	78.0	3.0	0.0	1.0
3.0	3.0	79.0	7.0	1.0	169.66576779988205
3.0	3.0	80.0	3.0	0.0	1.0
3.0	3.0	81.0	3.0	0.0	1.0
3.0	3.0	82.0	5.0	0.0	1.0
3.0	3.0	83.0	9.0	0.0	1.0
3.0	3.0	84.0	3.0	0.0	1.0
3.0	3.0	85.0	7.0	0.0	1.0
3.0	3.0	86.0	3.0	0.0	1.0
3.0	3.0	87.0	5.0	3.0	6.545123487775169
3.0	3.0	87.0	5.0	3.0	5.480714346169808
3.0	3.0	87.0	5.0	3.0	1.686286259306585
3.0	3.0	88.0	5.0	0.0	1.0
3.0	3.0	89.0	7.0	0.0	1.0
3.0	3.0	90.0	11.0	1.0	1.101984041062946
3.0	3.0	91.0	5.0	0.0	1.0
3.0	3.0	92.0	3.0	0.0	1.0
3.0	3.0	93.0	5.0	0.0	1.0
3.0	3.0	94.0	9.0	0.0	1.0
3.0	3.0	95.0	3.0	0.0	1.0
3.0	3.0	96.0	3.0	1.0	2172.4634627321593
3.0	3.0	97.0	5.0	2.0	3.3504829568594365
3.0	3.0	97.0	5.0	2.0	16.376713778273984
3.0	3.0	98.0	3.0	0.0	1.0
3.0	3.0	99.0	5.0	0.0	1.0
3.0	3.0	100.0	7.0	1.0	1.8303921512453776
3.0	4.0	1.0	11.0	0.0	1.0
3.0	4.0	2.0	7.0	0.0	1.0
3.0	4.0	3.0	9.0	2.0	11.723556680992175
3.0	4.0	3.0	9.0	2.0	-7.248007088001264
3.0	4.0	4.0	11.0	0.0	1.0
3.0	4.0	5.0	7.0	0.0	1.0
3.0	4.0	6.0	9.0	0.0	1.0
3.0	4.0	7.0	17.0	4.0	8.453619578967752
3.0	4.0	7.0	17.0	4.0	13.536279067841654
3.0	4.0	7.0	17.0	4.0	2.1687900568258385e6
3.0	4.0	7.0	17.0	4.0	89.05757152010972
3.0	4.0	8.0	9.0	1.0	7.071367211370555
3.0	4.0	9.0	13.0	0.0	1.0
3.0	4.0	10.0	13.0	2.0	24.515955440668428
3.0	4.0	10.0	13.0	2.0	1318.6993205694641
3.0	4.0	11.0	5.0	1.0	5.543011867573025
3.0	4.0	12.0	9.0	0.0	1.0
3.0	4.0	13.0	5.0	0.0	1.0
3.0	4.0	14.0	13.0	0.0	1.0
3.0	4.0	15.0	9.0	0.0	1.0
3.0	4.0	16.0	11.0	0.0	1.0
3.0	4.0	17.0	11.0	0.0	1.0
3.0	4.0	18.0	9.0	1.0	8.043169241666513
3.0	4.0	19.0	9.0	1.0	37.236379133745025
3.0	4.0	20.0	9.0	2.0	6.377715236551721
3.0	4.0	20.0	9.0	2.0	5.203436958810579
3.0	4.0	21.0	9.0	0.0	1.0
3.0	4.0	22.0	7.0	0.0	1.0
3.0	4.0	23.0	11.0	0.0	1.0
3.0	4.0	24.0	15.0	1.0	695.1503925702841
3.0	4.0	25.0	9.0	0.0	1.0
3.0	4.0	26.0	11.0	0.0	1.0
3.0	4.0	27.0	9.0	0.0	1.0
3.0	4.0	28.0	7.0	0.0	1.0
3.0	4.0	29.0	5.0	0.0	1.0
3.0	4.0	30.0	5.0	0.0	1.0
3.0	4.0	31.0	13.0	2.0	-0.5722776432155129
3.0	4.0	31.0	13.0	2.0	18.239609334140376
3.0	4.0	32.0	11.0	0.0	1.0
3.0	4.0	33.0	11.0	2.0	2.4547520776888243
3.0	4.0	33.0	11.0	2.0	14.66262405142461
3.0	4.0	34.0	3.0	0.0	1.0
3.0	4.0	35.0	7.0	0.0	1.0
3.0	4.0	36.0	11.0	0.0	1.0
3.0	4.0	37.0	11.0	1.0	3.21053307319914
3.0	4.0	38.0	11.0	0.0	1.0
3.0	4.0	39.0	5.0	0.0	1.0
3.0	4.0	40.0	11.0	1.0	1.5577221897296312
3.0	4.0	41.0	7.0	0.0	1.0
3.0	4.0	42.0	7.0	1.0	22.99718429694218
3.0	4.0	43.0	13.0	0.0	1.0
3.0	4.0	44.0	11.0	1.0	21.072368045010528
3.0	4.0	45.0	7.0	1.0	8.350654628541198
3.0	4.0	46.0	11.0	0.0	1.0
3.0	4.0	47.0	11.0	0.0	1.0
3.0	4.0	48.0	19.0	0.0	1.0
3.0	4.0	49.0	15.0	1.0	-0.4979182567162679
3.0	4.0	50.0	3.0	0.0	1.0
3.0	4.0	51.0	7.0	1.0	6.39902491641607
3.0	4.0	52.0	11.0	0.0	1.0
3.0	4.0	53.0	11.0	3.0	3859.90047577944
3.0	4.0	53.0	11.0	3.0	220.21375985760832
3.0	4.0	53.0	11.0	3.0	2575.7467285273033
3.0	4.0	54.0	9.0	1.0	8.155748681708694
3.0	4.0	55.0	7.0	0.0	1.0
3.0	4.0	56.0	13.0	0.0	1.0
3.0	4.0	57.0	9.0	0.0	1.0
3.0	4.0	58.0	11.0	1.0	1.148394442696198
3.0	4.0	59.0	9.0	0.0	1.0
3.0	4.0	60.0	9.0	0.0	1.0
3.0	4.0	61.0	7.0	0.0	1.0
3.0	4.0	62.0	7.0	1.0	4.035775492331677
3.0	4.0	63.0	15.0	1.0	16.765413688495617
3.0	4.0	64.0	5.0	0.0	1.0
3.0	4.0	65.0	7.0	0.0	1.0
3.0	4.0	66.0	9.0	0.0	1.0
3.0	4.0	67.0	11.0	0.0	1.0
3.0	4.0	68.0	19.0	2.0	4.463892519390788
3.0	4.0	68.0	19.0	2.0	6.673583104469676
3.0	4.0	69.0	13.0	0.0	1.0
3.0	4.0	70.0	9.0	0.0	1.0
3.0	4.0	71.0	15.0	0.0	1.0
3.0	4.0	72.0	11.0	0.0	1.0
3.0	4.0	73.0	15.0	1.0	10.600113607479365
3.0	4.0	74.0	3.0	0.0	1.0
3.0	4.0	75.0	13.0	2.0	433.51761669787845
3.0	4.0	75.0	13.0	2.0	16.7612188859405
3.0	4.0	76.0	3.0	0.0	1.0
3.0	4.0	77.0	17.0	3.0	301.61656247676245
3.0	4.0	77.0	17.0	3.0	7.765622618185979
3.0	4.0	77.0	17.0	3.0	9.640976793969148
3.0	4.0	78.0	9.0	0.0	1.0
3.0	4.0	79.0	11.0	0.0	1.0
3.0	4.0	80.0	11.0	2.0	1.1262837841110116
3.0	4.0	80.0	11.0	2.0	5.824405965210342
3.0	4.0	81.0	13.0	1.0	11.775147916226903
3.0	4.0	82.0	15.0	2.0	9.609602833296552
3.0	4.0	82.0	15.0	2.0	16.728416327967558
3.0	4.0	83.0	5.0	0.0	1.0
3.0	4.0	84.0	17.0	0.0	1.0
3.0	4.0	85.0	9.0	1.0	216406.42512836927
3.0	4.0	86.0	9.0	0.0	1.0
3.0	4.0	87.0	11.0	0.0	1.0
3.0	4.0	88.0	9.0	0.0	1.0
3.0	4.0	89.0	11.0	1.0	4.183708358863473
3.0	4.0	90.0	7.0	2.0	6.23999136738703
3.0	4.0	90.0	7.0	2.0	1.6585726433091095
3.0	4.0	91.0	7.0	1.0	13.188083648351475
3.0	4.0	92.0	13.0	1.0	16.71138590244911
3.0	4.0	93.0	9.0	0.0	1.0
3.0	4.0	94.0	11.0	1.0	18.166078332436427
3.0	4.0	95.0	9.0	1.0	17388.76786408013
3.0	4.0	96.0	9.0	0.0	1.0
3.0	4.0	97.0	5.0	0.0	1.0
3.0	4.0	98.0	3.0	0.0	1.0
3.0	4.0	99.0	5.0	0.0	1.0
3.0	4.0	100.0	15.0	0.0	1.0
3.0	5.0	1.0	9.0	0.0	1.0
3.0	5.0	2.0	19.0	1.0	126.416432863381
3.0	5.0	3.0	21.0	0.0	1.0
3.0	5.0	4.0	25.0	0.0	1.0
3.0	5.0	5.0	23.0	0.0	1.0
3.0	5.0	6.0	19.0	0.0	1.0
3.0	5.0	7.0	27.0	0.0	1.0
3.0	5.0	8.0	23.0	0.0	1.0
3.0	5.0	9.0	17.0	0.0	1.0
3.0	5.0	10.0	19.0	0.0	1.0
3.0	5.0	11.0	27.0	0.0	1.0
3.0	5.0	12.0	19.0	0.0	1.0
3.0	5.0	13.0	7.0	0.0	1.0
3.0	5.0	14.0	13.0	0.0	1.0
3.0	5.0	15.0	19.0	0.0	1.0
3.0	5.0	16.0	17.0	0.0	1.0
3.0	5.0	17.0	15.0	1.0	154.13326210947312
3.0	5.0	18.0	11.0	0.0	1.0
3.0	5.0	19.0	17.0	1.0	1593.2973230425612
3.0	5.0	20.0	19.0	0.0	1.0
3.0	5.0	21.0	17.0	1.0	4.056364399622073
3.0	5.0	22.0	13.0	0.0	1.0
3.0	5.0	23.0	23.0	2.0	465.57372084390147
3.0	5.0	23.0	23.0	2.0	2.1104761651649206
3.0	5.0	24.0	21.0	0.0	1.0
3.0	5.0	25.0	11.0	0.0	1.0
3.0	5.0	26.0	19.0	0.0	1.0
3.0	5.0	27.0	17.0	0.0	1.0
3.0	5.0	28.0	15.0	0.0	1.0
3.0	5.0	29.0	21.0	1.0	7.987157401573009
3.0	5.0	30.0	17.0	2.0	35.69078824887737
3.0	5.0	30.0	17.0	2.0	18.376071658386582
3.0	5.0	31.0	23.0	1.0	108.11308406368637
3.0	5.0	32.0	17.0	2.0	149.6132494036657
3.0	5.0	32.0	17.0	2.0	10.620855605987263
3.0	5.0	33.0	17.0	0.0	1.0
3.0	5.0	34.0	15.0	1.0	10.090171889940219
3.0	5.0	35.0	15.0	0.0	1.0
3.0	5.0	36.0	19.0	1.0	-878.4059751847624
3.0	5.0	37.0	13.0	1.0	11.395519223887852
3.0	5.0	38.0	21.0	0.0	1.0
3.0	5.0	39.0	13.0	1.0	140.60049295709376
3.0	5.0	40.0	15.0	0.0	1.0
3.0	5.0	41.0	25.0	1.0	13.688380587500806
3.0	5.0	42.0	21.0	0.0	1.0
3.0	5.0	43.0	11.0	0.0	1.0
3.0	5.0	44.0	15.0	0.0	1.0
3.0	5.0	45.0	15.0	1.0	4.136805615453847
3.0	5.0	46.0	15.0	0.0	1.0
3.0	5.0	47.0	21.0	3.0	105.13327624699748
3.0	5.0	47.0	21.0	3.0	16.852349567096937
3.0	5.0	47.0	21.0	3.0	12.172264319998991
3.0	5.0	48.0	15.0	1.0	252.98542455212862
3.0	5.0	49.0	19.0	0.0	1.0
3.0	5.0	50.0	19.0	1.0	6.881316676915107
3.0	5.0	51.0	15.0	0.0	1.0
3.0	5.0	52.0	25.0	2.0	51.417781944042034
3.0	5.0	52.0	25.0	2.0	22.481864401187202
3.0	5.0	53.0	21.0	0.0	1.0
3.0	5.0	54.0	15.0	1.0	26.109374470032424
3.0	5.0	55.0	21.0	0.0	1.0
3.0	5.0	56.0	19.0	2.0	5.7750277360970355
3.0	5.0	56.0	19.0	2.0	39.38196090241962
3.0	5.0	57.0	19.0	4.0	96.64463182769867
3.0	5.0	57.0	19.0	4.0	16.619562704893937
3.0	5.0	57.0	19.0	4.0	11.199710221301084
3.0	5.0	57.0	19.0	4.0	21.99987421743817
3.0	5.0	58.0	23.0	3.0	19.8554708583055
3.0	5.0	58.0	23.0	3.0	18.38258539650584
3.0	5.0	58.0	23.0	3.0	29.99830808772574
3.0	5.0	59.0	25.0	1.0	4.590318629773364
3.0	5.0	60.0	19.0	0.0	1.0
3.0	5.0	61.0	11.0	0.0	1.0
3.0	5.0	62.0	21.0	0.0	1.0
3.0	5.0	63.0	17.0	0.0	1.0
3.0	5.0	64.0	19.0	1.0	13.638124550725431
3.0	5.0	65.0	19.0	0.0	1.0
3.0	5.0	66.0	17.0	1.0	7.5956720570249345
3.0	5.0	67.0	17.0	1.0	6.300194410135086
3.0	5.0	68.0	9.0	0.0	1.0
3.0	5.0	69.0	9.0	0.0	1.0
3.0	5.0	70.0	19.0	0.0	1.0
3.0	5.0	71.0	19.0	0.0	1.0
3.0	5.0	72.0	11.0	0.0	1.0
3.0	5.0	73.0	19.0	0.0	1.0
3.0	5.0	74.0	7.0	0.0	1.0
3.0	5.0	75.0	23.0	2.0	45.571322537118995
3.0	5.0	75.0	23.0	2.0	44.41844381330214
3.0	5.0	76.0	9.0	0.0	1.0
3.0	5.0	77.0	17.0	0.0	1.0
3.0	5.0	78.0	17.0	2.0	516.7822883219421
3.0	5.0	78.0	17.0	2.0	44.416865330330715
3.0	5.0	79.0	19.0	0.0	1.0
3.0	5.0	80.0	19.0	0.0	1.0
3.0	5.0	81.0	21.0	1.0	24.304362066213415
3.0	5.0	82.0	9.0	0.0	1.0
3.0	5.0	83.0	25.0	2.0	7.888204673200274
3.0	5.0	83.0	25.0	2.0	42.74909565853129
3.0	5.0	84.0	13.0	2.0	75.25394482290372
3.0	5.0	84.0	13.0	2.0	3.177429998675305
3.0	5.0	85.0	19.0	3.0	3.7428212566221304
3.0	5.0	85.0	19.0	3.0	10.138865929336413
3.0	5.0	85.0	19.0	3.0	4.4885139502739
3.0	5.0	86.0	15.0	0.0	1.0
3.0	5.0	87.0	15.0	0.0	1.0
3.0	5.0	88.0	13.0	0.0	1.0
3.0	5.0	89.0	23.0	0.0	1.0
3.0	5.0	90.0	17.0	4.0	47.58263109344746
3.0	5.0	90.0	17.0	4.0	64.39810809888006
3.0	5.0	90.0	17.0	4.0	17.15519479077364
3.0	5.0	90.0	17.0	4.0	136.46540500476902
3.0	5.0	91.0	21.0	1.0	8.595348350920617
3.0	5.0	92.0	21.0	0.0	1.0
3.0	5.0	93.0	21.0	0.0	1.0
3.0	5.0	94.0	11.0	0.0	1.0
3.0	5.0	95.0	15.0	0.0	1.0
3.0	5.0	96.0	11.0	0.0	1.0
3.0	5.0	97.0	19.0	1.0	15.41998195606053
3.0	5.0	98.0	17.0	1.0	10.964563715842027
3.0	5.0	99.0	21.0	1.0	18.66562317996654
3.0	5.0	100.0	13.0	0.0	1.0
4.0	2.0	1.0	4.0	1.0	2.735902094475153
4.0	2.0	2.0	2.0	1.0	1.7818943493769983
4.0	2.0	3.0	4.0	1.0	-7.307865762492256
4.0	2.0	4.0	4.0	1.0	4.057878447600007
4.0	2.0	5.0	4.0	0.0	1.0
4.0	2.0	6.0	4.0	1.0	-194.37191196098001
4.0	2.0	7.0	2.0	0.0	1.0
4.0	2.0	8.0	4.0	1.0	14.478081837932544
4.0	2.0	9.0	4.0	1.0	-104.19426631844544
4.0	2.0	10.0	4.0	1.0	-1.2912856313100476
4.0	2.0	11.0	2.0	0.0	1.0
4.0	2.0	12.0	4.0	1.0	-0.19856525487031626
4.0	2.0	13.0	4.0	1.0	47.67618067974247
4.0	2.0	14.0	2.0	1.0	8.419823174577186
4.0	2.0	15.0	2.0	1.0	43.18152774493008
4.0	2.0	16.0	2.0	0.0	1.0
4.0	2.0	17.0	2.0	0.0	1.0
4.0	2.0	18.0	2.0	1.0	1.5582078364281795
4.0	2.0	19.0	6.0	2.0	-17.994248278588344
4.0	2.0	19.0	6.0	2.0	9.93954090022585
4.0	2.0	20.0	8.0	2.0	3.58072528203213
4.0	2.0	20.0	8.0	2.0	-304.1421251090635
4.0	2.0	21.0	2.0	0.0	1.0
4.0	2.0	22.0	4.0	2.0	2.3701924883280663
4.0	2.0	22.0	4.0	2.0	-20.19652157556255
4.0	2.0	23.0	2.0	2.0	24.1589450501456
4.0	2.0	23.0	2.0	2.0	6.888629001602005
4.0	2.0	24.0	4.0	3.0	69.57582855020304
4.0	2.0	24.0	4.0	3.0	12.404958905968092
4.0	2.0	24.0	4.0	3.0	3.7868437355672757
4.0	2.0	25.0	6.0	3.0	-86.86197321439768
4.0	2.0	25.0	6.0	3.0	1.936792229082188
4.0	2.0	25.0	6.0	3.0	7.029343251147747
4.0	2.0	26.0	4.0	2.0	9.765491884292578
4.0	2.0	26.0	4.0	2.0	11.549755894523114
4.0	2.0	27.0	4.0	1.0	2311.601471611437
4.0	2.0	28.0	6.0	0.0	1.0
4.0	2.0	29.0	4.0	1.0	2.176324634174433
4.0	2.0	30.0	2.0	0.0	1.0
4.0	2.0	31.0	2.0	0.0	1.0
4.0	2.0	32.0	6.0	1.0	2.958831879458332
4.0	2.0	33.0	2.0	0.0	1.0
4.0	2.0	34.0	6.0	3.0	4.1342074463151395
4.0	2.0	34.0	6.0	3.0	7.046799637017215
4.0	2.0	34.0	6.0	3.0	9.19476496427961
4.0	2.0	35.0	4.0	2.0	10.208624354080566
4.0	2.0	35.0	4.0	2.0	-14065.482130513526
4.0	2.0	36.0	2.0	0.0	1.0
4.0	2.0	37.0	4.0	1.0	1.441214939648348
4.0	2.0	38.0	8.0	4.0	0.8902981518825739
4.0	2.0	38.0	8.0	4.0	1.024881144796616
4.0	2.0	38.0	8.0	4.0	-0.5872569806843212
4.0	2.0	38.0	8.0	4.0	6.2213146373039425
4.0	2.0	39.0	4.0	0.0	1.0
4.0	2.0	40.0	4.0	0.0	1.0
4.0	2.0	41.0	6.0	0.0	1.0
4.0	2.0	42.0	2.0	1.0	34.73569141403775
4.0	2.0	43.0	4.0	1.0	4.040956400899579
4.0	2.0	44.0	8.0	3.0	3.714155798181822
4.0	2.0	44.0	8.0	3.0	15.89412851330719
4.0	2.0	44.0	8.0	3.0	-0.9312244742854765
4.0	2.0	45.0	0.0	0.0	1.0
4.0	2.0	46.0	4.0	0.0	1.0
4.0	2.0	47.0	2.0	0.0	1.0
4.0	2.0	48.0	2.0	0.0	1.0
4.0	2.0	49.0	4.0	1.0	2.9541760129025434
4.0	2.0	50.0	4.0	3.0	10.9003496742233
4.0	2.0	50.0	4.0	3.0	-0.8896086452035272
4.0	2.0	50.0	4.0	3.0	1.7787309162389018
4.0	2.0	51.0	2.0	1.0	6.912770717742694
4.0	2.0	52.0	2.0	1.0	6.912395154090893
4.0	2.0	53.0	4.0	1.0	9.025275951788645
4.0	2.0	54.0	4.0	3.0	6.355591490976748
4.0	2.0	54.0	4.0	3.0	13.714000048541699
4.0	2.0	54.0	4.0	3.0	90.0426648880238
4.0	2.0	55.0	6.0	2.0	-0.4216731771080936
4.0	2.0	55.0	6.0	2.0	4430.496284280691
4.0	2.0	56.0	4.0	2.0	-2.269290293702729
4.0	2.0	56.0	4.0	2.0	2.7221091475627643
4.0	2.0	57.0	6.0	3.0	79.85158908401164
4.0	2.0	57.0	6.0	3.0	1.6782514793811147
4.0	2.0	57.0	6.0	3.0	1.3606465026425824e6
4.0	2.0	58.0	2.0	0.0	1.0
4.0	2.0	59.0	6.0	3.0	2.425262332022828
4.0	2.0	59.0	6.0	3.0	5.653046949383712
4.0	2.0	59.0	6.0	3.0	1.1865386977386305
4.0	2.0	60.0	4.0	1.0	597.6110421508728
4.0	2.0	61.0	4.0	2.0	134.87424643883932
4.0	2.0	61.0	4.0	2.0	-6.527790869590619
4.0	2.0	62.0	2.0	0.0	1.0
4.0	2.0	63.0	2.0	0.0	1.0
4.0	2.0	64.0	4.0	1.0	-12.505212786533743
4.0	2.0	65.0	0.0	0.0	1.0
4.0	2.0	66.0	10.0	2.0	74.9765203715665
4.0	2.0	66.0	10.0	2.0	303.14208973702614
4.0	2.0	67.0	0.0	0.0	1.0
4.0	2.0	68.0	4.0	0.0	1.0
4.0	2.0	69.0	6.0	0.0	1.0
4.0	2.0	70.0	2.0	1.0	950.4531441702009
4.0	2.0	71.0	0.0	0.0	1.0
4.0	2.0	72.0	2.0	0.0	1.0
4.0	2.0	73.0	6.0	2.0	4.457870397672458
4.0	2.0	73.0	6.0	2.0	5.0952441578939744
4.0	2.0	74.0	2.0	1.0	309.4062389874507
4.0	2.0	75.0	4.0	0.0	1.0
4.0	2.0	76.0	4.0	1.0	20.040346370667155
4.0	2.0	77.0	4.0	1.0	1.4874343661853295
4.0	2.0	78.0	8.0	2.0	1.8456892101905888
4.0	2.0	78.0	8.0	2.0	0.9882155168167199
4.0	2.0	79.0	4.0	2.0	-9.811065175584453
4.0	2.0	79.0	4.0	2.0	5.314334900489326
4.0	2.0	80.0	4.0	1.0	3.1058931890695285
4.0	2.0	81.0	2.0	1.0	68.39076571706667
4.0	2.0	82.0	2.0	1.0	-1.6633234735195228
4.0	2.0	83.0	4.0	1.0	18.03447585370263
4.0	2.0	84.0	6.0	2.0	111.1159928371948
4.0	2.0	84.0	6.0	2.0	3.9532379933434707
4.0	2.0	85.0	4.0	2.0	3.0973352747190157
4.0	2.0	85.0	4.0	2.0	143.6575031940608
4.0	2.0	86.0	6.0	2.0	48.90824693513627
4.0	2.0	86.0	6.0	2.0	7.202231031994279
4.0	2.0	87.0	2.0	1.0	-3.1700821933790246
4.0	2.0	88.0	0.0	0.0	1.0
4.0	2.0	89.0	6.0	0.0	1.0
4.0	2.0	90.0	4.0	2.0	1186.8764967967654
4.0	2.0	90.0	4.0	2.0	5.408887491651029
4.0	2.0	91.0	2.0	0.0	1.0
4.0	2.0	92.0	4.0	0.0	1.0
4.0	2.0	93.0	4.0	2.0	12.233546009498696
4.0	2.0	93.0	4.0	2.0	820.633328632272
4.0	2.0	94.0	6.0	0.0	1.0
4.0	2.0	95.0	6.0	2.0	4.734092720446632
4.0	2.0	95.0	6.0	2.0	2.2099908405959745
4.0	2.0	96.0	2.0	0.0	1.0
4.0	2.0	97.0	2.0	0.0	1.0
4.0	2.0	98.0	6.0	1.0	19.027382361090684
4.0	2.0	99.0	4.0	1.0	-4.225462438407348
4.0	2.0	100.0	8.0	2.0	7.194681972706631
4.0	2.0	100.0	8.0	2.0	175.32590674808262
4.0	3.0	1.0	10.0	5.0	20.661806483316056
4.0	3.0	1.0	10.0	5.0	5217.953909395282
4.0	3.0	1.0	10.0	5.0	21.779676157304138
4.0	3.0	1.0	10.0	5.0	13.349911862550575
4.0	3.0	1.0	10.0	5.0	-9.309440626800235
4.0	3.0	2.0	8.0	2.0	39.03554373551861
4.0	3.0	2.0	8.0	2.0	-5.403809277967891
4.0	3.0	3.0	2.0	0.0	1.0
4.0	3.0	4.0	8.0	0.0	1.0
4.0	3.0	5.0	10.0	0.0	1.0
4.0	3.0	6.0	4.0	0.0	1.0
4.0	3.0	7.0	8.0	2.0	17058.094856269403
4.0	3.0	7.0	8.0	2.0	3.6193539862989907
4.0	3.0	8.0	6.0	0.0	1.0
4.0	3.0	9.0	8.0	1.0	14963.93701606397
4.0	3.0	10.0	6.0	1.0	-2.0525386849628253
4.0	3.0	11.0	12.0	1.0	19.126717972108516
4.0	3.0	12.0	10.0	0.0	1.0
4.0	3.0	13.0	10.0	1.0	8.336990633510364
4.0	3.0	14.0	10.0	2.0	10.545995143547188
4.0	3.0	14.0	10.0	2.0	78.09569734280255
4.0	3.0	15.0	8.0	0.0	1.0
4.0	3.0	16.0	8.0	1.0	213.99344039922667
4.0	3.0	17.0	6.0	1.0	-1.2194010539781415
4.0	3.0	18.0	6.0	2.0	6.167335889686763
4.0	3.0	18.0	6.0	2.0	5787.61780593727
4.0	3.0	19.0	10.0	4.0	683.8992900372623
4.0	3.0	19.0	10.0	4.0	46.44918612858925
4.0	3.0	19.0	10.0	4.0	451648.30635361513
4.0	3.0	19.0	10.0	4.0	-2.140929544213129
4.0	3.0	20.0	2.0	2.0	7.0711154309329665
4.0	3.0	20.0	2.0	2.0	-104.60738119834508
4.0	3.0	21.0	10.0	1.0	35.25869431495224
4.0	3.0	22.0	8.0	1.0	24.93008869578363
4.0	3.0	23.0	6.0	1.0	16.8808057967926
4.0	3.0	24.0	4.0	0.0	1.0
4.0	3.0	25.0	10.0	3.0	5.727504659472704
4.0	3.0	25.0	10.0	3.0	14.71353832784244
4.0	3.0	25.0	10.0	3.0	-11.691876072580175
4.0	3.0	26.0	10.0	1.0	1.8484245722845565
4.0	3.0	27.0	10.0	1.0	6.693493861607011
4.0	3.0	28.0	4.0	1.0	56.91971235128116
4.0	3.0	29.0	6.0	0.0	1.0
4.0	3.0	30.0	10.0	0.0	1.0
4.0	3.0	31.0	14.0	2.0	5.2010011782351775
4.0	3.0	31.0	14.0	2.0	5.104433023506472
4.0	3.0	32.0	8.0	0.0	1.0
4.0	3.0	33.0	6.0	2.0	126.04117788035136
4.0	3.0	33.0	6.0	2.0	19.150580149973738
4.0	3.0	34.0	12.0	2.0	490.6103274567266
4.0	3.0	34.0	12.0	2.0	8.875352794481731
4.0	3.0	35.0	10.0	2.0	2.9778968418317637
4.0	3.0	35.0	10.0	2.0	1405.5360032351296
4.0	3.0	36.0	8.0	1.0	0.782526408706324
4.0	3.0	37.0	6.0	1.0	60.2000584539277
4.0	3.0	38.0	10.0	1.0	12.140656013872224
4.0	3.0	39.0	8.0	4.0	2.91799307944557
4.0	3.0	39.0	8.0	4.0	176.07577017700063
4.0	3.0	39.0	8.0	4.0	2.762404856860255
4.0	3.0	39.0	8.0	4.0	41.86596538293159
4.0	3.0	40.0	14.0	0.0	1.0
4.0	3.0	41.0	8.0	1.0	276.9338747117515
4.0	3.0	42.0	4.0	0.0	1.0
4.0	3.0	43.0	8.0	1.0	61.71636758370577
4.0	3.0	44.0	10.0	3.0	3.2652131992418867
4.0	3.0	44.0	10.0	3.0	153.46270817421626
4.0	3.0	44.0	10.0	3.0	8.152237726625806
4.0	3.0	45.0	8.0	0.0	1.0
4.0	3.0	46.0	14.0	2.0	4.209715298100692
4.0	3.0	46.0	14.0	2.0	3.720237940754661
4.0	3.0	47.0	12.0	3.0	52.328244334294965
4.0	3.0	47.0	12.0	3.0	-179.05700738386713
4.0	3.0	47.0	12.0	3.0	115.93484869337354
4.0	3.0	48.0	8.0	2.0	14.488187208819921
4.0	3.0	48.0	8.0	2.0	5.249150985957608
4.0	3.0	49.0	8.0	1.0	10.979758583135766
4.0	3.0	50.0	8.0	1.0	71.98490563364604
4.0	3.0	51.0	10.0	0.0	1.0
4.0	3.0	52.0	6.0	2.0	120.06864470289322
4.0	3.0	52.0	6.0	2.0	10.931629200334473
4.0	3.0	53.0	12.0	1.0	27.64652881850787
4.0	3.0	54.0	10.0	0.0	1.0
4.0	3.0	55.0	8.0	3.0	70.71581736136194
4.0	3.0	55.0	8.0	3.0	4990.219721872496
4.0	3.0	55.0	8.0	3.0	70.84002203039009
4.0	3.0	56.0	6.0	1.0	5.169022380532233
4.0	3.0	57.0	4.0	2.0	-0.22431435181860526
4.0	3.0	57.0	4.0	2.0	2.363407024853965
4.0	3.0	58.0	4.0	1.0	4.8388692628600465
4.0	3.0	59.0	6.0	2.0	4.749431856300908
4.0	3.0	59.0	6.0	2.0	8.055935670617032
4.0	3.0	60.0	6.0	0.0	1.0
4.0	3.0	61.0	12.0	1.0	3835.5412883020736
4.0	3.0	62.0	8.0	1.0	2.2198049590404136
4.0	3.0	63.0	6.0	1.0	12.469183536846687
4.0	3.0	64.0	8.0	2.0	35.2431855328871
4.0	3.0	64.0	8.0	2.0	101.15877296250297
4.0	3.0	65.0	8.0	0.0	1.0
4.0	3.0	66.0	6.0	2.0	17.630158749938147
4.0	3.0	66.0	6.0	2.0	88.3970838607129
4.0	3.0	67.0	8.0	1.0	2.649871660445738
4.0	3.0	68.0	6.0	1.0	5.757992134602162
4.0	3.0	69.0	6.0	0.0	1.0
4.0	3.0	70.0	8.0	2.0	400.5392572947751
4.0	3.0	70.0	8.0	2.0	1.0280790790659275
4.0	3.0	71.0	4.0	0.0	1.0
4.0	3.0	72.0	4.0	0.0	1.0
4.0	3.0	73.0	4.0	0.0	1.0
4.0	3.0	74.0	10.0	1.0	6337.886814355979
4.0	3.0	75.0	4.0	1.0	322.6237434120431
4.0	3.0	76.0	12.0	2.0	8.010800110873685
4.0	3.0	76.0	12.0	2.0	12.427143251532879
4.0	3.0	77.0	6.0	1.0	7.424696560450853
4.0	3.0	78.0	6.0	1.0	5.729660732343132
4.0	3.0	79.0	14.0	3.0	-29.301807454227266
4.0	3.0	79.0	14.0	3.0	54.516098569960086
4.0	3.0	79.0	14.0	3.0	521.5213939532904
4.0	3.0	80.0	4.0	1.0	4.483796495416571
4.0	3.0	81.0	10.0	3.0	55.738003522538946
4.0	3.0	81.0	10.0	3.0	22.13785168695363
4.0	3.0	81.0	10.0	3.0	-5.645250336713188
4.0	3.0	82.0	12.0	3.0	-11.29039637630752
4.0	3.0	82.0	12.0	3.0	6.901565961508221
4.0	3.0	82.0	12.0	3.0	313450.9242563203
4.0	3.0	83.0	4.0	0.0	1.0
4.0	3.0	84.0	14.0	2.0	11.268936663909074
4.0	3.0	84.0	14.0	2.0	4.1042797638063915
4.0	3.0	85.0	6.0	1.0	12.94018141122841
4.0	3.0	86.0	4.0	1.0	21.834245612614463
4.0	3.0	87.0	6.0	2.0	1.682622119210187
4.0	3.0	87.0	6.0	2.0	13.293267852197115
4.0	3.0	88.0	12.0	2.0	15.465868318545393
4.0	3.0	88.0	12.0	2.0	19.45982335864578
4.0	3.0	89.0	10.0	1.0	256.5557835626643
4.0	3.0	90.0	8.0	1.0	5.127483218717909
4.0	3.0	91.0	14.0	2.0	4.263714269367931
4.0	3.0	91.0	14.0	2.0	7.248239595586784
4.0	3.0	92.0	10.0	2.0	15.913869585631998
4.0	3.0	92.0	10.0	2.0	4.210769308709204
4.0	3.0	93.0	10.0	0.0	1.0
4.0	3.0	94.0	6.0	2.0	11.526301413330838
4.0	3.0	94.0	6.0	2.0	4.466420844298891
4.0	3.0	95.0	14.0	4.0	10.003322697522227
4.0	3.0	95.0	14.0	4.0	1.3191135322180492
4.0	3.0	95.0	14.0	4.0	5.338689146121804
4.0	3.0	95.0	14.0	4.0	2.106484198029385
4.0	3.0	96.0	8.0	0.0	1.0
4.0	3.0	97.0	10.0	0.0	1.0
4.0	3.0	98.0	8.0	0.0	1.0
4.0	3.0	99.0	12.0	1.0	12.029635436492324
4.0	3.0	100.0	6.0	0.0	1.0
4.0	4.0	1.0	20.0	0.0	1.0
4.0	4.0	2.0	20.0	1.0	21.356766555392927
4.0	4.0	3.0	14.0	2.0	3.44562932390745
4.0	4.0	3.0	14.0	2.0	6.6559962179544545
4.0	4.0	4.0	18.0	0.0	1.0
4.0	4.0	5.0	32.0	1.0	-126.35747454597993
4.0	4.0	6.0	16.0	1.0	5.321843488485531
4.0	4.0	7.0	26.0	1.0	34.28047396555373
4.0	4.0	8.0	20.0	3.0	21.951138425980602
4.0	4.0	8.0	20.0	3.0	3866.6073271493283
4.0	4.0	8.0	20.0	3.0	4.052399437570712
4.0	4.0	9.0	14.0	4.0	22.68804079025959
4.0	4.0	9.0	14.0	4.0	9.91984318508268
4.0	4.0	9.0	14.0	4.0	84.37389159752297
4.0	4.0	9.0	14.0	4.0	13.754965856085725
4.0	4.0	10.0	12.0	3.0	4.549598458096567
4.0	4.0	10.0	12.0	3.0	8399.013404647743
4.0	4.0	10.0	12.0	3.0	3.711322535338152
4.0	4.0	11.0	26.0	1.0	294.3354292517159
4.0	4.0	12.0	20.0	1.0	5.399071900976183
4.0	4.0	13.0	14.0	1.0	11.818642442666444
4.0	4.0	14.0	20.0	2.0	4.873525889286044
4.0	4.0	14.0	20.0	2.0	274.3330774280067
4.0	4.0	15.0	26.0	1.0	117.47896326989303
4.0	4.0	16.0	14.0	1.0	129723.61432763885
4.0	4.0	17.0	8.0	0.0	1.0
4.0	4.0	18.0	34.0	0.0	1.0
4.0	4.0	19.0	18.0	1.0	13.795207842369535
4.0	4.0	20.0	20.0	0.0	1.0
4.0	4.0	21.0	10.0	0.0	1.0
4.0	4.0	22.0	14.0	0.0	1.0
4.0	4.0	23.0	26.0	3.0	13.429249355698262
4.0	4.0	23.0	26.0	3.0	18.687053782404526
4.0	4.0	23.0	26.0	3.0	81.00641133202252
4.0	4.0	24.0	10.0	2.0	6.232324225817398
4.0	4.0	24.0	10.0	2.0	-4.127169362026487
4.0	4.0	25.0	18.0	3.0	62.872426901944564
4.0	4.0	25.0	18.0	3.0	5.573889321204876
4.0	4.0	25.0	18.0	3.0	3.5034131236467614
4.0	4.0	26.0	12.0	0.0	1.0
4.0	4.0	27.0	14.0	0.0	1.0
4.0	4.0	28.0	20.0	2.0	30.780500545452036
4.0	4.0	28.0	20.0	2.0	31.288657382742343
4.0	4.0	29.0	20.0	2.0	29.865326701250382
4.0	4.0	29.0	20.0	2.0	8.651081907341613
4.0	4.0	30.0	28.0	1.0	29.527937145001104
4.0	4.0	31.0	22.0	1.0	22.813517049416237
4.0	4.0	32.0	18.0	0.0	1.0
4.0	4.0	33.0	12.0	0.0	1.0
4.0	4.0	34.0	12.0	0.0	1.0
4.0	4.0	35.0	20.0	2.0	9.93875950881727
4.0	4.0	35.0	20.0	2.0	21781.167315338585
4.0	4.0	36.0	14.0	0.0	1.0
4.0	4.0	37.0	16.0	4.0	167.763899805021
4.0	4.0	37.0	16.0	4.0	12.78655505409271
4.0	4.0	37.0	16.0	4.0	5.363485971930774e7
4.0	4.0	37.0	16.0	4.0	10.609882129229426
4.0	4.0	38.0	12.0	0.0	1.0
4.0	4.0	39.0	10.0	0.0	1.0
4.0	4.0	40.0	20.0	1.0	368.3129790659477
4.0	4.0	41.0	12.0	2.0	13.48577177811812
4.0	4.0	41.0	12.0	2.0	66.8934551866132
4.0	4.0	42.0	22.0	1.0	87.43308517362347
4.0	4.0	43.0	20.0	0.0	1.0
4.0	4.0	44.0	10.0	0.0	1.0
4.0	4.0	45.0	20.0	0.0	1.0
4.0	4.0	46.0	8.0	0.0	1.0
4.0	4.0	47.0	20.0	0.0	1.0
4.0	4.0	48.0	18.0	0.0	1.0
4.0	4.0	49.0	14.0	4.0	4.7283240701967255
4.0	4.0	49.0	14.0	4.0	51.79122075138152
4.0	4.0	49.0	14.0	4.0	2.745305078882618
4.0	4.0	49.0	14.0	4.0	31.653889760641466
4.0	4.0	50.0	18.0	3.0	48.25785066461735
4.0	4.0	50.0	18.0	3.0	141.8400532983814
4.0	4.0	50.0	18.0	3.0	11.745564681137832
4.0	4.0	51.0	26.0	2.0	2349.059999694713
4.0	4.0	51.0	26.0	2.0	22.892845306037362
4.0	4.0	52.0	16.0	0.0	1.0
4.0	4.0	53.0	28.0	0.0	1.0
4.0	4.0	54.0	18.0	0.0	1.0
4.0	4.0	55.0	12.0	0.0	1.0
4.0	4.0	56.0	6.0	0.0	1.0
4.0	4.0	57.0	10.0	2.0	200.21929978168416
4.0	4.0	57.0	10.0	2.0	58.5964908587336
4.0	4.0	58.0	20.0	0.0	1.0
4.0	4.0	59.0	18.0	0.0	1.0
4.0	4.0	60.0	10.0	2.0	7.040581476295597
4.0	4.0	60.0	10.0	2.0	122.44681471751994
4.0	4.0	61.0	14.0	1.0	999.025192381968
4.0	4.0	62.0	18.0	1.0	32.73452316487155
4.0	4.0	63.0	22.0	2.0	849.2327260677955
4.0	4.0	63.0	22.0	2.0	487.64224466315125
4.0	4.0	64.0	24.0	0.0	1.0
4.0	4.0	65.0	12.0	1.0	1408.4512422523821
4.0	4.0	66.0	18.0	0.0	1.0
4.0	4.0	67.0	18.0	1.0	37.06641287893981
4.0	4.0	68.0	10.0	0.0	1.0
4.0	4.0	69.0	14.0	0.0	1.0
4.0	4.0	70.0	10.0	0.0	1.0
4.0	4.0	71.0	18.0	1.0	42.07560086963953
4.0	4.0	72.0	16.0	2.0	17.370105232726026
4.0	4.0	72.0	16.0	2.0	7.258964472244967
4.0	4.0	73.0	18.0	0.0	1.0
4.0	4.0	74.0	18.0	2.0	4.7441097184137435
4.0	4.0	74.0	18.0	2.0	3.463614004581212
4.0	4.0	75.0	20.0	1.0	130.8946682827858
4.0	4.0	76.0	8.0	0.0	1.0
4.0	4.0	77.0	20.0	0.0	1.0
4.0	4.0	78.0	18.0	0.0	1.0
4.0	4.0	79.0	20.0	1.0	18.283079853511566
4.0	4.0	80.0	24.0	2.0	5.9951200890899035
4.0	4.0	80.0	24.0	2.0	5.511948587624075
4.0	4.0	81.0	24.0	4.0	32.81643266636728
4.0	4.0	81.0	24.0	4.0	3.006052284869454
4.0	4.0	81.0	24.0	4.0	1.416055197676518
4.0	4.0	81.0	24.0	4.0	455.2407351208693
4.0	4.0	82.0	18.0	1.0	2.2361225796822086e6
4.0	4.0	83.0	16.0	0.0	1.0
4.0	4.0	84.0	20.0	1.0	2543.8483911064336
4.0	4.0	85.0	20.0	2.0	2.6394353809690627
4.0	4.0	85.0	20.0	2.0	8.725013938329663
4.0	4.0	86.0	20.0	1.0	63.97047124730085
4.0	4.0	87.0	16.0	2.0	92.527723220215
4.0	4.0	87.0	16.0	2.0	19.763159175404546
4.0	4.0	88.0	26.0	2.0	515.9722062164765
4.0	4.0	88.0	26.0	2.0	12.208737314020725
4.0	4.0	89.0	12.0	1.0	5.150872260020771
4.0	4.0	90.0	18.0	0.0	1.0
4.0	4.0	91.0	10.0	0.0	1.0
4.0	4.0	92.0	20.0	2.0	47.38051336646981
4.0	4.0	92.0	20.0	2.0	15.14879353786707
4.0	4.0	93.0	26.0	3.0	18.740100516868264
4.0	4.0	93.0	26.0	3.0	34.22646504155224
4.0	4.0	93.0	26.0	3.0	21.063606455560432
4.0	4.0	94.0	14.0	0.0	1.0
4.0	4.0	95.0	16.0	0.0	1.0
4.0	4.0	96.0	14.0	1.0	-2.6441592317045357
4.0	4.0	97.0	22.0	0.0	1.0
4.0	4.0	98.0	12.0	0.0	1.0
4.0	4.0	99.0	12.0	1.0	43.92601674901168
4.0	4.0	100.0	10.0	2.0	802.4052393618913
4.0	4.0	100.0	10.0	2.0	256.40268492074364
4.0	5.0	1.0	38.0	1.0	113.65893719838789
4.0	5.0	2.0	26.0	1.0	13.865524076861297
4.0	5.0	3.0	36.0	2.0	18.26084886607837
4.0	5.0	3.0	36.0	2.0	167230.0936228
4.0	5.0	4.0	44.0	7.0	0.18524150789713767
4.0	5.0	4.0	44.0	7.0	598.3134787567922
4.0	5.0	4.0	44.0	7.0	12.487418727635529
4.0	5.0	4.0	44.0	7.0	20.895016163675432
4.0	5.0	4.0	44.0	7.0	395270.0954717857
4.0	5.0	4.0	44.0	7.0	64.43416567781345
4.0	5.0	4.0	44.0	7.0	6.638447487214533
4.0	5.0	5.0	30.0	0.0	1.0
4.0	5.0	6.0	34.0	1.0	2.11583850520119e6
4.0	5.0	7.0	48.0	0.0	1.0
4.0	5.0	8.0	32.0	1.0	19.19606612758915
4.0	5.0	9.0	34.0	1.0	2199.154170762492
4.0	5.0	10.0	52.0	1.0	437.0938770094299
4.0	5.0	11.0	34.0	2.0	149.13931179718628
4.0	5.0	11.0	34.0	2.0	130.39020841740154
4.0	5.0	12.0	30.0	0.0	1.0
4.0	5.0	13.0	28.0	1.0	25.48932299742504
4.0	5.0	14.0	32.0	4.0	16853.538548284392
4.0	5.0	14.0	32.0	4.0	3.4034915515724835
4.0	5.0	14.0	32.0	4.0	4.961385213826708
4.0	5.0	14.0	32.0	4.0	142.52634574215037
4.0	5.0	15.0	26.0	0.0	1.0
4.0	5.0	16.0	24.0	1.0	27.170341451029973
4.0	5.0	17.0	34.0	1.0	120.95806394940138
4.0	5.0	18.0	30.0	2.0	1931.0549949729113
4.0	5.0	18.0	30.0	2.0	452.6504056330904
4.0	5.0	19.0	36.0	1.0	11.711114128417242
4.0	5.0	20.0	30.0	3.0	114.43915564680393
4.0	5.0	20.0	30.0	3.0	82.64954482217178
4.0	5.0	20.0	30.0	3.0	33.26890772598016
4.0	5.0	21.0	56.0	0.0	1.0
4.0	5.0	22.0	28.0	0.0	1.0
4.0	5.0	23.0	30.0	2.0	5.11691978804479
4.0	5.0	23.0	30.0	2.0	8.209712341072345
4.0	5.0	24.0	32.0	0.0	1.0
4.0	5.0	25.0	36.0	1.0	92.14562951519206
4.0	5.0	26.0	32.0	0.0	1.0
4.0	5.0	27.0	34.0	1.0	9.149764577908547
4.0	5.0	28.0	26.0	1.0	8.70769253737637
4.0	5.0	29.0	48.0	0.0	1.0
4.0	5.0	30.0	32.0	0.0	1.0
4.0	5.0	31.0	24.0	3.0	4.970194271729263
4.0	5.0	31.0	24.0	3.0	128.2737689641925
4.0	5.0	31.0	24.0	3.0	6.611183339401854
4.0	5.0	32.0	32.0	2.0	741395.0102533739
4.0	5.0	32.0	32.0	2.0	1290.5222530331225
4.0	5.0	33.0	32.0	0.0	1.0
4.0	5.0	34.0	42.0	0.0	1.0
4.0	5.0	35.0	40.0	0.0	1.0
4.0	5.0	36.0	32.0	0.0	1.0
4.0	5.0	37.0	42.0	2.0	591.4944027847016
4.0	5.0	37.0	42.0	2.0	226.81680474490148
4.0	5.0	38.0	32.0	2.0	8.114472204168063
4.0	5.0	38.0	32.0	2.0	434.57063312541044
4.0	5.0	39.0	42.0	1.0	27.258105654516903
4.0	5.0	40.0	44.0	0.0	1.0
4.0	5.0	41.0	36.0	4.0	3864.470552884311
4.0	5.0	41.0	36.0	4.0	1654.0339001402613
4.0	5.0	41.0	36.0	4.0	2301.4312920954976
4.0	5.0	41.0	36.0	4.0	749.7461125785389
4.0	5.0	42.0	26.0	3.0	2934.9026004860652
4.0	5.0	42.0	26.0	3.0	104.16112794205404
4.0	5.0	42.0	26.0	3.0	275.80316274271433
4.0	5.0	43.0	44.0	2.0	15.029318597394237
4.0	5.0	43.0	44.0	2.0	18.114624009151733
4.0	5.0	44.0	38.0	0.0	1.0
4.0	5.0	45.0	32.0	0.0	1.0
4.0	5.0	46.0	36.0	1.0	644.1387910084411
4.0	5.0	47.0	34.0	0.0	1.0
4.0	5.0	48.0	60.0	2.0	20.119032982317187
4.0	5.0	48.0	60.0	2.0	7.49846471546102
4.0	5.0	49.0	38.0	2.0	117.42616426487533
4.0	5.0	49.0	38.0	2.0	17.83032231603434
4.0	5.0	50.0	42.0	0.0	1.0
4.0	5.0	51.0	42.0	0.0	1.0
4.0	5.0	52.0	36.0	2.0	7.241203414284817
4.0	5.0	52.0	36.0	2.0	1282.6014863704218
4.0	5.0	53.0	36.0	1.0	86.82942389712474
4.0	5.0	54.0	36.0	2.0	112.83019751002314
4.0	5.0	54.0	36.0	2.0	15.180235499786994
4.0	5.0	55.0	44.0	1.0	3933.1382135913677
4.0	5.0	56.0	36.0	2.0	18.680383749763806
4.0	5.0	56.0	36.0	2.0	28.864249073590713
4.0	5.0	57.0	34.0	0.0	1.0
4.0	5.0	58.0	40.0	0.0	1.0
4.0	5.0	59.0	48.0	0.0	1.0
4.0	5.0	60.0	48.0	2.0	88.85931313472511
4.0	5.0	60.0	48.0	2.0	12.468646372093474
4.0	5.0	61.0	30.0	1.0	77.45107149337294
4.0	5.0	62.0	32.0	1.0	14.893731477379482
4.0	5.0	63.0	26.0	0.0	1.0
4.0	5.0	64.0	26.0	0.0	1.0
4.0	5.0	65.0	30.0	0.0	1.0
4.0	5.0	66.0	30.0	0.0	1.0
4.0	5.0	67.0	52.0	4.0	102.01763682766722
4.0	5.0	67.0	52.0	4.0	381.036722313971
4.0	5.0	67.0	52.0	4.0	851.7801437833352
4.0	5.0	67.0	52.0	4.0	35.174704505832025
4.0	5.0	68.0	44.0	1.0	8.997797540785465
4.0	5.0	69.0	44.0	0.0	1.0
4.0	5.0	70.0	34.0	1.0	572350.0494961122
4.0	5.0	71.0	42.0	0.0	1.0
4.0	5.0	72.0	48.0	0.0	1.0
4.0	5.0	73.0	40.0	0.0	1.0
4.0	5.0	74.0	32.0	0.0	1.0
4.0	5.0	75.0	44.0	1.0	41.908473905851935
4.0	5.0	76.0	26.0	1.0	62.83994895723525
4.0	5.0	77.0	42.0	1.0	7.3485690787007725
4.0	5.0	78.0	30.0	2.0	37.00863514428483
4.0	5.0	78.0	30.0	2.0	24.573962113485912
4.0	5.0	79.0	40.0	1.0	38346.635214958
4.0	5.0	80.0	32.0	2.0	32587.51291919549
4.0	5.0	80.0	32.0	2.0	4.294196576406787
4.0	5.0	81.0	36.0	2.0	13.652907253469923
4.0	5.0	81.0	36.0	2.0	1.1559549883095315e6
4.0	5.0	82.0	36.0	0.0	1.0
4.0	5.0	83.0	32.0	0.0	1.0
4.0	5.0	84.0	40.0	2.0	15.754711582055176
4.0	5.0	84.0	40.0	2.0	15.485965799090618
4.0	5.0	85.0	44.0	3.0	128.9617562897012
4.0	5.0	85.0	44.0	3.0	1.5488481432230298e6
4.0	5.0	85.0	44.0	3.0	76.63938895535777
4.0	5.0	86.0	48.0	0.0	1.0
4.0	5.0	87.0	48.0	1.0	9.240184254615023
4.0	5.0	88.0	38.0	4.0	11.528477259706252
4.0	5.0	88.0	38.0	4.0	29.504630381261833
4.0	5.0	88.0	38.0	4.0	5.985423452274388
4.0	5.0	88.0	38.0	4.0	4.776960985086873
4.0	5.0	89.0	38.0	1.0	31.177919957415433
4.0	5.0	90.0	24.0	2.0	10.632000636598525
4.0	5.0	90.0	24.0	2.0	12.689301105838904
4.0	5.0	91.0	34.0	1.0	10.025014864236962
4.0	5.0	92.0	32.0	3.0	763.3151519218914
4.0	5.0	92.0	32.0	3.0	550.5027975677664
4.0	5.0	92.0	32.0	3.0	18489.929707491476
4.0	5.0	93.0	38.0	0.0	1.0
4.0	5.0	94.0	40.0	4.0	26.99828103527541
4.0	5.0	94.0	40.0	4.0	441.7068726281998
4.0	5.0	94.0	40.0	4.0	333.0180543630027
4.0	5.0	94.0	40.0	4.0	15.009682450029445
4.0	5.0	95.0	40.0	1.0	24.881715834093246
4.0	5.0	96.0	20.0	0.0	1.0
4.0	5.0	97.0	50.0	5.0	25.574934114223495
4.0	5.0	97.0	50.0	5.0	45.22770635301879
4.0	5.0	97.0	50.0	5.0	168.8108363948743
4.0	5.0	97.0	50.0	5.0	7548.09281284952
4.0	5.0	97.0	50.0	5.0	22.506382952567797
4.0	5.0	98.0	42.0	2.0	19.846715038305177
4.0	5.0	98.0	42.0	2.0	574.6389004386702
4.0	5.0	99.0	34.0	1.0	227.64841501614453
4.0	5.0	100.0	38.0	0.0	1.0
5.0	2.0	1.0	3.0	0.0	1.0
5.0	2.0	2.0	3.0	0.0	1.0
5.0	2.0	3.0	3.0	2.0	5.2623076588507125
5.0	2.0	3.0	3.0	2.0	2238.8448936337554
5.0	2.0	4.0	5.0	4.0	659.5932394791851
5.0	2.0	4.0	5.0	4.0	-1.5660860338373631e6
5.0	2.0	4.0	5.0	4.0	38.8761358800553
5.0	2.0	4.0	5.0	4.0	1.4307574790178466
5.0	2.0	5.0	3.0	0.0	1.0
5.0	2.0	6.0	5.0	1.0	8.676074607697482
5.0	2.0	7.0	3.0	0.0	1.0
5.0	2.0	8.0	7.0	2.0	-2.5143430279943804
5.0	2.0	8.0	7.0	2.0	11.960404357007748
5.0	2.0	9.0	5.0	2.0	16.936424785437996
5.0	2.0	9.0	5.0	2.0	0.9270259371400082
5.0	2.0	10.0	5.0	1.0	34.088060626272515
5.0	2.0	11.0	5.0	2.0	19.679304790046263
5.0	2.0	11.0	5.0	2.0	-11.426952773099703
5.0	2.0	12.0	5.0	1.0	212.62580819715515
5.0	2.0	13.0	5.0	2.0	37080.48791993622
5.0	2.0	13.0	5.0	2.0	19.927505655867414
5.0	2.0	14.0	7.0	1.0	21.23204331611273
5.0	2.0	15.0	3.0	0.0	1.0
5.0	2.0	16.0	3.0	1.0	6.3652777134525635
5.0	2.0	17.0	3.0	0.0	1.0
5.0	2.0	18.0	7.0	1.0	15.875593275888164
5.0	2.0	19.0	5.0	2.0	-3.1484820624047147
5.0	2.0	19.0	5.0	2.0	1.6617879278332952
5.0	2.0	20.0	3.0	0.0	1.0
5.0	2.0	21.0	3.0	1.0	-9.344037199766928
5.0	2.0	22.0	5.0	1.0	182.08437644135404
5.0	2.0	23.0	7.0	3.0	7.799104210938794
5.0	2.0	23.0	7.0	3.0	10.435103539951154
5.0	2.0	23.0	7.0	3.0	-3.1659882461651754
5.0	2.0	24.0	5.0	2.0	15.900663900161376
5.0	2.0	24.0	5.0	2.0	111874.29418561878
5.0	2.0	25.0	7.0	3.0	-3.224757177747753
5.0	2.0	25.0	7.0	3.0	1.060493656761477
5.0	2.0	25.0	7.0	3.0	1.2028152619479684
5.0	2.0	26.0	5.0	0.0	1.0
5.0	2.0	27.0	1.0	0.0	1.0
5.0	2.0	28.0	5.0	0.0	1.0
5.0	2.0	29.0	7.0	2.0	-1.8995931435713262
5.0	2.0	29.0	7.0	2.0	3.799331291074947
5.0	2.0	30.0	5.0	2.0	7.475483961148922
5.0	2.0	30.0	5.0	2.0	0.9148896849243312
5.0	2.0	31.0	1.0	0.0	1.0
5.0	2.0	32.0	3.0	2.0	3.0334587322279347
5.0	2.0	32.0	3.0	2.0	4.619222359471497
5.0	2.0	33.0	5.0	0.0	1.0
5.0	2.0	34.0	7.0	1.0	1.1323825188928174
5.0	2.0	35.0	7.0	1.0	-3.0756016795199885
5.0	2.0	36.0	7.0	2.0	50.20747283687619
5.0	2.0	36.0	7.0	2.0	-7.800007741229458
5.0	2.0	37.0	3.0	1.0	6.833463636263154
5.0	2.0	38.0	5.0	2.0	1076.2782567110276
5.0	2.0	38.0	5.0	2.0	1180.7062463173856
5.0	2.0	39.0	7.0	1.0	57.43165493248521
5.0	2.0	40.0	5.0	1.0	-12.431461807430821
5.0	2.0	41.0	5.0	1.0	-0.8886141379354539
5.0	2.0	42.0	5.0	4.0	13.044424953497158
5.0	2.0	42.0	5.0	4.0	4.059727971328215
5.0	2.0	42.0	5.0	4.0	-1.0143004684249878e7
5.0	2.0	42.0	5.0	4.0	-2.1252093074818452
5.0	2.0	43.0	5.0	0.0	1.0
5.0	2.0	44.0	3.0	1.0	26.242215770529526
5.0	2.0	45.0	1.0	1.0	2035.7501920810137
5.0	2.0	46.0	7.0	2.0	-5.563702157883792
5.0	2.0	46.0	7.0	2.0	54.96626525848093
5.0	2.0	47.0	3.0	0.0	1.0
5.0	2.0	48.0	5.0	1.0	9.385936519740445
5.0	2.0	49.0	5.0	3.0	25.050028157131965
5.0	2.0	49.0	5.0	3.0	-12690.629862128757
5.0	2.0	49.0	5.0	3.0	28.83103226751947
5.0	2.0	50.0	1.0	0.0	1.0
5.0	2.0	51.0	3.0	0.0	1.0
5.0	2.0	52.0	1.0	0.0	1.0
5.0	2.0	53.0	5.0	1.0	6.016444315855136
5.0	2.0	54.0	5.0	0.0	1.0
5.0	2.0	55.0	7.0	2.0	48.38802732706132
5.0	2.0	55.0	7.0	2.0	252511.7397807798
5.0	2.0	56.0	1.0	0.0	1.0
5.0	2.0	57.0	3.0	0.0	1.0
5.0	2.0	58.0	9.0	1.0	-2.471170295763361
5.0	2.0	59.0	7.0	2.0	8.279870492532345
5.0	2.0	59.0	7.0	2.0	6.612167446297813
5.0	2.0	60.0	3.0	2.0	14.92751742278115
5.0	2.0	60.0	3.0	2.0	6.579052091740471
5.0	2.0	61.0	5.0	2.0	-0.5686376704429865
5.0	2.0	61.0	5.0	2.0	403.98007242938195
5.0	2.0	62.0	3.0	1.0	15183.061058901829
5.0	2.0	63.0	5.0	3.0	-1.4605841174743115
5.0	2.0	63.0	5.0	3.0	9.808842938251063
5.0	2.0	63.0	5.0	3.0	27.487690630960607
5.0	2.0	64.0	3.0	1.0	63.71872941824364
5.0	2.0	65.0	1.0	0.0	1.0
5.0	2.0	66.0	5.0	1.0	2.0575394546267454
5.0	2.0	67.0	7.0	2.0	6.633651255669048
5.0	2.0	67.0	7.0	2.0	15.604105769730118
5.0	2.0	68.0	3.0	0.0	1.0
5.0	2.0	69.0	3.0	1.0	-6.6967621542464775
5.0	2.0	70.0	5.0	0.0	1.0
5.0	2.0	71.0	3.0	0.0	1.0
5.0	2.0	72.0	5.0	2.0	-13.259117007354769
5.0	2.0	72.0	5.0	2.0	1.1437180083471041
5.0	2.0	73.0	7.0	2.0	4.24711608188743
5.0	2.0	73.0	7.0	2.0	-4.426640792084733
5.0	2.0	74.0	5.0	3.0	64.2315751895693
5.0	2.0	74.0	5.0	3.0	5.126248250866081
5.0	2.0	74.0	5.0	3.0	-0.18392636838873244
5.0	2.0	75.0	5.0	1.0	9.89973104551612
5.0	2.0	76.0	3.0	0.0	1.0
5.0	2.0	77.0	5.0	1.0	-1.4433618038998857
5.0	2.0	78.0	5.0	1.0	0.3544411137401046
5.0	2.0	79.0	11.0	2.0	-5.979632441107663
5.0	2.0	79.0	11.0	2.0	81.47857311824919
5.0	2.0	80.0	7.0	1.0	16.647088730065235
5.0	2.0	81.0	3.0	1.0	0.2644357039598383
5.0	2.0	82.0	7.0	2.0	5.946932014978679
5.0	2.0	82.0	7.0	2.0	-8.354069929676498
5.0	2.0	83.0	3.0	0.0	1.0
5.0	2.0	84.0	7.0	1.0	2086.7698770037096
5.0	2.0	85.0	9.0	2.0	8905.807792165024
5.0	2.0	85.0	9.0	2.0	24.194703411768472
5.0	2.0	86.0	7.0	2.0	6.319943688277776
5.0	2.0	86.0	7.0	2.0	12.095531763554856
5.0	2.0	87.0	1.0	1.0	2.3651663413025004
5.0	2.0	88.0	1.0	0.0	1.0
5.0	2.0	89.0	5.0	2.0	9.807561198844118
5.0	2.0	89.0	5.0	2.0	2.1467083390491384
5.0	2.0	90.0	5.0	2.0	-1.7221517454713595
5.0	2.0	90.0	5.0	2.0	1.9567897536365502
5.0	2.0	91.0	7.0	2.0	-13.875047949612778
5.0	2.0	91.0	7.0	2.0	6.213957859104569
5.0	2.0	92.0	5.0	0.0	1.0
5.0	2.0	93.0	3.0	1.0	3.1505248985139165
5.0	2.0	94.0	3.0	0.0	1.0
5.0	2.0	95.0	9.0	2.0	6.34414882186349
5.0	2.0	95.0	9.0	2.0	0.6488053422128561
5.0	2.0	96.0	1.0	1.0	9.5487859087155
5.0	2.0	97.0	5.0	1.0	350.669777372305
5.0	2.0	98.0	9.0	0.0	1.0
5.0	2.0	99.0	1.0	0.0	1.0
5.0	2.0	100.0	5.0	2.0	7.276259072533142
5.0	2.0	100.0	5.0	2.0	-0.7711096496343417
5.0	3.0	1.0	9.0	3.0	19.560976262625758
5.0	3.0	1.0	9.0	3.0	25.405983310673022
5.0	3.0	1.0	9.0	3.0	9.944695974276835
5.0	3.0	2.0	15.0	2.0	4.024891085604968
5.0	3.0	2.0	15.0	2.0	5491.113469530535
5.0	3.0	3.0	9.0	3.0	-0.18929736179672063
5.0	3.0	3.0	9.0	3.0	3.6866977836019585
5.0	3.0	3.0	9.0	3.0	51.05816286601869
5.0	3.0	4.0	13.0	2.0	-28.66369834920026
5.0	3.0	4.0	13.0	2.0	39.959171417331895
5.0	3.0	5.0	13.0	1.0	-71.00298745862935
5.0	3.0	6.0	15.0	3.0	4.890609547781181
5.0	3.0	6.0	15.0	3.0	14.352366717875196
5.0	3.0	6.0	15.0	3.0	24384.77870419718
5.0	3.0	7.0	9.0	2.0	22.251938023578543
5.0	3.0	7.0	9.0	2.0	2.4526440147359048
5.0	3.0	8.0	9.0	0.0	1.0
5.0	3.0	9.0	13.0	2.0	19.193535987476462
5.0	3.0	9.0	13.0	2.0	323.5416377740893
5.0	3.0	10.0	11.0	0.0	1.0
5.0	3.0	11.0	13.0	0.0	1.0
5.0	3.0	12.0	7.0	2.0	17.336760324769457
5.0	3.0	12.0	7.0	2.0	134.4928211946847
5.0	3.0	13.0	15.0	2.0	8.005793796879999
5.0	3.0	13.0	15.0	2.0	2.498278450661557
5.0	3.0	14.0	9.0	3.0	7.230344025935541
5.0	3.0	14.0	9.0	3.0	11.806498882741355
5.0	3.0	14.0	9.0	3.0	17.886780986015538
5.0	3.0	15.0	9.0	1.0	1558.9629476479422
5.0	3.0	16.0	9.0	3.0	-6.030740204173842
5.0	3.0	16.0	9.0	3.0	2.490866656209574
5.0	3.0	16.0	9.0	3.0	-2.8662717585272848
5.0	3.0	17.0	7.0	0.0	1.0
5.0	3.0	18.0	17.0	1.0	23.347213213000188
5.0	3.0	19.0	7.0	1.0	-2379.1688913897183
5.0	3.0	20.0	13.0	2.0	1412.8366122869459
5.0	3.0	20.0	13.0	2.0	-9.462038868279679
5.0	3.0	21.0	11.0	2.0	18.408954594267133
5.0	3.0	21.0	11.0	2.0	-78.98143956143245
5.0	3.0	22.0	5.0	1.0	13.992062429283099
5.0	3.0	23.0	11.0	0.0	1.0
5.0	3.0	24.0	13.0	0.0	1.0
5.0	3.0	25.0	9.0	0.0	1.0
5.0	3.0	26.0	5.0	1.0	748.7593001388626
5.0	3.0	27.0	15.0	1.0	7.868846007422758
5.0	3.0	28.0	7.0	3.0	3.320879843481528
5.0	3.0	28.0	7.0	3.0	-7.7504186572497025
5.0	3.0	28.0	7.0	3.0	12586.799656386653
5.0	3.0	29.0	7.0	1.0	1.0078033452890579e7
5.0	3.0	30.0	15.0	2.0	5773.310357285369
5.0	3.0	30.0	15.0	2.0	74.90407763835266
5.0	3.0	31.0	13.0	2.0	3.7230251882350993
5.0	3.0	31.0	13.0	2.0	156.9165786400136
5.0	3.0	32.0	15.0	2.0	70.88752835326379
5.0	3.0	32.0	15.0	2.0	102640.25940071358
5.0	3.0	33.0	19.0	1.0	64.8894501647517
5.0	3.0	34.0	7.0	1.0	-7.981889521865048
5.0	3.0	35.0	13.0	2.0	745.1145396315679
5.0	3.0	35.0	13.0	2.0	8.295511131540188
5.0	3.0	36.0	13.0	1.0	3.883514223675259
5.0	3.0	37.0	5.0	0.0	1.0
5.0	3.0	38.0	7.0	2.0	5.096370247981007
5.0	3.0	38.0	7.0	2.0	14.34934526457467
5.0	3.0	39.0	11.0	1.0	1.6888661870778643
5.0	3.0	40.0	13.0	1.0	3.704886281455229
5.0	3.0	41.0	11.0	0.0	1.0
5.0	3.0	42.0	13.0	1.0	10.383175318496733
5.0	3.0	43.0	15.0	3.0	31.057124350713188
5.0	3.0	43.0	15.0	3.0	-11.7526088096784
5.0	3.0	43.0	15.0	3.0	168.8716552452624
5.0	3.0	44.0	17.0	1.0	32.54113201206985
5.0	3.0	45.0	13.0	1.0	8117.018016852912
5.0	3.0	46.0	9.0	0.0	1.0
5.0	3.0	47.0	15.0	1.0	-1.5471446262753248
5.0	3.0	48.0	7.0	0.0	1.0
5.0	3.0	49.0	7.0	0.0	1.0
5.0	3.0	50.0	11.0	1.0	-4.754506094696631
5.0	3.0	51.0	7.0	0.0	1.0
5.0	3.0	52.0	17.0	0.0	1.0
5.0	3.0	53.0	3.0	0.0	1.0
5.0	3.0	54.0	13.0	2.0	71.2504753562024
5.0	3.0	54.0	13.0	2.0	79.49090322783093
5.0	3.0	55.0	17.0	1.0	8.381304247575915
5.0	3.0	56.0	21.0	4.0	9.911248809438014
5.0	3.0	56.0	21.0	4.0	-69.98837044554764
5.0	3.0	56.0	21.0	4.0	1.7405922375259077
5.0	3.0	56.0	21.0	4.0	-1.4145747193322122
5.0	3.0	57.0	7.0	2.0	42.186506152915044
5.0	3.0	57.0	7.0	2.0	11.258141550350297
5.0	3.0	58.0	9.0	3.0	15.08359167262994
5.0	3.0	58.0	9.0	3.0	11.538773255737839
5.0	3.0	58.0	9.0	3.0	87228.63688335652
5.0	3.0	59.0	11.0	1.0	40.77234102151037
5.0	3.0	60.0	7.0	1.0	45.41001728691562
5.0	3.0	61.0	11.0	2.0	7.801252202013653
5.0	3.0	61.0	11.0	2.0	366.4204732430666
5.0	3.0	62.0	3.0	0.0	1.0
5.0	3.0	63.0	9.0	1.0	7.9320595480336795
5.0	3.0	64.0	7.0	0.0	1.0
5.0	3.0	65.0	15.0	3.0	1.5199030370712984e7
5.0	3.0	65.0	15.0	3.0	8.95096823394226
5.0	3.0	65.0	15.0	3.0	15.400263242905858
5.0	3.0	66.0	13.0	4.0	17.69199284943926
5.0	3.0	66.0	13.0	4.0	-11.6485823888847
5.0	3.0	66.0	13.0	4.0	66.05806498122695
5.0	3.0	66.0	13.0	4.0	1.8753759504975425
5.0	3.0	67.0	5.0	2.0	-1.6158354044694179
5.0	3.0	67.0	5.0	2.0	9196.369008492278
5.0	3.0	68.0	11.0	1.0	-5287.738955746745
5.0	3.0	69.0	9.0	2.0	13.793699592982794
5.0	3.0	69.0	9.0	2.0	359976.2187994473
5.0	3.0	70.0	17.0	2.0	52.616027441029075
5.0	3.0	70.0	17.0	2.0	13.445847791376977
5.0	3.0	71.0	13.0	0.0	1.0
5.0	3.0	72.0	11.0	2.0	2.2648966798981833
5.0	3.0	72.0	11.0	2.0	3.20735722511448
5.0	3.0	73.0	11.0	2.0	1.3241280806021911
5.0	3.0	73.0	11.0	2.0	17788.278443164127
5.0	3.0	74.0	7.0	4.0	292411.60194392106
5.0	3.0	74.0	7.0	4.0	9.037666074341713
5.0	3.0	74.0	7.0	4.0	1.6111710829745736
5.0	3.0	74.0	7.0	4.0	23.67920389642982
5.0	3.0	75.0	7.0	1.0	0.6602063609488317
5.0	3.0	76.0	7.0	0.0	1.0
5.0	3.0	77.0	7.0	1.0	2.846343394384742
5.0	3.0	78.0	13.0	3.0	6.877566733637435
5.0	3.0	78.0	13.0	3.0	-1.9544055056895325e6
5.0	3.0	78.0	13.0	3.0	846831.265711017
5.0	3.0	79.0	17.0	3.0	72336.31912287977
5.0	3.0	79.0	17.0	3.0	12.940658728017377
5.0	3.0	79.0	17.0	3.0	10.297656237741997
5.0	3.0	80.0	11.0	3.0	14229.85287297121
5.0	3.0	80.0	11.0	3.0	8.273525210989071
5.0	3.0	80.0	11.0	3.0	-9.682336711894063
5.0	3.0	81.0	11.0	2.0	14.118334721911783
5.0	3.0	81.0	11.0	2.0	317.5949287980584
5.0	3.0	82.0	5.0	1.0	6.587625698208634
5.0	3.0	83.0	11.0	1.0	17.71861051145096
5.0	3.0	84.0	7.0	0.0	1.0
5.0	3.0	85.0	15.0	2.0	-7.438536376211367
5.0	3.0	85.0	15.0	2.0	13.555759473017776
5.0	3.0	86.0	11.0	3.0	11922.035540689578
5.0	3.0	86.0	11.0	3.0	6.205293563219438
5.0	3.0	86.0	11.0	3.0	22.81133095133628
5.0	3.0	87.0	9.0	1.0	41.81958071722745
5.0	3.0	88.0	9.0	1.0	3.2066198739178276e9
5.0	3.0	89.0	19.0	5.0	59.14541320881993
5.0	3.0	89.0	19.0	5.0	5706.487177085173
5.0	3.0	89.0	19.0	5.0	-2200.13643772823
5.0	3.0	89.0	19.0	5.0	6.657948281437635
5.0	3.0	89.0	19.0	5.0	305692.9351856859
5.0	3.0	90.0	11.0	4.0	19.575668906538844
5.0	3.0	90.0	11.0	4.0	4838.325798776224
5.0	3.0	90.0	11.0	4.0	51.97474591182873
5.0	3.0	90.0	11.0	4.0	29.767819901525435
5.0	3.0	91.0	7.0	0.0	1.0
5.0	3.0	92.0	9.0	2.0	78.61954491074418
5.0	3.0	92.0	9.0	2.0	65.41698646051728
5.0	3.0	93.0	5.0	0.0	1.0
5.0	3.0	94.0	11.0	1.0	170.5941267091891
5.0	3.0	95.0	11.0	0.0	1.0
5.0	3.0	96.0	7.0	1.0	177.24405978744625
5.0	3.0	97.0	13.0	1.0	6.413660396803409
5.0	3.0	98.0	9.0	3.0	91754.32051691339
5.0	3.0	98.0	9.0	3.0	482.8693008034913
5.0	3.0	98.0	9.0	3.0	62.48244854783461
5.0	3.0	99.0	7.0	1.0	67.66737199924276
5.0	3.0	100.0	11.0	1.0	0.5515093795841933
5.0	4.0	1.0	27.0	0.0	1.0
5.0	4.0	2.0	27.0	3.0	720.6245763565043
5.0	4.0	2.0	27.0	3.0	652.7161468811521
5.0	4.0	2.0	27.0	3.0	37.50393970569233
5.0	4.0	3.0	23.0	0.0	1.0
5.0	4.0	4.0	41.0	1.0	8.735847765767575
5.0	4.0	5.0	31.0	0.0	1.0
5.0	4.0	6.0	25.0	2.0	2.6276058123473023
5.0	4.0	6.0	25.0	2.0	4.857132398581513
5.0	4.0	7.0	31.0	1.0	8.48807209620222
5.0	4.0	8.0	27.0	4.0	17.896849267415945
5.0	4.0	8.0	27.0	4.0	876.584149921271
5.0	4.0	8.0	27.0	4.0	9.047312783592002
5.0	4.0	8.0	27.0	4.0	16.834332341023412
5.0	4.0	9.0	23.0	4.0	107.69192020294591
5.0	4.0	9.0	23.0	4.0	15.591265749031049
5.0	4.0	9.0	23.0	4.0	10.30878534345856
5.0	4.0	9.0	23.0	4.0	20.943371450421363
5.0	4.0	10.0	25.0	0.0	1.0
5.0	4.0	11.0	15.0	0.0	1.0
5.0	4.0	12.0	21.0	0.0	1.0
5.0	4.0	13.0	25.0	2.0	318.72268007168884
5.0	4.0	13.0	25.0	2.0	21.65126980875481
5.0	4.0	14.0	25.0	0.0	1.0
5.0	4.0	15.0	31.0	4.0	23.87735780293883
5.0	4.0	15.0	31.0	4.0	32.04427551236674
5.0	4.0	15.0	31.0	4.0	8.759876868328055
5.0	4.0	15.0	31.0	4.0	18.638334969757842
5.0	4.0	16.0	21.0	2.0	-384.08379335975366
5.0	4.0	16.0	21.0	2.0	3286.76556909034
5.0	4.0	17.0	31.0	2.0	2.053111673177641
5.0	4.0	17.0	31.0	2.0	32490.759683987122
5.0	4.0	18.0	19.0	1.0	70642.21133796536
5.0	4.0	19.0	27.0	1.0	214.0046164737171
5.0	4.0	20.0	37.0	6.0	11.772277232553847
5.0	4.0	20.0	37.0	6.0	3352.4719638097536
5.0	4.0	20.0	37.0	6.0	370.2747622307595
5.0	4.0	20.0	37.0	6.0	1557.7972991237107
5.0	4.0	20.0	37.0	6.0	506.21260600523584
5.0	4.0	20.0	37.0	6.0	9818.58953151125
5.0	4.0	21.0	19.0	1.0	6282.195183220107
5.0	4.0	22.0	29.0	0.0	1.0
5.0	4.0	23.0	35.0	2.0	83.1958786129901
5.0	4.0	23.0	35.0	2.0	287392.018912
5.0	4.0	24.0	27.0	3.0	140.1238753171043
5.0	4.0	24.0	27.0	3.0	14.924422308717656
5.0	4.0	24.0	27.0	3.0	5.5843602736563165
5.0	4.0	25.0	35.0	2.0	5.4509686540353615
5.0	4.0	25.0	35.0	2.0	47.160937660066296
5.0	4.0	26.0	45.0	3.0	847.7554065599311
5.0	4.0	26.0	45.0	3.0	985.7503678865037
5.0	4.0	26.0	45.0	3.0	30.368646320213806
5.0	4.0	27.0	33.0	0.0	1.0
5.0	4.0	28.0	35.0	2.0	820.8110487203655
5.0	4.0	28.0	35.0	2.0	6.535039071694676
5.0	4.0	29.0	33.0	1.0	10.464588346266074
5.0	4.0	30.0	23.0	0.0	1.0
5.0	4.0	31.0	27.0	2.0	18.444781785820275
5.0	4.0	31.0	27.0	2.0	18.613190455505105
5.0	4.0	32.0	31.0	0.0	1.0
5.0	4.0	33.0	23.0	1.0	9.901252021472967
5.0	4.0	34.0	29.0	2.0	4.327163921689442e9
5.0	4.0	34.0	29.0	2.0	39.91254893052157
5.0	4.0	35.0	29.0	4.0	4678.524785547059
5.0	4.0	35.0	29.0	4.0	11415.18788987523
5.0	4.0	35.0	29.0	4.0	391096.8767435752
5.0	4.0	35.0	29.0	4.0	109.30029389127557
5.0	4.0	36.0	37.0	0.0	1.0
5.0	4.0	37.0	21.0	0.0	1.0
5.0	4.0	38.0	37.0	0.0	1.0
5.0	4.0	39.0	37.0	1.0	3.5330224114072635e6
5.0	4.0	40.0	23.0	2.0	7.73898915672267
5.0	4.0	40.0	23.0	2.0	86.65800291370107
5.0	4.0	41.0	29.0	1.0	6.631369854568469
5.0	4.0	42.0	15.0	2.0	61.64220789538417
5.0	4.0	42.0	15.0	2.0	51.534188985979526
5.0	4.0	43.0	19.0	1.0	13.862114472396781
5.0	4.0	44.0	41.0	1.0	-45.44617960062736
5.0	4.0	45.0	17.0	2.0	181.53594590889088
5.0	4.0	45.0	17.0	2.0	125.53274196743146
5.0	4.0	46.0	33.0	1.0	5.954579989305782
5.0	4.0	47.0	31.0	3.0	10.97560763480801
5.0	4.0	47.0	31.0	3.0	6.38918651444664
5.0	4.0	47.0	31.0	3.0	42.516264093496204
5.0	4.0	48.0	27.0	0.0	1.0
5.0	4.0	49.0	37.0	2.0	-1625.086974529039
5.0	4.0	49.0	37.0	2.0	14.718030230137147
5.0	4.0	50.0	19.0	2.0	718697.4294566333
5.0	4.0	50.0	19.0	2.0	25.77230912948756
5.0	4.0	51.0	31.0	0.0	1.0
5.0	4.0	52.0	25.0	1.0	1651.465327093654
5.0	4.0	53.0	17.0	2.0	3021.769446884295
5.0	4.0	53.0	17.0	2.0	6.257482430695674
5.0	4.0	54.0	25.0	0.0	1.0
5.0	4.0	55.0	23.0	2.0	22.45295245848307
5.0	4.0	55.0	23.0	2.0	53.90323186450226
5.0	4.0	56.0	23.0	1.0	1917.9034911983224
5.0	4.0	57.0	27.0	0.0	1.0
5.0	4.0	58.0	31.0	1.0	68.03166906293497
5.0	4.0	59.0	27.0	0.0	1.0
5.0	4.0	60.0	29.0	4.0	7.784916084491639
5.0	4.0	60.0	29.0	4.0	11.066309300441826
5.0	4.0	60.0	29.0	4.0	26.491207297833668
5.0	4.0	60.0	29.0	4.0	7.541714329485755
5.0	4.0	61.0	23.0	2.0	18.75928262251704
5.0	4.0	61.0	23.0	2.0	971.1612897195117
5.0	4.0	62.0	31.0	4.0	5.93007637507116
5.0	4.0	62.0	31.0	4.0	6.261578978647658
5.0	4.0	62.0	31.0	4.0	131.35011357043703
5.0	4.0	62.0	31.0	4.0	35.60088670772488
5.0	4.0	63.0	29.0	2.0	20.45832429437418
5.0	4.0	63.0	29.0	2.0	5.933163002444818
5.0	4.0	64.0	31.0	1.0	2215.7623249557573
5.0	4.0	65.0	23.0	0.0	1.0
5.0	4.0	66.0	27.0	3.0	790.9474226007162
5.0	4.0	66.0	27.0	3.0	9.156385058913006
5.0	4.0	66.0	27.0	3.0	63.78496405954886
5.0	4.0	67.0	29.0	0.0	1.0
5.0	4.0	68.0	35.0	2.0	281.3147256017286
5.0	4.0	68.0	35.0	2.0	25.405362548053226
5.0	4.0	69.0	27.0	2.0	12.225817436982814
5.0	4.0	69.0	27.0	2.0	8.883994974491689
5.0	4.0	70.0	37.0	2.0	8.553153648058675
5.0	4.0	70.0	37.0	2.0	17.136431064843837
5.0	4.0	71.0	35.0	2.0	46.15986578938646
5.0	4.0	71.0	35.0	2.0	3.4305496835665537
5.0	4.0	72.0	19.0	1.0	8.393861554168929
5.0	4.0	73.0	33.0	2.0	21.361862195471137
5.0	4.0	73.0	33.0	2.0	1.8958868840772582e6
5.0	4.0	74.0	29.0	1.0	194.69394682977554
5.0	4.0	75.0	31.0	3.0	4.644442948370727
5.0	4.0	75.0	31.0	3.0	6.5032987015380135
5.0	4.0	75.0	31.0	3.0	134.5693542746126
5.0	4.0	76.0	25.0	1.0	50.40350726012076
5.0	4.0	77.0	27.0	2.0	146.03452302652948
5.0	4.0	77.0	27.0	2.0	17.726510366764213
5.0	4.0	78.0	25.0	0.0	1.0
5.0	4.0	79.0	29.0	2.0	2896.9386753429626
5.0	4.0	79.0	29.0	2.0	114.47279431617716
5.0	4.0	80.0	19.0	2.0	109.96282393327058
5.0	4.0	80.0	19.0	2.0	24.737064699073528
5.0	4.0	81.0	27.0	3.0	126.84477708218138
5.0	4.0	81.0	27.0	3.0	2.0394809321328786
5.0	4.0	81.0	27.0	3.0	821.168195436854
5.0	4.0	82.0	45.0	0.0	1.0
5.0	4.0	83.0	29.0	0.0	1.0
5.0	4.0	84.0	45.0	3.0	25.482490765509922
5.0	4.0	84.0	45.0	3.0	84.31524426707949
5.0	4.0	84.0	45.0	3.0	4.804557503822535
5.0	4.0	85.0	35.0	3.0	36.86416062207199
5.0	4.0	85.0	35.0	3.0	4.82974330085476
5.0	4.0	85.0	35.0	3.0	1913.1088401591505
5.0	4.0	86.0	21.0	4.0	3.8500803912461743
5.0	4.0	86.0	21.0	4.0	49.83542103400944
5.0	4.0	86.0	21.0	4.0	4.030214195052982
5.0	4.0	86.0	21.0	4.0	3414.0603108258233
5.0	4.0	87.0	19.0	5.0	6.00108141412569
5.0	4.0	87.0	19.0	5.0	2712.2429824646065
5.0	4.0	87.0	19.0	5.0	4.757412792504944
5.0	4.0	87.0	19.0	5.0	4.552979589652916
5.0	4.0	87.0	19.0	5.0	32.11015059765744
5.0	4.0	88.0	33.0	1.0	24.93312496715125
5.0	4.0	89.0	33.0	8.0	4.456093113195867
5.0	4.0	89.0	33.0	8.0	8.997844475029869
5.0	4.0	89.0	33.0	8.0	12.21919574959823
5.0	4.0	89.0	33.0	8.0	844.1360572124672
5.0	4.0	89.0	33.0	8.0	14.519082414686462
5.0	4.0	89.0	33.0	8.0	7.157593350751518
5.0	4.0	89.0	33.0	8.0	7.943157958359265
5.0	4.0	89.0	33.0	8.0	5103.470758190125
5.0	4.0	90.0	35.0	3.0	53.182526322025794
5.0	4.0	90.0	35.0	3.0	1.05141531706705e6
5.0	4.0	90.0	35.0	3.0	18.256523833284774
5.0	4.0	91.0	23.0	2.0	0.16017257221827413
5.0	4.0	91.0	23.0	2.0	12.842240462251024
5.0	4.0	92.0	29.0	1.0	8.5421418998077
5.0	4.0	93.0	17.0	1.0	76.319558460145
5.0	4.0	94.0	25.0	3.0	13.145472235052587
5.0	4.0	94.0	25.0	3.0	254.93593029184245
5.0	4.0	94.0	25.0	3.0	4148.548628860924
5.0	4.0	95.0	33.0	1.0	30.45602930746514
5.0	4.0	96.0	39.0	0.0	1.0
5.0	4.0	97.0	19.0	0.0	1.0
5.0	4.0	98.0	25.0	1.0	78.78351983217779
5.0	4.0	99.0	15.0	3.0	14.490656731921082
5.0	4.0	99.0	15.0	3.0	3.973403359660861
5.0	4.0	99.0	15.0	3.0	11.628713871208888
5.0	4.0	100.0	35.0	5.0	20.240286507711446
5.0	4.0	100.0	35.0	5.0	44.71411842761795
5.0	4.0	100.0	35.0	5.0	727.7189278905455
5.0	4.0	100.0	35.0	5.0	3.947848500494242e7
5.0	4.0	100.0	35.0	5.0	75.82350663975845
5.0	5.0	1.0	59.0	1.0	1691.8415371991791
5.0	5.0	2.0	69.0	4.0	191.8128507790407
5.0	5.0	2.0	69.0	4.0	6637.909741451439
5.0	5.0	2.0	69.0	4.0	11033.355881643956
5.0	5.0	2.0	69.0	4.0	51.365043146985855
5.0	5.0	3.0	79.0	3.0	945.8346254410412
5.0	5.0	3.0	79.0	3.0	127.79793041220105
5.0	5.0	3.0	79.0	3.0	10.630263940053885
5.0	5.0	4.0	53.0	1.0	236.40395210466775
5.0	5.0	5.0	63.0	3.0	77.54739752457661
5.0	5.0	5.0	63.0	3.0	4.161409818600264
5.0	5.0	5.0	63.0	3.0	10.73962119183652
5.0	5.0	6.0	75.0	2.0	70.05860666535746
5.0	5.0	6.0	75.0	2.0	241.22778916942212
5.0	5.0	7.0	69.0	3.0	3621.757910819516
5.0	5.0	7.0	69.0	3.0	1625.0884570167473
5.0	5.0	7.0	69.0	3.0	1429.1422585495225
5.0	5.0	8.0	59.0	0.0	1.0
5.0	5.0	9.0	65.0	3.0	22.4962477664848
5.0	5.0	9.0	65.0	3.0	23.54276785494247
5.0	5.0	9.0	65.0	3.0	20.036366965703245
5.0	5.0	10.0	77.0	0.0	1.0
5.0	5.0	11.0	71.0	2.0	376.2105283778191
5.0	5.0	11.0	71.0	2.0	64.68018760899967
5.0	5.0	12.0	67.0	2.0	7028.757216926925
5.0	5.0	12.0	67.0	2.0	1546.1695417410735
5.0	5.0	13.0	67.0	1.0	262.394357992531
5.0	5.0	14.0	73.0	1.0	326.04828580413636
5.0	5.0	15.0	57.0	1.0	72.63160133920053
5.0	5.0	16.0	65.0	4.0	9.14806828462585
5.0	5.0	16.0	65.0	4.0	27.943675751040463
5.0	5.0	16.0	65.0	4.0	50.2429438246738
5.0	5.0	16.0	65.0	4.0	219.16151137181237
5.0	5.0	17.0	53.0	0.0	1.0
5.0	5.0	18.0	65.0	2.0	691847.0403658159
5.0	5.0	18.0	65.0	2.0	28.906257745974205
5.0	5.0	19.0	73.0	1.0	540.031716479004
5.0	5.0	20.0	61.0	2.0	419.96092471420934
5.0	5.0	20.0	61.0	2.0	8127.884541288258
5.0	5.0	21.0	57.0	3.0	56.75268557626153
5.0	5.0	21.0	57.0	3.0	-298.3042257320254
5.0	5.0	21.0	57.0	3.0	95.52639323358903
5.0	5.0	22.0	79.0	0.0	1.0
5.0	5.0	23.0	79.0	6.0	33.00121463182222
5.0	5.0	23.0	79.0	6.0	35594.933633246284
5.0	5.0	23.0	79.0	6.0	43736.46967506356
5.0	5.0	23.0	79.0	6.0	58.55091895586736
5.0	5.0	23.0	79.0	6.0	1433.2015032024362
5.0	5.0	23.0	79.0	6.0	14.76675289516489
5.0	5.0	24.0	67.0	4.0	9.376058743080844
5.0	5.0	24.0	67.0	4.0	20.121647251262168
5.0	5.0	24.0	67.0	4.0	8.615377195747723
5.0	5.0	24.0	67.0	4.0	12.363164754847206
5.0	5.0	25.0	81.0	0.0	1.0
5.0	5.0	26.0	49.0	1.0	15.909576124593228
5.0	5.0	27.0	57.0	2.0	5.898870717043252e6
5.0	5.0	27.0	57.0	2.0	2.4083538862887623
5.0	5.0	28.0	61.0	0.0	1.0
5.0	5.0	29.0	53.0	2.0	71.56660126648788
5.0	5.0	29.0	53.0	2.0	122.9573419245971
5.0	5.0	30.0	89.0	5.0	183.65534834973084
5.0	5.0	30.0	89.0	5.0	16.759905017956886
5.0	5.0	30.0	89.0	5.0	15.586212330379526
5.0	5.0	30.0	89.0	5.0	455.51298341345307
5.0	5.0	30.0	89.0	5.0	1114.5703926667422
5.0	5.0	31.0	43.0	0.0	1.0
5.0	5.0	32.0	69.0	0.0	1.0
5.0	5.0	33.0	63.0	1.0	448.1706882406929
5.0	5.0	34.0	59.0	4.0	16.73301572174677
5.0	5.0	34.0	59.0	4.0	6407.08784065358
5.0	5.0	34.0	59.0	4.0	42.242384472313596
5.0	5.0	34.0	59.0	4.0	26.305708928944952
5.0	5.0	35.0	53.0	3.0	5.096257946564771
5.0	5.0	35.0	53.0	3.0	127.65808194529004
5.0	5.0	35.0	53.0	3.0	199683.92599267844
5.0	5.0	36.0	69.0	3.0	60.706457761233956
5.0	5.0	36.0	69.0	3.0	23.263407176041568
5.0	5.0	36.0	69.0	3.0	25.075988129444674
5.0	5.0	37.0	67.0	2.0	96082.16779010926
5.0	5.0	37.0	67.0	2.0	25.44834772478753
5.0	5.0	38.0	49.0	1.0	15569.465415756107
5.0	5.0	39.0	61.0	1.0	4.327421497877755e6
5.0	5.0	40.0	61.0	1.0	31.92085549560536
5.0	5.0	41.0	77.0	3.0	26.2240598808529
5.0	5.0	41.0	77.0	3.0	28.132043005284412
5.0	5.0	41.0	77.0	3.0	61.77165322393588
5.0	5.0	42.0	81.0	3.0	662.8770912033237
5.0	5.0	42.0	81.0	3.0	20748.23015436528
5.0	5.0	42.0	81.0	3.0	847.7401370960573
5.0	5.0	43.0	57.0	0.0	1.0
5.0	5.0	44.0	83.0	1.0	127199.16745619298
5.0	5.0	45.0	65.0	1.0	57.38737349224411
5.0	5.0	46.0	61.0	4.0	1254.1048020427243
5.0	5.0	46.0	61.0	4.0	1208.5483625129807
5.0	5.0	46.0	61.0	4.0	90.02471131199792
5.0	5.0	46.0	61.0	4.0	46.7681684968199
5.0	5.0	47.0	61.0	0.0	1.0
5.0	5.0	48.0	73.0	4.0	33.957790077142946
5.0	5.0	48.0	73.0	4.0	42.19766515225801
5.0	5.0	48.0	73.0	4.0	221.22062232065156
5.0	5.0	48.0	73.0	4.0	11.34114760893333
5.0	5.0	49.0	69.0	3.0	23.906426879851416
5.0	5.0	49.0	69.0	3.0	97.1950648706011
5.0	5.0	49.0	69.0	3.0	101.00998078220621
5.0	5.0	50.0	65.0	3.0	68.98388345861143
5.0	5.0	50.0	65.0	3.0	42.10660182262896
5.0	5.0	50.0	65.0	3.0	13.800501708638604
5.0	5.0	51.0	67.0	4.0	215.37152355431735
5.0	5.0	51.0	67.0	4.0	93.2151355981788
5.0	5.0	51.0	67.0	4.0	41.72052420534741
5.0	5.0	51.0	67.0	4.0	2499.691204322734
5.0	5.0	52.0	79.0	4.0	17.808730604598015
5.0	5.0	52.0	79.0	4.0	282.80943919468484
5.0	5.0	52.0	79.0	4.0	37.7967257320288
5.0	5.0	52.0	79.0	4.0	26.635294554375854
5.0	5.0	53.0	83.0	2.0	37.525252372374425
5.0	5.0	53.0	83.0	2.0	10.135658463267426
5.0	5.0	54.0	93.0	1.0	48.227474888165226
5.0	5.0	55.0	57.0	2.0	126514.69880338504
5.0	5.0	55.0	57.0	2.0	162670.9951421154
5.0	5.0	56.0	71.0	1.0	188.46921746638057
5.0	5.0	57.0	65.0	1.0	85.9087977605709
5.0	5.0	58.0	49.0	1.0	40.780104989668864
5.0	5.0	59.0	45.0	2.0	572.6975702587674
5.0	5.0	59.0	45.0	2.0	43.02245234927578
5.0	5.0	60.0	59.0	4.0	33.57777050622565
5.0	5.0	60.0	59.0	4.0	410.9198379139162
5.0	5.0	60.0	59.0	4.0	1596.0065533252364
5.0	5.0	60.0	59.0	4.0	77.11091563200925
5.0	5.0	61.0	67.0	6.0	16.782116755487323
5.0	5.0	61.0	67.0	6.0	7.823753531213173
5.0	5.0	61.0	67.0	6.0	9.36653882053753
5.0	5.0	61.0	67.0	6.0	39.19577160917296
5.0	5.0	61.0	67.0	6.0	8.994626754894814e9
5.0	5.0	61.0	67.0	6.0	44.67207525980147
5.0	5.0	62.0	63.0	0.0	1.0
5.0	5.0	63.0	65.0	3.0	15031.147995149087
5.0	5.0	63.0	65.0	3.0	90.21232099977972
5.0	5.0	63.0	65.0	3.0	5215.780766424288
5.0	5.0	64.0	99.0	3.0	20.97577770297974
5.0	5.0	64.0	99.0	3.0	111541.08972812053
5.0	5.0	64.0	99.0	3.0	9.874611289867686e7
5.0	5.0	65.0	77.0	1.0	115.56194946646957
5.0	5.0	66.0	49.0	1.0	641.0535541385868
5.0	5.0	67.0	73.0	0.0	1.0
5.0	5.0	68.0	79.0	9.0	1016.2150897914994
5.0	5.0	68.0	79.0	9.0	15.7186370415149
5.0	5.0	68.0	79.0	9.0	19.97706047023767
5.0	5.0	68.0	79.0	9.0	285.0491972440093
5.0	5.0	68.0	79.0	9.0	14.219148413871906
5.0	5.0	68.0	79.0	9.0	6461.743819473419
5.0	5.0	68.0	79.0	9.0	31.87477124552287
5.0	5.0	68.0	79.0	9.0	4560.516774231712
5.0	5.0	68.0	79.0	9.0	13.024858015184272
5.0	5.0	69.0	69.0	8.0	12.701937349092418
5.0	5.0	69.0	69.0	8.0	137.64996703677338
5.0	5.0	69.0	69.0	8.0	62.78050734046986
5.0	5.0	69.0	69.0	8.0	12044.570806625536
5.0	5.0	69.0	69.0	8.0	9.49725735855139
5.0	5.0	69.0	69.0	8.0	161.7350533939983
5.0	5.0	69.0	69.0	8.0	3338.9440252091304
5.0	5.0	69.0	69.0	8.0	18.845481476774207
5.0	5.0	70.0	79.0	5.0	681.9920995219288
5.0	5.0	70.0	79.0	5.0	6.751093578012675
5.0	5.0	70.0	79.0	5.0	164574.20968067204
5.0	5.0	70.0	79.0	5.0	89.74441850185497
5.0	5.0	70.0	79.0	5.0	629.9088707441153
5.0	5.0	71.0	57.0	2.0	22.72047366051903
5.0	5.0	71.0	57.0	2.0	20.4961470233673
5.0	5.0	72.0	83.0	1.0	45.31506622885327
5.0	5.0	73.0	65.0	0.0	1.0
5.0	5.0	74.0	69.0	0.0	1.0
5.0	5.0	75.0	77.0	7.0	12743.54400824995
5.0	5.0	75.0	77.0	7.0	7.837550262983121
5.0	5.0	75.0	77.0	7.0	10.860724156163934
5.0	5.0	75.0	77.0	7.0	59.69659428887984
5.0	5.0	75.0	77.0	7.0	128.86990056101823
5.0	5.0	75.0	77.0	7.0	446.070722973413
5.0	5.0	75.0	77.0	7.0	23.637867414668683
5.0	5.0	76.0	55.0	0.0	1.0
5.0	5.0	77.0	75.0	0.0	1.0
5.0	5.0	78.0	63.0	1.0	369.6980133610259
5.0	5.0	79.0	65.0	3.0	159.37567854788614
5.0	5.0	79.0	65.0	3.0	12.916928688120683
5.0	5.0	79.0	65.0	3.0	532276.6239493848
5.0	5.0	80.0	59.0	1.0	15.347612167928856
5.0	5.0	81.0	73.0	2.0	16.218514210906847
5.0	5.0	81.0	73.0	2.0	4.639573124126199e7
5.0	5.0	82.0	73.0	4.0	30.737179004568553
5.0	5.0	82.0	73.0	4.0	3491.809478750629
5.0	5.0	82.0	73.0	4.0	15591.694197616722
5.0	5.0	82.0	73.0	4.0	94.9144242449751
5.0	5.0	83.0	65.0	7.0	55.17358881641804
5.0	5.0	83.0	65.0	7.0	2.5684331791229056
5.0	5.0	83.0	65.0	7.0	65.83849639464711
5.0	5.0	83.0	65.0	7.0	983.9974980276438
5.0	5.0	83.0	65.0	7.0	80.54669830439508
5.0	5.0	83.0	65.0	7.0	3204.93903956237
5.0	5.0	83.0	65.0	7.0	7.902591218516507
5.0	5.0	84.0	83.0	1.0	41.478575228085234
5.0	5.0	85.0	79.0	3.0	163.6748177496067
5.0	5.0	85.0	79.0	3.0	219.8702317650626
5.0	5.0	85.0	79.0	3.0	86.31054989601401
5.0	5.0	86.0	85.0	4.0	74250.09424433268
5.0	5.0	86.0	85.0	4.0	11.212525486108172
5.0	5.0	86.0	85.0	4.0	39.214563205289195
5.0	5.0	86.0	85.0	4.0	177.00334023552776
5.0	5.0	87.0	67.0	1.0	31.504219541591915
5.0	5.0	88.0	61.0	7.0	29.004522004625954
5.0	5.0	88.0	61.0	7.0	13.555064127442293
5.0	5.0	88.0	61.0	7.0	19.198891928165168
5.0	5.0	88.0	61.0	7.0	793.6430939169184
5.0	5.0	88.0	61.0	7.0	7.434477096330308
5.0	5.0	88.0	61.0	7.0	9.118894249275485
5.0	5.0	88.0	61.0	7.0	9.220891967362682
5.0	5.0	89.0	65.0	6.0	426110.94163357205
5.0	5.0	89.0	65.0	6.0	83327.1426063366
5.0	5.0	89.0	65.0	6.0	223.61726406591708
5.0	5.0	89.0	65.0	6.0	844.7593358975749
5.0	5.0	89.0	65.0	6.0	24.774678007681075
5.0	5.0	89.0	65.0	6.0	204.78966577033222
5.0	5.0	90.0	79.0	2.0	12.850139262995826
5.0	5.0	90.0	79.0	2.0	15.800327753326318
5.0	5.0	91.0	73.0	2.0	204.2243254574668
5.0	5.0	91.0	73.0	2.0	177484.19835604797
5.0	5.0	92.0	83.0	2.0	4.844203628632538e10
5.0	5.0	92.0	83.0	2.0	616.6998799115254
5.0	5.0	93.0	53.0	2.0	6427.029446853579
5.0	5.0	93.0	53.0	2.0	8.528410168569574e6
5.0	5.0	94.0	57.0	3.0	78.17584951285852
5.0	5.0	94.0	57.0	3.0	5.387331294247321
5.0	5.0	94.0	57.0	3.0	15.534190886198646
5.0	5.0	95.0	79.0	3.0	44.43451664302472
5.0	5.0	95.0	79.0	3.0	17.41157033811012
5.0	5.0	95.0	79.0	3.0	28.267349231622728
5.0	5.0	96.0	71.0	1.0	305.4412077309676
5.0	5.0	97.0	79.0	4.0	116137.84867499294
5.0	5.0	97.0	79.0	4.0	11.121379146099219
5.0	5.0	97.0	79.0	4.0	12.252273703363695
5.0	5.0	97.0	79.0	4.0	22.950227832356262
5.0	5.0	98.0	65.0	0.0	1.0
5.0	5.0	99.0	61.0	2.0	18.44975993495223
5.0	5.0	99.0	61.0	2.0	446096.2454442573
5.0	5.0	100.0	79.0	1.0	4679.5792454772545
